observation_id,common_name,scientific_name,relative_path,observed_on,photo_count,latitude,longitude,user_login,inat_url,query_species,image_1,image_2
169850251,Abert's Towhee,Melozone aberti,images/Aberts_Towhee/169850251,2023-06-24 18:29:00,2,33.6722030096,-116.2557523689,dlm1965,https://www.inaturalist.org/observations/169850251,Aberts Towhee,294504440.jpg,294504418.jpg
195708204,Abert's Towhee,Melozone aberti,images/Aberts_Towhee/195708204,2024-01-02 08:49:00,2,36.1169462822,-114.8405972595,lonnyholmes,https://www.inaturalist.org/observations/195708204,Aberts Towhee,344371078.jpg,344370869.jpg
133917760,Acorn Woodpecker,Melanerpes formicivorus,images/Acorn_Woodpecker/133917760,2022-09-05 18:35:00,2,38.0411266667,-122.7995216667,mayoung01,https://www.inaturalist.org/observations/133917760,Acorn Woodpecker,228181256.jpg,228181228.jpg
41544323,Allen's Hummingbird,Selasphorus sasin,images/Allens_Hummingbird/41544323,2020-02-20 15:37:00,10,37.7690392879,-122.4748120318,abersbird,https://www.inaturalist.org/observations/41544323,Allens Hummingbird,65913234.jpg,65913243.jpg
98251103,Allen's Hummingbird,Selasphorus sasin,images/Allens_Hummingbird/98251103,2021-10-11 03:43:00,14,34.0194543,-118.4911912,stella_rr,https://www.inaturalist.org/observations/98251103,Allens Hummingbird,163542197.jpg,163542139.jpg
119645378,American Avocet,Recurvirostra americana,images/American_Avocet/119645378,2022-05-31 16:45:00,6,43.3028201405,-79.842126949,jemredwood,https://www.inaturalist.org/observations/119645378,American Avocet,202279866.jpg,202280593.jpg
304599710,American Barn Owl,Tyto furcata,images/American_Barn_Owl/304599710,2025-07-31 10:19 PM,2,37.3799998867,-121.9451974064,usernameforinaturalist,https://www.inaturalist.org/observations/304599710,American Barn Owl,photo_2.jpg,photo_1.jpg
47923115,American Barn Owl,Tyto furcata,images/American_Barn_Owl/47923115,2020-05-30 03:11:19,2,37.8035649525,-122.2611635173,damontighe,https://www.inaturalist.org/observations/47923115,American Barn Owl,76019847.jpg,76019834.jpg
303311164,American Black Duck,Anas rubripes,images/American_Black_Duck/303311164,2025-08-02 04:29:00,7,42.3693250588,-71.0681843921,cantfindphoebe,https://www.inaturalist.org/observations/303311164,American Black Duck,546660984.jpg,546659641.jpg
101375817,American Black Duck,Anas rubripes,images/American_Black_Duck/101375817,2021-11-17 10:35:00,4,42.8630670461,-72.5662270858,ckhunt,https://www.inaturalist.org/observations/101375817,American Black Duck,169296610.jpg,169296581.jpg
97585191,American Coot,Fulica americana,images/American_Coot/97585191,2021-10-08 14:21:22,4,49.2957944444,-123.1508888889,david_dyck,https://www.inaturalist.org/observations/97585191,American Coot,162316408.jpg,162316320.jpg
133859505,American Crow,Corvus brachyrhynchos,images/American_Crow/133859505,2022-09-05 16:55:05,6,49.127728887,-121.9532674857,bluejaybluejay,https://www.inaturalist.org/observations/133859505,American Crow,228073951.jpg,228074012.jpg
139679929,American Crow,Corvus brachyrhynchos,images/American_Crow/139679929,2022-10-22 11:38:37,4,49.1292129495,-121.9538151517,bluejaybluejay,https://www.inaturalist.org/observations/139679929,American Crow,238951244.jpg,238951287.jpg
98259966,American Dipper,Cinclus mexicanus,images/American_Dipper/98259966,2021-10-14 17:37:00,3,47.5864022143,-120.7076417801,brettjackson,https://www.inaturalist.org/observations/98259966,American Dipper,163559234.jpg,163559242.jpg
110365001,American Dipper,Cinclus mexicanus,images/American_Dipper/110365001,2022-04-02 07:53:00,6,9.7504378737,-83.783700934,josh_vandermeulen,https://www.inaturalist.org/observations/110365001,American Dipper,186163807.jpg,186163795.jpg
102120860,American Goldfinch,Spinus tristis,images/American_Goldfinch/102120860,2021-11-27 11:54:00,2,43.071915955,-72.6543806842,ckhunt,https://www.inaturalist.org/observations/102120860,American Goldfinch,170647935.jpg,170647883.jpg
106724475,American Goldfinch,Spinus tristis,images/American_Goldfinch/106724475,2022-02-13 15:10:00,4,44.6936467,-77.2333929,mhalsted,https://www.inaturalist.org/observations/106724475,American Goldfinch,179345285.jpg,179345351.jpg
62945543,American Herring Gull,Larus smithsonianus,images/American_Herring_Gull/62945543,2020-10-18 08:33:00,4,34.031760757,-118.6813867753,andreacala,https://www.inaturalist.org/observations/62945543,American Herring Gull,100940107.jpg,100940156.jpg
47861021,American Kestrel,Falco sparverius,images/American_Kestrel/47861021,2020-05-29 18:50:00,20,38.5915450433,-121.6932366717,phylogenomics,https://www.inaturalist.org/observations/47861021,American Kestrel,75920547.jpg,75920488.jpg
53468618,American Kestrel,Falco sparverius,images/American_Kestrel/53468618,2020-07-14 06:28:00,5,38.8808018993,-120.042829769,jaredmanninen,https://www.inaturalist.org/observations/53468618,American Kestrel,85043644.jpg,85043693.jpg
319498220,American Oystercatcher,Haematopus palliatus,images/American_Oystercatcher/319498220,2024-11-30 17:52:15,2,37.8919483588,-75.3955668216,cbtaylor2,https://www.inaturalist.org/observations/319498220,American Oystercatcher,photo_1.jpg,photo_2.jpg
218862394,American Oystercatcher,Haematopus palliatus,images/American_Oystercatcher/218862394,2024-05-28 05:52:15,7,39.5685312997,-74.2305865997,phillynaturehoods,https://www.inaturalist.org/observations/218862394,American Oystercatcher,387335923.jpg,387334099.jpg
54411197,American Pipit,Anthus rubescens,images/American_Pipit/54411197,2020-07-19 15:20:00,3,44.2734866667,-71.29207,stevendaniel,https://www.inaturalist.org/observations/54411197,American Pipit,86575346.jpg,86575362.jpg
288298467,American Pipit,Anthus rubescens,images/American_Pipit/288298467,2025-06-09 12:53:09,6,39.6628533333,-105.8797,jared_lincenberg,https://www.inaturalist.org/observations/288298467,American Pipit,518445685.jpg,518445693.jpg
141124748,American Redstart,Setophaga ruticilla,images/American_Redstart/141124748,2022-09-19 09:47:00,11,41.7953639287,-87.5773435709,jingyilu,https://www.inaturalist.org/observations/141124748,American Redstart,241690593.jpg,241690641.jpg
148342567,American Redstart,Setophaga ruticilla,images/American_Redstart/148342567,2023-01-20 01:42:13,2,17.2472155339,-90.2928801253,andredepo,https://www.inaturalist.org/observations/148342567,American Redstart,255434784.jpg,255434810.jpg
31467421,American Robin,Turdus migratorius,images/American_Robin/31467421,2014-12-24 12:11:00,3,54.6852690249,158.6212252859,olga2019kuryakova,https://www.inaturalist.org/observations/31467421,American Robin,49252118.jpg,110096006.jpg
114582324,American Tree Sparrow,Spizelloides arborea,images/American_Tree_Sparrow/114582324,2022-05-01 16:01:00,4,48.5056562036,-89.6480121821,ironangel,https://www.inaturalist.org/observations/114582324,American Tree Sparrow,193492923.jpg,193492901.jpg
124055777,American Tree Sparrow,Spizelloides arborea,images/American_Tree_Sparrow/124055777,2022-06-23 09:54:00,2,63.055806,-145.765056,billcarpenter,https://www.inaturalist.org/observations/124055777,American Tree Sparrow,210230838.jpg,210230815.jpg
104144665,American White Pelican,Pelecanus erythrorhynchos,images/American_White_Pelican/104144665,2022-01-01 14:57:00,2,33.3865966667,-81.9589566667,williamwisephoto,https://www.inaturalist.org/observations/104144665,American White Pelican,174966111.jpg,174472939.jpg
231063210,American Wigeon,Mareca americana,images/American_Wigeon/231063210,2024-07-20 20:40:40,2,49.6697718729,-57.963708825,alexws,https://www.inaturalist.org/observations/231063210,American Wigeon,410338106.jpg,410338238.jpg
320864358,American Wigeon,Mareca americana,images/American_Wigeon/320864358,2025-10-13 12:18:00,2,43.2894464943,-79.8863139292,intmedia123,https://www.inaturalist.org/observations/320864358,American Wigeon,580198826.jpg,580200444.jpg
47459225,American Woodcock,Scolopax minor,images/American_Woodcock/47459225,2020-05-23 16:31:00,6,44.1091462783,-68.8316242364,dchernack,https://www.inaturalist.org/observations/47459225,American Woodcock,75216831.jpg,75218302.jpg
86582145,American Woodcock,Scolopax minor,images/American_Woodcock/86582145,2021-07-11 07:00:00,2,42.3068196988,-72.6311060044,andieflorian,https://www.inaturalist.org/observations/86582145,American Woodcock,142657544.jpg,142657518.jpg
262389718,Anhinga,Anhinga anhinga,images/Anhinga/262389718,2025-02-16 11:50:00,3,25.382641495,-80.6098855491,charliebrowncb5,https://www.inaturalist.org/observations/262389718,Anhinga,471398287.jpg,471393906.jpg
15208284,Anna's Hummingbird,Calypte anna,images/Annas_Hummingbird/15208284,2018-08-07 08:47:00,10,37.7750462753,-122.4946410732,alexis_amphibian,https://www.inaturalist.org/observations/15208284,Annas Hummingbird,22750461.jpg,22750426.jpg
36843492,Anna's Hummingbird,Calypte anna,images/Annas_Hummingbird/36843492,2019-12-21 10:33:00,3,36.9825446635,-122.0486726001,jellyturtle,https://www.inaturalist.org/observations/36843492,Annas Hummingbird,58307395.jpg,58307393.jpg
101063177,Ash-throated Flycatcher,Myiarchus cinerascens,images/Ash-throated_Flycatcher/101063177,2021-11-13 12:33:00,6,22.1273066667,-101.0003366667,jartigas,https://www.inaturalist.org/observations/101063177,Ash-throated Flycatcher,168737730.jpg,168737732.jpg
29766239,Bald Eagle,Haliaeetus leucocephalus,images/Bald_Eagle/29766239,2019-03-09 15:17:00,43,44.2322052291,-76.4741337172,rejeanlemay,https://www.inaturalist.org/observations/29766239,Bald Eagle,46472089.jpg,46472130.jpg
314686727,Bald Eagle,Haliaeetus leucocephalus,images/Bald_Eagle/314686727,2025-09-16 09:52:00,11,39.0778037235,-86.3500098222,nancylightfoot,https://www.inaturalist.org/observations/314686727,Bald Eagle,568389629.jpg,568389443.jpg
214278051,Baltimore Oriole,Icterus galbula,images/Baltimore_Oriole/214278051,2024-05-07 15:33:00,2,44.845414,-73.361325,wormslurry,https://www.inaturalist.org/observations/214278051,Baltimore Oriole,378719460.jpg,378719455.jpg
108046533,Bank Swallow,Riparia riparia,images/Bank_Swallow/108046533,2022-03-06 18:35:00,3,39.4371024179,-8.4505834618,paulomartins,https://www.inaturalist.org/observations/108046533,Bank Swallow,181838410.jpg,181838155.jpg
161834431,Bank Swallow,Riparia riparia,images/Bank_Swallow/161834431,2019-08-08 11:45:00,2,54.308647081,10.7434158875,anduck,https://www.inaturalist.org/observations/161834431,Bank Swallow,279761437.jpg,279761384.jpg
84421375,Barn Swallow,Hirundo rustica,images/Barn_Swallow/84421375,2021-06-13 10:03:00,4,41.4043889039,-8.513622896,marioestevens,https://www.inaturalist.org/observations/84421375,Barn Swallow,138753525.jpg,138753521.jpg
260663994,Barn Swallow,Hirundo rustica,images/Barn_Swallow/260663994,2025-01-31 22:14:00,3,-34.6075293,-58.3522074,dermochelys,https://www.inaturalist.org/observations/260663994,Barn Swallow,photo_3.jpg,photo_1.jpg
34664610,Barred Owl,Strix varia,images/Barred_Owl/34664610,2019-10-20 13:34:00,2,44.4968086743,-73.2429562308,kyletansley,https://www.inaturalist.org/observations/34664610,Barred Owl,54581893.jpg,54581797.jpg
37656500,Barred Owl,Strix varia,images/Barred_Owl/37656500,2020-01-16 10:27:00,4,43.783774,-72.610936,sarahbirdwebb,https://www.inaturalist.org/observations/37656500,Barred Owl,59741903.jpg,59741755.jpg
101992257,Barrow's Goldeneye,Bucephala islandica,images/Barrows_Goldeneye/101992257,2021-11-26 15:08:00,3,38.6361281914,-121.2239036167,ken_mateik,https://www.inaturalist.org/observations/101992257,Barrows Goldeneye,170408959.jpg,170408802.jpg
194590874,Barrow's Goldeneye,Bucephala islandica,images/Barrows_Goldeneye/194590874,2023-12-22 10:12:00,5,42.331425,-71.0190133333,batfalcon2,https://www.inaturalist.org/observations/194590874,Barrows Goldeneye,342091706.jpg,342091432.jpg
134033121,Bay-breasted Warbler,Setophaga castanea,images/Bay-breasted_Warbler/134033121,2022-09-07 10:07:59,3,45.6734904423,-65.8031981995,shanemercer,https://www.inaturalist.org/observations/134033121,Bay-breasted Warbler,228399650.jpg,228399762.jpg
148211676,Bay-breasted Warbler,Setophaga castanea,images/Bay-breasted_Warbler/148211676,2023-02-06 00:00:00,2,8.9683222531,-79.5673679933,raul43,https://www.inaturalist.org/observations/148211676,Bay-breasted Warbler,255184059.jpg,256780465.jpg
179360287,Bell's Vireo,Vireo bellii,images/Bells_Vireo/179360287,2023-08-20 08:26:59,2,38.8833462595,-94.8907511597,mickylouis,https://www.inaturalist.org/observations/179360287,Bells Vireo,312242401.jpg,312242452.jpg
279026480,Bell's Vireo,Vireo bellii,images/Bells_Vireo/279026480,2025-04-30 21:51:00,2,31.698039,-111.022234,leekelai,https://www.inaturalist.org/observations/279026480,Bells Vireo,photo_1.jpg,photo_2.jpg
67763025,Belted Kingfisher,Megaceryle alcyon,images/Belted_Kingfisher/67763025,2021-01-08 14:55:00,3,33.771305,-83.698045,williamwisephoto,https://www.inaturalist.org/observations/67763025,Belted Kingfisher,109567805.jpg,109567774.jpg
121827162,Belted Kingfisher,Megaceryle alcyon,images/Belted_Kingfisher/121827162,2022-06-14 20:24:00,2,39.752575,-78.6814583333,pachips,https://www.inaturalist.org/observations/121827162,Belted Kingfisher,206202271.jpg,206202266.jpg
106419781,Bewick's Wren,Thryomanes bewickii,images/Bewicks_Wren/106419781,2022-02-08 10:25:25,4,45.6367542093,-122.7796971198,littlelegofan,https://www.inaturalist.org/observations/106419781,Bewicks Wren,178766878.jpg,178766863.jpg
145987168,Black Guillemot,Cepphus grylle,images/Black_Guillemot/145987168,2022-12-29 10:51:00,2,45.0514841254,-66.8956640886,kentross,https://www.inaturalist.org/observations/145987168,Black Guillemot,250879655.jpg,250879691.jpg
152628753,Black Guillemot,Cepphus grylle,images/Black_Guillemot/152628753,2023-03-24 12:00:00,3,70.3761237272,31.1058294536,emoq,https://www.inaturalist.org/observations/152628753,Black Guillemot,263504808.jpg,263504921.jpg
72022184,Black Oystercatcher,Haematopus bachmani,images/Black_Oystercatcher/72022184,2019-10-14 11:49:00,3,48.1219573633,-122.752371471,fluffyinca,https://www.inaturalist.org/observations/72022184,Black Oystercatcher,117351512.jpg,117351491.jpg
88613055,Black Oystercatcher,Haematopus bachmani,images/Black_Oystercatcher/88613055,2021-07-18 11:00:00,7,48.0885635157,-122.7350132557,fluffyinca,https://www.inaturalist.org/observations/88613055,Black Oystercatcher,146151919.jpg,146151945.jpg
90495516,Black Phoebe,Sayornis nigricans,images/Black_Phoebe/90495516,2021-08-08 10:06:00,4,38.5257959299,-121.79210469,mitchm44,https://www.inaturalist.org/observations/90495516,Black Phoebe,149570408.jpg,149570480.jpg
99054920,Black Phoebe,Sayornis nigricans,images/Black_Phoebe/99054920,2021-10-17 14:33:12,2,45.5528114968,-122.4897987492,amytimmins,https://www.inaturalist.org/observations/99054920,Black Phoebe,165049648.jpg,165049654.jpg
308323432,Black Rosy-Finch,Leucosticte atrata,images/Black_Rosy-Finch/308323432,2025-06-27 11:28:11,2,43.448107344,-110.5742089004,averybl,https://www.inaturalist.org/observations/308323432,Black Rosy-Finch,556248438.jpg,556248464.jpg
99797122,Black Scoter,Melanitta americana,images/Black_Scoter/99797122,2021-10-30 08:37:00,4,46.827841893,-84.4124164266,stphip,https://www.inaturalist.org/observations/99797122,Black Scoter,166441749.jpg,166441734.jpg
131008805,Black Scoter,Melanitta americana,images/Black_Scoter/131008805,2022-08-15 15:14:00,3,40.5894353,-73.5544069,lycophidion,https://www.inaturalist.org/observations/131008805,Black Scoter,222894935.jpg,222880530.jpg
140359679,Black Skimmer,Rynchops niger,images/Black_Skimmer/140359679,2021-08-19 20:58:00,4,30.4110088,-81.4204882,cheriphillips,https://www.inaturalist.org/observations/140359679,Black Skimmer,240252839.jpg,240252883.jpg
171325230,Black Tern,Chlidonias niger,images/Black_Tern/171325230,2023-07-02 11:52:00,4,34.741375681,-76.4705051423,djlavor,https://www.inaturalist.org/observations/171325230,Black Tern,297282213.jpg,297281999.jpg
129626885,Black Tern,Chlidonias niger,images/Black_Tern/129626885,2022-08-05 19:56:23,4,44.0628627141,-123.2650917646,holyegg,https://www.inaturalist.org/observations/129626885,Black Tern,220316521.jpg,220323511.jpg
84595622,Black Turnstone,Arenaria melanocephala,images/Black_Turnstone/84595622,2021-06-26 08:06:00,3,60.8482037067,-161.3383782567,dannynelson94,https://www.inaturalist.org/observations/84595622,Black Turnstone,139050953.jpg,139051402.jpg
129514100,Black Turnstone,Arenaria melanocephala,images/Black_Turnstone/129514100,2022-08-04 21:57:00,4,60.8025786777,-135.099687,tallard,https://www.inaturalist.org/observations/129514100,Black Turnstone,220177601.jpg,220177634.jpg
262337647,Black Vulture,Coragyps atratus,images/Black_Vulture/262337647,2023-01-16 16:46:00,2,30.7482295162,-98.3576497422,sethshively,https://www.inaturalist.org/observations/262337647,Black Vulture,471291795.jpg,471291188.jpg
64019752,Black Vulture,Coragyps atratus,images/Black_Vulture/64019752,2019-03-25 22:24:00,3,9.9497769,-85.6745302516,oscar213,https://www.inaturalist.org/observations/64019752,Black Vulture,102849946.jpg,102849927.jpg
154432995,Black-and-white Warbler,Mniotilta varia,images/Black-and-white_Warbler/154432995,2023-03-11 14:07:00,2,17.5814297603,-89.9949695984,ricardelremate,https://www.inaturalist.org/observations/154432995,Black-and-white Warbler,266843136.jpg,266839571.jpg
169516051,Black-and-white Warbler,Mniotilta varia,images/Black-and-white_Warbler/169516051,2023-06-25 13:46:00,2,45.0888175354,-67.0568411063,gorehamster,https://www.inaturalist.org/observations/169516051,Black-and-white Warbler,293887768.jpg,293887795.jpg
62885323,Black-bellied Plover,Pluvialis squatarola,images/Black-bellied_Plover/62885323,2020-10-17 10:14:00,4,18.3781565998,-70.0462505632,franklinhowley,https://www.inaturalist.org/observations/62885323,Black-bellied Plover,100835003.jpg,100835015.jpg
73295179,Black-bellied Plover,Pluvialis squatarola,images/Black-bellied_Plover/73295179,2017-11-15 12:26:00,3,23.4620291779,119.5112693129,lava_chen,https://www.inaturalist.org/observations/73295179,Black-bellied Plover,119641794.jpg,119641687.jpg
44371597,Black-bellied Whistling-Duck,Dendrocygna autumnalis,images/Black-bellied_Whistling-Duck/44371597,2020-04-30 10:46:00,4,27.6048291453,-80.4447697266,anhingas,https://www.inaturalist.org/observations/44371597,Black-bellied Whistling-Duck,70351037.jpg,70351466.jpg
45063095,Black-bellied Whistling-Duck,Dendrocygna autumnalis,images/Black-bellied_Whistling-Duck/45063095,2020-05-06 07:54:58,4,39.27070333,-76.17192667,barbara058,https://www.inaturalist.org/observations/45063095,Black-bellied Whistling-Duck,71445711.jpg,71445702.jpg
95318253,Black-billed Cuckoo,Coccyzus erythropthalmus,images/Black-billed_Cuckoo/95318253,2021-09-14 08:35:00,2,44.7577545672,-71.7320987863,susanelliott,https://www.inaturalist.org/observations/95318253,Black-billed Cuckoo,158224460.jpg,158225336.jpg
265457504,Black-billed Cuckoo,Coccyzus erythropthalmus,images/Black-billed_Cuckoo/265457504,2025-03-15 15:30:26,3,0.0296683333,-78.8659,pedro74,https://www.inaturalist.org/observations/265457504,Black-billed Cuckoo,photo_1.jpg,photo_3.jpg
108197805,Black-billed Magpie,Pica hudsonia,images/Black-billed_Magpie/108197805,2022-03-08 10:59:00,2,39.48056,-106.0469883333,evanwillstopforplants,https://www.inaturalist.org/observations/108197805,Black-billed Magpie,182122981.jpg,182122958.jpg
116789871,Black-billed Magpie,Pica hudsonia,images/Black-billed_Magpie/116789871,2022-05-11 17:33:00,3,54.0235534836,-109.1603171673,sunrise37,https://www.inaturalist.org/observations/116789871,Black-billed Magpie,197175609.jpg,197175781.jpg
82954735,Black-capped Chickadee,Poecile atricapillus,images/Black-capped_Chickadee/82954735,2021-06-10 15:12:00,4,40.7741504444,-111.8682972979,tantor,https://www.inaturalist.org/observations/82954735,Black-capped Chickadee,136197722.jpg,136197766.jpg
93952311,Black-capped Chickadee,Poecile atricapillus,images/Black-capped_Chickadee/93952311,2021-09-06 14:41:00,5,45.1266487004,-67.09408067,blakemross,https://www.inaturalist.org/observations/93952311,Black-capped Chickadee,155785827.jpg,155785914.jpg
70603262,Black-chinned Hummingbird,Archilochus alexandri,images/Black-chinned_Hummingbird/70603262,2020-12-23 08:21:00,9,30.8868533997,-83.8032464,cliygh-and-mia,https://www.inaturalist.org/observations/70603262,Black-chinned Hummingbird,114809461.jpg,114809455.jpg
71011130,Black-chinned Hummingbird,Archilochus alexandri,images/Black-chinned_Hummingbird/71011130,2021-03-11 08:45:40,5,29.7218583333,-95.414245,jlwebber,https://www.inaturalist.org/observations/71011130,Black-chinned Hummingbird,134936625.jpg,115553478.jpg
286697300,Black-crested Titmouse,Baeolophus atricristatus,images/Black-crested_Titmouse/286697300,2025-06-03 14:56:00,2,29.8747183333,-98.4867333333,narwahl,https://www.inaturalist.org/observations/286697300,Black-crested Titmouse,515435764.jpg,515436117.jpg
37706114,Black-crowned Night Heron,Nycticorax nycticorax,images/Black-crowned_Night-Heron/37706114,2014-08-05 11:55:00,5,48.5498731992,44.5489458412,urusovaalina,https://www.inaturalist.org/observations/37706114,Black-crowned Night-Heron,59830179.jpg,59830080.jpg
68659958,Black-crowned Night Heron,Nycticorax nycticorax,images/Black-crowned_Night-Heron/68659958,2021-01-25 16:16:18,4,27.9551638559,-81.8605525916,jdlacy,https://www.inaturalist.org/observations/68659958,Black-crowned Night-Heron,111234277.jpg,111234269.jpg
63018604,Black-headed Grosbeak,Pheucticus melanocephalus,images/Black-headed_Grosbeak/63018604,2020-10-19 10:36:00,3,19.0573807703,-98.2260459844,bodofzt,https://www.inaturalist.org/observations/63018604,Black-headed Grosbeak,101070475.jpg,101070487.jpg
67824068,Black-headed Grosbeak,Pheucticus melanocephalus,images/Black-headed_Grosbeak/67824068,2021-01-02 09:38:00,2,19.697545348,-98.9874661942,tari,https://www.inaturalist.org/observations/67824068,Black-headed Grosbeak,109670277.jpg,109670292.jpg
102334894,Black-legged Kittiwake,Rissa tridactyla,images/Black-legged_Kittiwake/102334894,2021-12-01 16:55:00,2,37.6109419777,-104.8438579766,vantruan,https://www.inaturalist.org/observations/102334894,Black-legged Kittiwake,171039249.jpg,171131689.jpg
105755681,Black-legged Kittiwake,Rissa tridactyla,images/Black-legged_Kittiwake/105755681,2022-01-27 00:00:00,4,13.4896364124,100.5446242914,niran_anurakpongsathorn,https://www.inaturalist.org/observations/105755681,Black-legged Kittiwake,177515581.jpg,177515568.jpg
193915882,Black-necked Stilt,Himantopus mexicanus,images/Black-necked_Stilt/193915882,2023-12-10 09:37:11,4,20.9060612134,-104.0042423246,reximiliano,https://www.inaturalist.org/observations/193915882,Black-necked Stilt,340724169.jpg,340724182.jpg
41153844,Black-tailed Gnatcatcher,Polioptila melanura,images/Black-tailed_Gnatcatcher/41153844,2020-03-31 08:37:00,2,33.6854542259,-115.2782186776,nmoorhatch,https://www.inaturalist.org/observations/41153844,Black-tailed Gnatcatcher,65261540.jpg,65261491.jpg
68303150,Black-tailed Gnatcatcher,Polioptila melanura,images/Black-tailed_Gnatcatcher/68303150,2021-01-18 14:37:56,2,33.6711642193,-116.4108371332,cae1,https://www.inaturalist.org/observations/68303150,Black-tailed Gnatcatcher,110563737.jpg,110563605.jpg
139807315,Black-throated Blue Warbler,Setophaga caerulescens,images/Black-throated_Blue_Warbler/139807315,2022-10-23 10:01:00,2,37.6520521111,-122.3786037222,tiwane,https://www.inaturalist.org/observations/139807315,Black-throated Blue Warbler,239195892.jpg,239195901.jpg
143145821,Black-throated Blue Warbler,Setophaga caerulescens,images/Black-throated_Blue_Warbler/143145821,2022-11-27 12:13:00,4,20.9489512594,-89.5772433445,trinchan,https://www.inaturalist.org/observations/143145821,Black-throated Blue Warbler,245468334.jpg,245468347.jpg
134092062,Black-throated Gray Warbler,Setophaga nigrescens,images/Black-throated_Gray_Warbler/134092062,2022-08-24 08:19:00,2,23.8892141788,-110.194204523,el_andariego,https://www.inaturalist.org/observations/134092062,Black-throated Gray Warbler,228502449.jpg,228502144.jpg
137365005,Black-throated Gray Warbler,Setophaga nigrescens,images/Black-throated_Gray_Warbler/137365005,2022-10-02 16:22:00,3,34.1582861111,-118.2977194444,sessilefielder,https://www.inaturalist.org/observations/137365005,Black-throated Gray Warbler,234585946.jpg,234585968.jpg
143445418,Black-throated Green Warbler,Setophaga virens,images/Black-throated_Green_Warbler/143445418,2022-11-20 08:58:00,2,16.8264682014,-93.2852534197,jhumbertocg,https://www.inaturalist.org/observations/143445418,Black-throated Green Warbler,246005623.jpg,246005639.jpg
153254394,Black-throated Green Warbler,Setophaga virens,images/Black-throated_Green_Warbler/153254394,2023-03-23 09:20:00,2,18.8912921738,-96.9430909692,paopao1526,https://www.inaturalist.org/observations/153254394,Black-throated Green Warbler,264670375.jpg,264683821.jpg
44269074,Blackburnian Warbler,Setophaga fusca,images/Blackburnian_Warbler/44269074,2020-02-25 12:34:00,4,6.0517931382,-75.3326777477,camilojotage,https://www.inaturalist.org/observations/44269074,Blackburnian Warbler,70180748.jpg,70180682.jpg
82430300,Blackburnian Warbler,Setophaga fusca,images/Blackburnian_Warbler/82430300,2021-06-09 15:58:07,4,39.6325864,-79.1222523,mattyfelp,https://www.inaturalist.org/observations/82430300,Blackburnian Warbler,135287515.jpg,135287597.jpg
63386308,Blackpoll Warbler,Setophaga striata,images/Blackpoll_Warbler/63386308,2020-10-23 10:52:00,3,40.7025145533,-79.5120141701,theorickert,https://www.inaturalist.org/observations/63386308,Blackpoll Warbler,101717209.jpg,101717204.jpg
147592441,Blue Grosbeak,Passerina caerulea,images/Blue_Grosbeak/147592441,2023-01-27 09:05:00,2,20.7637990903,-103.3782111624,reximiliano,https://www.inaturalist.org/observations/147592441,Blue Grosbeak,253997956.jpg,253997937.jpg
108559881,Blue Jay,Cyanocitta cristata,images/Blue_Jay/108559881,2022-03-13 12:08:00,6,44.6936467,-77.2333929,mhalsted,https://www.inaturalist.org/observations/108559881,Blue Jay,182799456.jpg,182799575.jpg
137912217,Blue Jay,Cyanocitta cristata,images/Blue_Jay/137912217,2022-10-07 16:41:43,2,40.7235909498,-96.5887186045,tiller-bug,https://www.inaturalist.org/observations/137912217,Blue Jay,235622822.jpg,235622796.jpg
101449519,Blue-gray Gnatcatcher,Polioptila caerulea,images/Blue-gray_Gnatcatcher/101449519,2021-11-15 11:49:00,4,34.4218340981,-119.6621850366,linzyl,https://www.inaturalist.org/observations/101449519,Blue-gray Gnatcatcher,169431813.jpg,169431773.jpg
108620225,Blue-gray Gnatcatcher,Polioptila caerulea,images/Blue-gray_Gnatcatcher/108620225,2022-03-13 08:56:00,3,20.7430584509,-105.264103593,reximiliano,https://www.inaturalist.org/observations/108620225,Blue-gray Gnatcatcher,182915839.jpg,182915844.jpg
66481552,Blue-headed Vireo,Vireo solitarius,images/Blue-headed_Vireo/66481552,2020-12-12 14:14:30,2,33.4844883333,-83.2625033333,williamwisephoto,https://www.inaturalist.org/observations/66481552,Blue-headed Vireo,107366719.jpg,107181480.jpg
78975025,Blue-headed Vireo,Vireo solitarius,images/Blue-headed_Vireo/78975025,2021-05-16 07:12:30,2,50.6789492553,-99.8039379438,georectified,https://www.inaturalist.org/observations/78975025,Blue-headed Vireo,129773974.jpg,129773985.jpg
90303702,Blue-winged Teal,Spatula discors,images/Blue-winged_Teal/90303702,2018-09-01 17:39:00,2,49.9350686853,-119.411869609,blythenilson,https://www.inaturalist.org/observations/90303702,Blue-winged Teal,149230222.jpg,149230594.jpg
92374140,Blue-winged Teal,Spatula discors,images/Blue-winged_Teal/92374140,2021-08-14 11:53:00,7,36.7594979583,-81.5431163852,usmcfiremedic,https://www.inaturalist.org/observations/92374140,Blue-winged Teal,152939991.jpg,152939881.jpg
320955580,Blue-winged Warbler,Vermivora cyanoptera,images/Blue-winged_Warbler/320955580,2025-10-14 14:05:33,3,32.6113967365,-80.0052291519,ams75,https://www.inaturalist.org/observations/320955580,Blue-winged Warbler,photo_1.jpg,photo_2.jpg
297470121,Boat-tailed Grackle,Quiscalus major,images/Boat-tailed_Grackle/297470121,2025-07-11 17:07:03,2,33.99872,-77.90518,sjryan,https://www.inaturalist.org/observations/297470121,Boat-tailed Grackle,535729607.jpg,535729549.jpg
210355250,Boat-tailed Grackle,Quiscalus major,images/Boat-tailed_Grackle/210355250,2024-04-27 12:32:00,2,40.545523506,-74.1231152545,siwnaturalist,https://www.inaturalist.org/observations/210355250,Boat-tailed Grackle,372065649.jpg,372065555.jpg
290696432,Bobolink,Dolichonyx oryzivorus,images/Bobolink/290696432,2025-06-16 12:21:00,6,42.2952083787,-72.6419805841,cantfindphoebe,https://www.inaturalist.org/observations/290696432,Bobolink,522956491.jpg,522954319.jpg
189577347,Bobolink,Dolichonyx oryzivorus,images/Bobolink/189577347,2020-07-16 12:06:00,3,43.3459011668,-89.3035196868,jotto104,https://www.inaturalist.org/observations/189577347,Bobolink,332139148.jpg,332139134.jpg
71266415,Bohemian Waxwing,Bombycilla garrulus,images/Bohemian_Waxwing/71266415,2021-03-14 15:51:00,6,44.4493424613,-73.1466131391,kyletansley,https://www.inaturalist.org/observations/71266415,Bohemian Waxwing,116001598.jpg,116001564.jpg
124492914,Bonaparte's Gull,Chroicocephalus philadelphia,images/Bonapartes_Gull/124492914,2022-06-11 11:16:00,2,59.0258425681,-155.622333383,fishaspey,https://www.inaturalist.org/observations/124492914,Bonapartes Gull,211016293.jpg,211016518.jpg
144270567,Bonaparte's Gull,Chroicocephalus philadelphia,images/Bonapartes_Gull/144270567,2022-12-11 14:31:46,2,38.6618914561,-121.7167437725,graham_coop,https://www.inaturalist.org/observations/144270567,Bonapartes Gull,247579678.jpg,247579654.jpg
105443097,Boreal Chickadee,Poecile hudsonicus,images/Boreal_Chickadee/105443097,2022-01-23 09:38:00,2,48.1147159318,-77.8325661325,frankthewood,https://www.inaturalist.org/observations/105443097,Boreal Chickadee,176920284.jpg,176920300.jpg
106351914,Boreal Chickadee,Poecile hudsonicus,images/Boreal_Chickadee/106351914,2022-02-07 11:16:00,2,47.6030587711,-52.7067711764,squiggleme,https://www.inaturalist.org/observations/106351914,Boreal Chickadee,178640893.jpg,178640903.jpg
145942089,Brandt's Cormorant,Urile penicillatus,images/Brandts_Cormorant/145942089,2022-11-25 13:25:15,4,36.901146,-121.91864085,raddadchad,https://www.inaturalist.org/observations/145942089,Brandts Cormorant,250796400.jpg,250796395.jpg
128135811,Brant,Branta bernicla,images/Brant/128135811,2022-07-27 12:52:00,2,79.2836916667,101.6321805556,aleksey_loginov,https://www.inaturalist.org/observations/128135811,Brant,217621719.jpg,217622480.jpg
38741255,Brant,Branta bernicla,images/Brant/38741255,2020-02-16 14:30:00,2,41.4865050861,-71.2381060986,lma82,https://www.inaturalist.org/observations/38741255,Brant,61620011.jpg,61620033.jpg
147630825,Brewer's Blackbird,Euphagus cyanocephalus,images/Brewers_Blackbird/147630825,2023-01-29 10:22:00,5,39.2316511744,-76.4298751935,tfrye,https://www.inaturalist.org/observations/147630825,Brewers Blackbird,254067393.jpg,254067392.jpg
60450766,Brewer's Sparrow,Spizella breweri,images/Brewers_Sparrow/60450766,2020-08-21 08:30:00,3,30.6220825337,-104.1066423518,donna74,https://www.inaturalist.org/observations/60450766,Brewers Sparrow,96662920.jpg,96662843.jpg
153124639,Brewer's Sparrow,Spizella breweri,images/Brewers_Sparrow/153124639,2023-03-18 12:33:00,3,32.2713253097,-106.5423457802,djlavor,https://www.inaturalist.org/observations/153124639,Brewers Sparrow,264429645.jpg,264429508.jpg
103982108,Bridled Titmouse,Baeolophus wollweberi,images/Bridled_Titmouse/103982108,2021-12-29 10:19:00,3,31.7250457333,-110.8802944667,samrawlins,https://www.inaturalist.org/observations/103982108,Bridled Titmouse,174163636.jpg,174163621.jpg
107442252,Bridled Titmouse,Baeolophus wollweberi,images/Bridled_Titmouse/107442252,2022-02-25 13:07:00,2,32.9401114551,-108.6062997239,erstadh,https://www.inaturalist.org/observations/107442252,Bridled Titmouse,180705770.jpg,180705757.jpg
21090787,Broad-billed Hummingbird,Cynanthus latirostris,images/Broad-billed_Hummingbird/21090787,2019-03-07 11:57:00,2,25.0193399706,-107.5277972158,sosar,https://www.inaturalist.org/observations/21090787,Broad-billed Hummingbird,32592285.jpg,32592298.jpg
42931731,Broad-billed Hummingbird,Cynanthus latirostris,images/Broad-billed_Hummingbird/42931731,2020-04-23 01:47:48,8,20.634645214,-103.4231083095,edwyvarela,https://www.inaturalist.org/observations/42931731,Broad-billed Hummingbird,68171626.jpg,68171628.jpg
70022815,Broad-tailed Hummingbird,Selasphorus platycercus,images/Broad-tailed_Hummingbird/70022815,2021-02-22 12:49:00,4,19.6810624,-101.6129332,adanmt,https://www.inaturalist.org/observations/70022815,Broad-tailed Hummingbird,113754793.jpg,113754784.jpg
46565273,Broad-winged Hawk,Buteo platypterus,images/Broad-winged_Hawk/46565273,2009-06-01 00:00:00,4,51.0253796,-114.124961,birdfriend200,https://www.inaturalist.org/observations/46565273,Broad-winged Hawk,73859246.jpg,73854256.jpg
121111966,Bronzed Cowbird,Molothrus aeneus,images/Bronzed_Cowbird/121111966,2022-04-29 10:20:44,23,26.5507221894,-98.5415065232,cheryl_rosenfeld,https://www.inaturalist.org/observations/121111966,Bronzed Cowbird,204912661.jpg,204912996.jpg
129838886,Bronzed Cowbird,Molothrus aeneus,images/Bronzed_Cowbird/129838886,2022-08-06 08:00:00,4,19.3776660737,-99.165561914,aliciamstt,https://www.inaturalist.org/observations/129838886,Bronzed Cowbird,220705227.jpg,220706312.jpg
89987709,Brown Creeper,Certhia americana,images/Brown_Creeper/89987709,2021-08-04 14:56:22,4,43.772775,-72.91368,richardlitt,https://www.inaturalist.org/observations/89987709,Brown Creeper,148661839.jpg,148661858.jpg
114657678,Brown Creeper,Certhia americana,images/Brown_Creeper/114657678,2022-05-01 11:36:00,4,46.1337615701,-60.4441535246,stevenmcgrath,https://www.inaturalist.org/observations/114657678,Brown Creeper,193591296.jpg,193591211.jpg
40691448,Brown Pelican,Pelecanus occidentalis,images/Brown_Pelican/40691448,2020-03-24 14:30:00,2,28.0306845425,-97.0403015614,susanelliott,https://www.inaturalist.org/observations/40691448,Brown Pelican,64505661.jpg,64505352.jpg
137409508,Brown Thrasher,Toxostoma rufum,images/Brown_Thrasher/137409508,2022-10-02 16:34:00,3,35.0818576335,-81.6817538049,jtmartin54,https://www.inaturalist.org/observations/137409508,Brown Thrasher,234678455.jpg,234678593.jpg
190067164,Brown Thrasher,Toxostoma rufum,images/Brown_Thrasher/190067164,2023-11-04 16:59:00,3,35.0820136971,-81.6820420534,jtmartin54,https://www.inaturalist.org/observations/190067164,Brown Thrasher,333111001.jpg,333111009.jpg
285837512,Brown-capped Rosy-Finch,Leucosticte australis,images/Brown-capped_Rosy-Finch/285837512,2025-05-11 15:30:00,6,39.6665944032,-105.8681543656,liam_pentangelo,https://www.inaturalist.org/observations/285837512,Brown-capped Rosy-Finch,photo_3.jpg,photo_6.jpg
85729410,Brown-headed Cowbird,Molothrus ater,images/Brown-headed_Cowbird/85729410,2021-07-04 19:04:00,5,45.309895,-122.792361,carriechelle,https://www.inaturalist.org/observations/85729410,Brown-headed Cowbird,141104977.jpg,141105010.jpg
101611899,Brown-headed Cowbird,Molothrus ater,images/Brown-headed_Cowbird/101611899,2021-11-20 13:29:48,3,38.8339416667,-73.9153533333,melissalaurino,https://www.inaturalist.org/observations/101611899,Brown-headed Cowbird,169720790.jpg,169720803.jpg
149510350,Brown-headed Nuthatch,Sitta pusilla,images/Brown-headed_Nuthatch/149510350,2023-02-23 09:18:00,8,38.7796578378,-75.1007068233,waynesweeds,https://www.inaturalist.org/observations/149510350,Brown-headed Nuthatch,257643386.jpg,257643341.jpg
55656204,Bufflehead,Bucephala albeola,images/Bufflehead/55656204,2020-07-18 06:36:00,4,39.3710052561,-120.4727511735,sandor_in,https://www.inaturalist.org/observations/55656204,Bufflehead,88614535.jpg,88614522.jpg
271301148,Bufflehead,Bucephala albeola,images/Bufflehead/271301148,2025-04-18 07:26:00,2,49.2969970755,-123.137412196,kmkrebs,https://www.inaturalist.org/observations/271301148,Bufflehead,487995981.jpg,487995999.jpg
41112795,Bullock's Oriole,Icterus bullockii,images/Bullocks_Oriole/41112795,2020-03-30 12:32:00,3,34.0419253689,-118.5793273153,andreacala,https://www.inaturalist.org/observations/41112795,Bullocks Oriole,65191284.jpg,65191291.jpg
52597467,Bullock's Oriole,Icterus bullockii,images/Bullocks_Oriole/52597467,2020-07-10 07:09:00,2,36.4397521949,-115.3614665937,bobc,https://www.inaturalist.org/observations/52597467,Bullocks Oriole,83621161.jpg,83620785.jpg
65698771,Burrowing Owl,Athene cunicularia,images/Burrowing_Owl/65698771,2020-11-18 10:03:00,2,25.4617833333,-111.9704361111,blevine,https://www.inaturalist.org/observations/65698771,Burrowing Owl,105784583.jpg,105784586.jpg
104904916,Burrowing Owl,Athene cunicularia,images/Burrowing_Owl/104904916,2021-07-02 09:05:05,3,34.0570161443,-117.5676442438,lynch820,https://www.inaturalist.org/observations/104904916,Burrowing Owl,175887968.jpg,175887961.jpg
322628967,Bushtit,Psaltriparus minimus,images/Bushtit/322628967,2025-10-23 08:40:48,2,34.0938678338,-118.7120815739,boazsolorio,https://www.inaturalist.org/observations/322628967,Bushtit,photo_2.jpg,photo_1.jpg
169620828,Bushtit,Psaltriparus minimus,images/Bushtit/169620828,2023-05-09 08:25:00,4,32.7388979622,-117.1371651344,shrike2,https://www.inaturalist.org/observations/169620828,Bushtit,294094277.jpg,294094312.jpg
61903657,Cackling Goose,Branta hutchinsii,images/Cackling_Goose/61903657,2020-10-06 13:29:00,3,39.5059833722,-123.7855916792,asabspade,https://www.inaturalist.org/observations/61903657,Cackling Goose,99113440.jpg,99113451.jpg
116776028,Cackling Goose,Branta hutchinsii,images/Cackling_Goose/116776028,2022-05-11 08:45:23,2,32.760095,-117.2245116667,niccolosaurus,https://www.inaturalist.org/observations/116776028,Cackling Goose,197150040.jpg,197150018.jpg
129206594,Cactus Wren,Campylorhynchus brunneicapillus,images/Cactus_Wren/129206594,2022-08-02 07:46:00,3,23.2284943649,-109.6769145402,el_andariego,https://www.inaturalist.org/observations/129206594,Cactus Wren,219545642.jpg,219545651.jpg
60132406,California Gull,Larus californicus,images/California_Gull/60132406,2020-08-21 16:46:16,2,35.0617668333,-120.6304888056,pineten,https://www.inaturalist.org/observations/60132406,California Gull,96920818.jpg,96127385.jpg
62872760,California Gull,Larus californicus,images/California_Gull/62872760,2020-10-17 15:59:00,5,38.0065639983,-122.3500730786,ouzel,https://www.inaturalist.org/observations/62872760,California Gull,100811306.jpg,100811295.jpg
62685190,California Quail,Callipepla californica,images/California_Quail/62685190,2020-10-15 17:01:00,3,32.960672975,-116.9695927038,uzun,https://www.inaturalist.org/observations/62685190,California Quail,100478562.jpg,100478534.jpg
112586977,California Quail,Callipepla californica,images/California_Quail/112586977,2022-04-23 15:09:00,2,33.6547987687,-117.8205470915,jdinoc,https://www.inaturalist.org/observations/112586977,California Quail,190207370.jpg,190207290.jpg
30515520,California Scrub-Jay,Aphelocoma californica,images/California_Scrub-Jay/30515520,2017-06-23 15:55:00,4,36.478054,-121.18471,margeryoldfield,https://www.inaturalist.org/observations/30515520,California Scrub-Jay,47681374.jpg,47683512.jpg
42410105,California Scrub-Jay,Aphelocoma californica,images/California_Scrub-Jay/42410105,2020-04-16 14:19:00,11,37.4042502796,-121.9526061553,ericalsf,https://www.inaturalist.org/observations/42410105,California Scrub-Jay,67337258.jpg,67337366.jpg
65726811,California Thrasher,Toxostoma redivivum,images/California_Thrasher/65726811,2020-11-19 12:26:00,3,37.4052048113,-121.9546875489,ericalsf,https://www.inaturalist.org/observations/65726811,California Thrasher,105836748.jpg,105836746.jpg
71594196,California Thrasher,Toxostoma redivivum,images/California_Thrasher/71594196,2021-03-14 04:47:00,3,34.4558156535,-119.727757344,bmgatto,https://www.inaturalist.org/observations/71594196,California Thrasher,116587561.jpg,116587579.jpg
138923126,California Towhee,Melozone crissalis,images/California_Towhee/138923126,2022-10-15 09:08:00,2,32.685621733,-116.1962129918,findmeoutside,https://www.inaturalist.org/observations/138923126,California Towhee,237514366.jpg,237514352.jpg
144278123,California Towhee,Melozone crissalis,images/California_Towhee/144278123,2022-12-12 09:12:22,2,34.2006050051,-118.213945,nutsaboutkitties,https://www.inaturalist.org/observations/144278123,California Towhee,247594631.jpg,247594621.jpg
22595771,Calliope Hummingbird,Selasphorus calliope,images/Calliope_Hummingbird/22595771,2019-04-14 13:45:00,5,37.9031633333,-121.93073,tiwane,https://www.inaturalist.org/observations/22595771,Calliope Hummingbird,35010058.jpg,35010060.jpg
53548434,Calliope Hummingbird,Selasphorus calliope,images/Calliope_Hummingbird/53548434,2020-07-18 17:32:00,3,38.9119450635,-104.7784690236,anneepierce,https://www.inaturalist.org/observations/53548434,Calliope Hummingbird,85173527.jpg,85173536.jpg
48068698,Canada Goose,Branta canadensis,images/Canada_Goose/48068698,2020-05-31 16:32:17,3,51.047425,-114.09333883,patrickleamy,https://www.inaturalist.org/observations/48068698,Canada Goose,76251029.jpg,76251050.jpg
75718382,Canada Goose,Branta canadensis,images/Canada_Goose/75718382,2021-04-28 14:21:00,13,41.8719827883,-80.1232701694,leahmfulton,https://www.inaturalist.org/observations/75718382,Canada Goose,123908868.jpg,123908913.jpg
136889302,Canada Jay,Perisoreus canadensis,images/Canada_Jay/136889302,2022-09-13 16:28:00,2,45.30399,-121.614519,sphyrapicus,https://www.inaturalist.org/observations/136889302,Canada Jay,233698768.jpg,316483523.jpg
118072032,Canada Warbler,Cardellina canadensis,images/Canada_Warbler/118072032,2022-05-21 07:49:00,3,43.634296868,-79.3246889819,handy2,https://www.inaturalist.org/observations/118072032,Canada Warbler,199452348.jpg,199452260.jpg
147030433,Canvasback,Aythya valisineria,images/Canvasback/147030433,2023-01-20 16:23:00,3,30.1055806116,-84.2140401148,kaynine35,https://www.inaturalist.org/observations/147030433,Canvasback,252924799.jpg,252924676.jpg
96971498,Canyon Towhee,Melozone fusca,images/Canyon_Towhee/96971498,2021-08-14 09:44:00,2,19.464228123,-99.0455878597,panecillo,https://www.inaturalist.org/observations/96971498,Canyon Towhee,161176496.jpg,161175076.jpg
109866801,Canyon Towhee,Melozone fusca,images/Canyon_Towhee/109866801,2022-02-19 09:46:00,2,19.4644509316,-99.0456528074,panecillo,https://www.inaturalist.org/observations/109866801,Canyon Towhee,185248409.jpg,185247335.jpg
180370438,Canyon Wren,Catherpes mexicanus,images/Canyon_Wren/180370438,2023-08-26 18:06:47,2,20.0024779951,-103.6197608337,tristan_franco,https://www.inaturalist.org/observations/180370438,Canyon Wren,314175109.jpg,314176519.jpg
70263439,Cape May Warbler,Setophaga tigrina,images/Cape_May_Warbler/70263439,2021-02-27 07:27:49,2,13.621566925,-88.0216247588,banyalvarenga,https://www.inaturalist.org/observations/70263439,Cape May Warbler,114188102.jpg,114188061.jpg
24162741,Carolina Chickadee,Poecile carolinensis,images/Carolina_Chickadee/24162741,2019-04-27 10:46:41,4,30.3125916667,-87.41423,ebirding,https://www.inaturalist.org/observations/24162741,Carolina Chickadee,37366912.jpg,37366906.jpg
71743775,Carolina Wren,Thryothorus ludovicianus,images/Carolina_Wren/71743775,2021-03-14 09:11:00,5,39.1162404816,-84.7874258098,weecorbie,https://www.inaturalist.org/observations/71743775,Carolina Wren,116848999.jpg,116848595.jpg
126297462,Caspian Tern,Hydroprogne caspia,images/Caspian_Tern/126297462,2022-07-14 11:49:00,4,32.9348575852,-117.2594338418,elbelen,https://www.inaturalist.org/observations/126297462,Caspian Tern,214279530.jpg,214279529.jpg
113240592,Cassin's Finch,Haemorhous cassinii,images/Cassins_Finch/113240592,2022-04-28 09:30:00,3,45.940362436,-117.449766633,fishaspey,https://www.inaturalist.org/observations/113240592,Cassins Finch,191337864.jpg,191337905.jpg
120955022,Cassin's Finch,Haemorhous cassinii,images/Cassins_Finch/120955022,2022-06-09 09:49:43,2,50.6836049393,-121.9398274273,sonya_mann,https://www.inaturalist.org/observations/120955022,Cassins Finch,204633253.jpg,204633431.jpg
66730752,Cassin's Kingbird,Tyrannus vociferans,images/Cassins_Kingbird/66730752,2020-04-08 21:58:00,3,33.7811174754,-117.8129034933,kyle_eaton_photography,https://www.inaturalist.org/observations/66730752,Cassins Kingbird,107640864.jpg,107640852.jpg
79714300,Cassin's Kingbird,Tyrannus vociferans,images/Cassins_Kingbird/79714300,2021-05-21 11:45:00,2,33.5525050732,-117.7144858505,mooseandsquirrel,https://www.inaturalist.org/observations/79714300,Cassins Kingbird,130587078.jpg,130587252.jpg
41801692,Cassin's Vireo,Vireo cassinii,images/Cassins_Vireo/41801692,2020-04-09 11:07:00,5,37.4055116247,-121.9546446294,ericalsf,https://www.inaturalist.org/observations/41801692,Cassins Vireo,66327272.jpg,66326687.jpg
61016478,Cassin's Vireo,Vireo cassinii,images/Cassins_Vireo/61016478,2020-09-20 13:48:00,3,40.9249186474,-112.1676114564,krechols13,https://www.inaturalist.org/observations/61016478,Cassins Vireo,97595639.jpg,97595616.jpg
138969251,Cave Swallow,Petrochelidon fulva,images/Cave_Swallow/138969251,2016-04-09 23:33:00,5,32.17705,-104.44106,nicky,https://www.inaturalist.org/observations/138969251,Cave Swallow,237598629.jpg,237598662.jpg
80045211,Cedar Waxwing,Bombycilla cedrorum,images/Cedar_Waxwing/80045211,2021-05-22 15:51:00,2,40.2290075,-75.3878525,yellar09,https://www.inaturalist.org/observations/80045211,Cedar Waxwing,131155909.jpg,131155892.jpg
103908646,Chestnut-backed Chickadee,Poecile rufescens,images/Chestnut-backed_Chickadee/103908646,2021-12-28 14:20:00,2,37.9217856303,-122.0452939935,hfabian,https://www.inaturalist.org/observations/103908646,Chestnut-backed Chickadee,174029457.jpg,174029364.jpg
114126218,Chestnut-backed Chickadee,Poecile rufescens,images/Chestnut-backed_Chickadee/114126218,2022-04-30 13:12:45,4,37.5815828581,-122.385816211,geodani,https://www.inaturalist.org/observations/114126218,Chestnut-backed Chickadee,192758233.jpg,192758271.jpg
165529843,Chestnut-sided Warbler,Setophaga pensylvanica,images/Chestnut-sided_Warbler/165529843,2023-06-02 14:05:00,7,50.7794864294,-99.6570556364,georectified,https://www.inaturalist.org/observations/165529843,Chestnut-sided Warbler,286536732.jpg,286536635.jpg
172682859,Chestnut-sided Warbler,Setophaga pensylvanica,images/Chestnut-sided_Warbler/172682859,2023-07-13 08:02:45,2,41.8746189218,-79.6485065323,snakeeater,https://www.inaturalist.org/observations/172682859,Chestnut-sided Warbler,299802016.jpg,299801955.jpg
304099651,Chimney Swift,Chaetura pelagica,images/Chimney_Swift/304099651,2025-08-05 00:00:00,3,42.4605891474,-85.6964060292,josh86997,https://www.inaturalist.org/observations/304099651,Chimney Swift,548173410.jpg,548173377.jpg
216845998,Chimney Swift,Chaetura pelagica,images/Chimney_Swift/216845998,2024-05-18 14:05:00,2,30.1900283333,-97.81603,biomule,https://www.inaturalist.org/observations/216845998,Chimney Swift,383542141.jpg,383542177.jpg
70263796,Chipping Sparrow,Spizella passerina,images/Chipping_Sparrow/70263796,2021-02-20 17:51:00,3,33.8972755705,-84.214161493,heather_kaufman,https://www.inaturalist.org/observations/70263796,Chipping Sparrow,114189066.jpg,114188463.jpg
70708286,Cinnamon Teal,Spatula cyanoptera,images/Cinnamon_Teal/70708286,2021-02-18 10:38:00,2,37.5218426026,-122.2497807419,wprnaturephotos,https://www.inaturalist.org/observations/70708286,Cinnamon Teal,114997604.jpg,114997593.jpg
139160449,Cinnamon Teal,Spatula cyanoptera,images/Cinnamon_Teal/139160449,2018-05-14 00:00:00,3,51.0653354758,-116.645592883,efvojens,https://www.inaturalist.org/observations/139160449,Cinnamon Teal,237965644.jpg,237965603.jpg
143621909,Clark's Grebe,Aechmophorus clarkii,images/Clarks_Grebe/143621909,2022-12-03 14:34:00,3,34.0895151167,-117.8017264351,sessilefielder,https://www.inaturalist.org/observations/143621909,Clarks Grebe,246338572.jpg,246338556.jpg
164215868,Clark's Grebe,Aechmophorus clarkii,images/Clarks_Grebe/164215868,2023-05-19 09:16:00,2,44.67885,-110.4875933333,jwn,https://www.inaturalist.org/observations/164215868,Clarks Grebe,284115091.jpg,284100787.jpg
38691509,Clark's Nutcracker,Nucifraga columbiana,images/Clarks_Nutcracker/38691509,2020-02-15 17:03:00,2,50.9636441573,-114.0071387003,blakeweis,https://www.inaturalist.org/observations/38691509,Clarks Nutcracker,61530639.jpg,61530649.jpg
72359360,Clark's Nutcracker,Nucifraga columbiana,images/Clarks_Nutcracker/72359360,2021-03-28 09:37:19,2,42.5458615891,-121.9306572899,greghill1,https://www.inaturalist.org/observations/72359360,Clarks Nutcracker,117963202.jpg,117963220.jpg
105512232,Clay-colored Sparrow,Spizella pallida,images/Clay-colored_Sparrow/105512232,2022-01-23 09:17:00,2,25.014705,-107.5471633333,sosar,https://www.inaturalist.org/observations/105512232,Clay-colored Sparrow,177049339.jpg,177049306.jpg
120113481,Clay-colored Sparrow,Spizella pallida,images/Clay-colored_Sparrow/120113481,2022-05-09 18:08:00,11,41.7958803248,-87.5942441243,jingyilu,https://www.inaturalist.org/observations/120113481,Clay-colored Sparrow,203121129.jpg,203121213.jpg
295912770,Cliff Swallow,Petrochelidon pyrrhonota,images/Cliff_Swallow/295912770,2025-07-05 11:30:00,3,46.8410601428,-92.1845597988,mrodenborg,https://www.inaturalist.org/observations/295912770,Cliff Swallow,532764768.jpg,532764770.jpg
282198166,Common Eider,Somateria mollissima,images/Common_Eider/282198166,2025-04-30 12:56:02,4,47.2903726456,8.9386512907,xebi000,https://www.inaturalist.org/observations/282198166,Common Eider,506981732.jpg,506981584.jpg
62410044,Common Eider,Somateria mollissima,images/Common_Eider/62410044,2020-10-12 12:29:00,4,54.5850941586,10.1411364135,telemark,https://www.inaturalist.org/observations/62410044,Common Eider,99989506.jpg,99989515.jpg
103167643,Common Gallinule,Gallinula galeata,images/Common_Gallinule/103167643,2021-12-03 07:44:00,7,-31.6078638773,-60.7246901027,trekman,https://www.inaturalist.org/observations/103167643,Common Gallinule,172609226.jpg,172609232.jpg
89715702,Common Goldeneye,Bucephala clangula,images/Common_Goldeneye/89715702,2021-08-02 14:59:59,4,51.1653691301,-114.2111374307,wildgrace,https://www.inaturalist.org/observations/89715702,Common Goldeneye,148182221.jpg,148182240.jpg
313239139,Common Goldeneye,Bucephala clangula,images/Common_Goldeneye/313239139,2025-09-11 19:29:52,4,62.4372381931,21.1224248465,mialisah,https://www.inaturalist.org/observations/313239139,Common Goldeneye,565645228.jpg,565645138.jpg
125198363,Common Grackle,Quiscalus quiscula,images/Common_Grackle/125198363,2022-07-07 13:19:27,2,40.7184264537,-96.584138561,tiller-bug,https://www.inaturalist.org/observations/125198363,Common Grackle,212296413.jpg,212296336.jpg
124673195,Common Ground Dove,Columbina passerina,images/Common_Ground-Dove/124673195,2022-07-03 14:37:00,4,26.2718019083,-80.1211001273,buggybuddy,https://www.inaturalist.org/observations/124673195,Common Ground-Dove,211340998.jpg,211340973.jpg
104886246,Common Loon,Gavia immer,images/Common_Loon/104886246,2022-01-13 10:15:00,2,43.8429439879,-69.6541870013,peterselmayr,https://www.inaturalist.org/observations/104886246,Common Loon,175851082.jpg,175851071.jpg
148288966,Common Loon,Gavia immer,images/Common_Loon/148288966,2023-02-07 15:57:11,5,43.544220141,-70.3221894094,biancapeterman,https://www.inaturalist.org/observations/148288966,Common Loon,256196041.jpg,256195979.jpg
42671214,Common Merganser,Mergus merganser,images/Common_Merganser/42671214,2020-04-13 09:49:00,3,55.2436147786,46.4288884463,olegglushenkov,https://www.inaturalist.org/observations/42671214,Common Merganser,67764346.jpg,67764342.jpg
104947239,Common Merganser,Mergus merganser,images/Common_Merganser/104947239,2022-01-14 14:53:01,4,34.4254266667,-119.8234033333,acastelein,https://www.inaturalist.org/observations/104947239,Common Merganser,175969640.jpg,175969650.jpg
95474899,Common Nighthawk,Chordeiles minor,images/Common_Nighthawk/95474899,2021-09-16 19:35:00,12,38.8542691243,-92.2428497666,como_plants_animals_rocks,https://www.inaturalist.org/observations/95474899,Common Nighthawk,158448154.jpg,158448232.jpg
118178617,Common Nighthawk,Chordeiles minor,images/Common_Nighthawk/118178617,2022-05-22 08:22:14,2,43.9160333333,-89.9124833333,kanoepaddler,https://www.inaturalist.org/observations/118178617,Common Nighthawk,199642309.jpg,199642287.jpg
103438707,Common Raven,Corvus corax,images/Common_Raven/103438707,2021-12-21 14:50:00,2,42.4028720654,-71.1072703974,jlayman,https://www.inaturalist.org/observations/103438707,Common Raven,173119630.jpg,173119626.jpg
131548989,Common Tern,Sterna hirundo,images/Common_Tern/131548989,2022-08-20 09:46:00,3,58.5286858699,31.2876390877,dzherikhov_vladimir,https://www.inaturalist.org/observations/131548989,Common Tern,223885395.jpg,223885966.jpg
274766356,Common Tern,Sterna hirundo,images/Common_Tern/274766356,2025-04-27 13:51:49,2,54.7371242635,20.516327396,anastasiya91853,https://www.inaturalist.org/observations/274766356,Common Tern,493882451.jpg,493882646.jpg
68768325,Common Yellowthroat,Geothlypis trichas,images/Common_Yellowthroat/68768325,2021-01-21 14:33:00,4,30.8145536905,-82.4132023135,williamwisephoto,https://www.inaturalist.org/observations/68768325,Common Yellowthroat,111434260.jpg,111434283.jpg
69497415,Common Yellowthroat,Geothlypis trichas,images/Common_Yellowthroat/69497415,2021-02-12 14:41:50,2,29.6164482411,-82.3198955889,ryancooke,https://www.inaturalist.org/observations/69497415,Common Yellowthroat,112778010.jpg,112778003.jpg
42128671,Cooper's Hawk,Astur cooperii,images/Coopers_Hawk/42128671,2020-04-08 16:15:00,4,44.974057,-92.972065,raho,https://www.inaturalist.org/observations/42128671,Coopers Hawk,66871446.jpg,66871451.jpg
64037962,Cooper's Hawk,Astur cooperii,images/Coopers_Hawk/64037962,2020-10-28 16:32:00,4,41.1778501,-73.868899,karalyn,https://www.inaturalist.org/observations/64037962,Coopers Hawk,102883419.jpg,102883656.jpg
64446354,Costa's Hummingbird,Calypte costae,images/Costas_Hummingbird/64446354,2020-11-08 08:09:00,22,33.7064830935,-117.21552786,knight17,https://www.inaturalist.org/observations/64446354,Costas Hummingbird,103673342.jpg,103673339.jpg
106184009,Crested Caracara,Caracara plancus,images/Crested_Caracara/106184009,2022-02-05 12:20:03,2,50.8880969895,4.2504566035,familyds,https://www.inaturalist.org/observations/106184009,Crested Caracara,178331627.jpg,178331640.jpg
107041963,Crested Caracara,Caracara plancus,images/Crested_Caracara/107041963,2022-01-06 10:43:15,3,-45.1956480429,-66.5229285881,evaristoso,https://www.inaturalist.org/observations/107041963,Crested Caracara,179951710.jpg,179951780.jpg
130576741,Curve-billed Thrasher,Toxostoma curvirostre,images/Curve-billed_Thrasher/130576741,2022-07-16 20:12:00,4,19.4677431828,-99.0548415396,panecillo,https://www.inaturalist.org/observations/130576741,Curve-billed Thrasher,222087789.jpg,222087384.jpg
102430636,Dark-eyed Junco,Junco hyemalis,images/Dark-eyed_Junco/102430636,2021-12-03 12:03:00,2,49.0545382311,-122.3442213348,clearbrookmlb,https://www.inaturalist.org/observations/102430636,Dark-eyed Junco,171221087.jpg,171219775.jpg
112475990,Dark-eyed Junco,Junco hyemalis,images/Dark-eyed_Junco/112475990,2022-04-22 11:55:00,7,44.688907,-77.212494,mhalsted,https://www.inaturalist.org/observations/112475990,Dark-eyed Junco,189978866.jpg,189978542.jpg
97963047,Dickcissel,Spiza americana,images/Dickcissel/97963047,2021-10-11 14:09:00,3,42.8360672519,-72.5497613619,coleen61,https://www.inaturalist.org/observations/97963047,Dickcissel,163072493.jpg,163072499.jpg
314886761,Dickcissel,Spiza americana,images/Dickcissel/314886761,2025-09-13 15:21:39,9,41.8532166667,-73.9827483333,asio-otus1,https://www.inaturalist.org/observations/314886761,Dickcissel,568776291.jpg,568776470.jpg
101582362,Double-crested Cormorant,Nannopterum auritum,images/Double-crested_Cormorant/101582362,2021-11-20 07:35:00,5,37.871365,-122.3220066667,phylogenomics,https://www.inaturalist.org/observations/101582362,Double-crested Cormorant,169664067.jpg,169664025.jpg
101740561,Downy Woodpecker,Dryobates pubescens,images/Downy_Woodpecker/101740561,2021-11-22 16:02:00,3,37.8673712099,-87.5262359798,pinefrog,https://www.inaturalist.org/observations/101740561,Downy Woodpecker,169943089.jpg,169943068.jpg
105542582,Downy Woodpecker,Dryobates pubescens,images/Downy_Woodpecker/105542582,2022-01-24 17:44:50,2,45.1183132514,-75.8696203306,ayatana_biophilium,https://www.inaturalist.org/observations/105542582,Downy Woodpecker,177108987.jpg,177108982.jpg
49256379,Dunlin,Calidris alpina,images/Dunlin/49256379,2018-10-06 14:04:00,9,54.7147114578,13.0485864965,wbettighofer,https://www.inaturalist.org/observations/49256379,Dunlin,78188820.jpg,78188843.jpg
145318169,Dunlin,Calidris alpina,images/Dunlin/145318169,2022-05-24 07:09:00,10,41.7812025358,-87.5709498042,jingyilu,https://www.inaturalist.org/observations/145318169,Dunlin,249606973.jpg,249606930.jpg
37289609,Eared Grebe,Podiceps nigricollis,images/Eared_Grebe/37289609,2020-01-04 08:32:00,2,37.8078133333,-122.2518933333,tiwane,https://www.inaturalist.org/observations/37289609,Eared Grebe,59088206.jpg,59088211.jpg
53399421,Eared Grebe,Podiceps nigricollis,images/Eared_Grebe/53399421,2020-07-15 06:38:00,3,36.0808510268,-115.0005221116,lonnyholmes,https://www.inaturalist.org/observations/53399421,Eared Grebe,84930190.jpg,84930536.jpg
103097083,Eastern Bluebird,Sialia sialis,images/Eastern_Bluebird/103097083,2021-12-14 11:40:00,4,43.071915955,-72.6543806842,ckhunt,https://www.inaturalist.org/observations/103097083,Eastern Bluebird,172477364.jpg,172477389.jpg
105854726,Eastern Bluebird,Sialia sialis,images/Eastern_Bluebird/105854726,2022-01-30 13:01:00,3,43.071915955,-72.6543806842,ckhunt,https://www.inaturalist.org/observations/105854726,Eastern Bluebird,177719984.jpg,177706070.jpg
105047322,Eastern Kingbird,Tyrannus tyrannus,images/Eastern_Kingbird/105047322,2018-08-13 07:58:00,2,33.7708538741,-83.6970056217,williamwisephoto,https://www.inaturalist.org/observations/105047322,Eastern Kingbird,176161804.jpg,176161797.jpg
75261574,Eastern Meadowlark,Sturnella magna,images/Eastern_Meadowlark/75261574,2021-04-23 18:38:00,2,40.285226444,-76.2385165641,jessicaleighallen,https://www.inaturalist.org/observations/75261574,Eastern Meadowlark,123099754.jpg,123099734.jpg
83942101,Eastern Meadowlark,Sturnella magna,images/Eastern_Meadowlark/83942101,2021-06-16 07:10:00,2,44.0789816598,-72.0185166644,hill_jasonm,https://www.inaturalist.org/observations/83942101,Eastern Meadowlark,137908486.jpg,137908497.jpg
59648244,Eastern Phoebe,Sayornis phoebe,images/Eastern_Phoebe/59648244,2020-09-14 00:00:00,2,32.9673277618,-96.6613456814,scott870,https://www.inaturalist.org/observations/59648244,Eastern Phoebe,95322245.jpg,95323060.jpg
107394694,Eastern Phoebe,Sayornis phoebe,images/Eastern_Phoebe/107394694,2022-02-24 10:51:00,2,34.1567861111,-118.2937055556,sessilefielder,https://www.inaturalist.org/observations/107394694,Eastern Phoebe,180612574.jpg,180612592.jpg
20067087,Eastern Screech-Owl,Megascops asio,images/Eastern_Screech-Owl/20067087,2019-02-03 08:30:00,2,42.3720009796,-71.1473128351,kyletansley,https://www.inaturalist.org/observations/20067087,Eastern Screech-Owl,30985321.jpg,30985315.jpg
61182251,Eastern Screech-Owl,Megascops asio,images/Eastern_Screech-Owl/61182251,2020-09-28 19:05:00,3,40.124105432,-75.1945975692,adventurehiker,https://www.inaturalist.org/observations/61182251,Eastern Screech-Owl,97876441.jpg,97876950.jpg
52312259,Eastern Towhee,Pipilo erythrophthalmus,images/Eastern_Towhee/52312259,2020-07-07 07:55:00,2,33.5060587663,-86.8052185802,kbakkegard,https://www.inaturalist.org/observations/52312259,Eastern Towhee,83151330.jpg,83151719.jpg
55112226,Eastern Towhee,Pipilo erythrophthalmus,images/Eastern_Towhee/55112226,2020-08-01 16:40:00,2,37.4116705611,-77.6045610936,ann278,https://www.inaturalist.org/observations/55112226,Eastern Towhee,87735359.jpg,87735370.jpg
49462444,Eastern Wood-Pewee,Contopus virens,images/Eastern_Wood-Pewee/49462444,2018-05-06 00:00:00,3,30.62209,-104.106684,donna74,https://www.inaturalist.org/observations/49462444,Eastern Wood-Pewee,78518727.jpg,78518610.jpg
306590794,Eastern Wood-Pewee,Contopus virens,images/Eastern_Wood-Pewee/306590794,2025-08-14 19:53:00,2,46.392245,-64.787566,olivia_ds,https://www.inaturalist.org/observations/306590794,Eastern Wood-Pewee,552912064.jpg,552913438.jpg
121420255,Eurasian Collared-Dove,Streptopelia decaocto,images/Eurasian_Collared-Dove/121420255,2022-05-20 09:46:00,2,16.9303298593,-89.889636162,ricardelremate,https://www.inaturalist.org/observations/121420255,Eurasian Collared-Dove,205463948.jpg,205458661.jpg
58930862,European Starling,Sturnus vulgaris,images/European_Starling/58930862,2020-09-08 17:18:00,2,-33.2744328191,149.0952564006,jamieramsay,https://www.inaturalist.org/observations/58930862,European Starling,94119459.jpg,94119455.jpg
82730460,Evening Grosbeak,Coccothraustes vespertinus,images/Evening_Grosbeak/82730460,2021-06-12 10:58:00,2,49.2478715205,-122.8323805184,byngbirder,https://www.inaturalist.org/observations/82730460,Evening Grosbeak,135806473.jpg,135806459.jpg
88905562,Evening Grosbeak,Coccothraustes vespertinus,images/Evening_Grosbeak/88905562,2021-03-17 00:23:00,2,39.7958872721,-74.2765595582,stitch58,https://www.inaturalist.org/observations/88905562,Evening Grosbeak,147205918.jpg,146753145.jpg
66789876,Field Sparrow,Spizella pusilla,images/Field_Sparrow/66789876,2020-12-19 10:39:00,2,40.1403674638,-75.0755799947,kdstutzman,https://www.inaturalist.org/observations/66789876,Field Sparrow,107749539.jpg,107749961.jpg
138541593,Field Sparrow,Spizella pusilla,images/Field_Sparrow/138541593,2022-08-25 08:33:49,2,41.7623139217,-79.5854454115,snakeeater,https://www.inaturalist.org/observations/138541593,Field Sparrow,236815094.jpg,238247766.jpg
71842641,Fish Crow,Corvus ossifragus,images/Fish_Crow/71842641,2021-03-20 02:31:59,3,32.6853373283,-84.642605141,e-a,https://www.inaturalist.org/observations/71842641,Fish Crow,117032651.jpg,117032635.jpg
102465348,Florida Scrub-Jay,Aphelocoma coerulescens,images/Florida_Scrub-Jay/102465348,2021-09-03 11:05:00,2,28.9354055327,-81.256751072,wendymears,https://www.inaturalist.org/observations/102465348,Florida Scrub-Jay,171290553.jpg,171289561.jpg
104878848,Florida Scrub-Jay,Aphelocoma coerulescens,images/Florida_Scrub-Jay/104878848,2022-01-13 09:54:00,5,27.1708750875,-82.4640608824,jamesrogers2,https://www.inaturalist.org/observations/104878848,Florida Scrub-Jay,175836766.jpg,175836748.jpg
67557366,Forster's Tern,Sterna forsteri,images/Forsters_Tern/67557366,2021-01-03 10:12:00,4,25.1951201228,-80.7916509069,joemdo,https://www.inaturalist.org/observations/67557366,Forsters Tern,109177641.jpg,109177632.jpg
262227135,Fox Sparrow,Passerella iliaca,images/Fox_Sparrow/262227135,2025-02-02 15:29:00,2,49.2706422421,-123.1973107319,rod_mclatchy,https://www.inaturalist.org/observations/262227135,Fox Sparrow,471114707.jpg,471114717.jpg
105188753,Fox Sparrow,Passerella iliaca,images/Fox_Sparrow/105188753,2022-01-18 13:06:00,2,47.6607781239,-122.4162644192,sprcrkwild,https://www.inaturalist.org/observations/105188753,Fox Sparrow,176434558.jpg,176434548.jpg
318671952,Gadwall,Mareca strepera,images/Gadwall/318671952,2025-10-04 15:44:30,8,54.6923530414,20.51060725,anastasiya91853,https://www.inaturalist.org/observations/318671952,Gadwall,576440281.jpg,575969041.jpg
104724295,Gadwall,Mareca strepera,images/Gadwall/104724295,2022-01-10 11:08:00,2,32.7888083333,-117.04540833,thumbwave,https://www.inaturalist.org/observations/104724295,Gadwall,175540830.jpg,175540266.jpg
130108422,Gambel's Quail,Callipepla gambelii,images/Gambels_Quail/130108422,2022-08-09 06:08:00,2,35.6921428249,-105.9638740193,mchapman,https://www.inaturalist.org/observations/130108422,Gambels Quail,221212574.jpg,221212537.jpg
145007828,Gambel's Quail,Callipepla gambelii,images/Gambels_Quail/145007828,2022-04-11 07:25:46,5,32.6717112683,-105.871537967,aidancampos,https://www.inaturalist.org/observations/145007828,Gambels Quail,249009033.jpg,249009016.jpg
50728083,Gila Woodpecker,Melanerpes uropygialis,images/Gila_Woodpecker/50728083,2020-06-22 19:02:00,2,25.018725,-107.5321233333,sosar,https://www.inaturalist.org/observations/50728083,Gila Woodpecker,80566355.jpg,80566340.jpg
225007340,Glaucous-winged Gull,Larus glaucescens,images/Glaucous-winged_Gull/225007340,2024-06-24 13:28:00,6,47.6082773581,-122.3438347224,ewrunn1ng,https://www.inaturalist.org/observations/225007340,Glaucous-winged Gull,398872559.jpg,398873407.jpg
70020217,Glaucous-winged Gull,Larus glaucescens,images/Glaucous-winged_Gull/70020217,2021-02-22 17:09:00,2,49.272895,-123.1345971667,sarahwestbury,https://www.inaturalist.org/observations/70020217,Glaucous-winged Gull,113750000.jpg,113750010.jpg
262330155,Glossy Ibis,Plegadis falcinellus,images/Glossy_Ibis/262330155,2024-06-13 09:56:00,2,43.3311,-70.5456,pjrohman,https://www.inaturalist.org/observations/262330155,Glossy Ibis,471274958.jpg,471275357.jpg
260296381,Glossy Ibis,Plegadis falcinellus,images/Glossy_Ibis/260296381,2025-01-31 17:01:28,6,25.9718162767,-81.5553959857,matthew_woodring,https://www.inaturalist.org/observations/260296381,Glossy Ibis,photo_2.jpg,photo_1.jpg
107827427,Golden Eagle,Aquila chrysaetos,images/Golden_Eagle/107827427,2022-02-05 13:50:00,9,31.1338144802,-108.3505535476,enriquepecar,https://www.inaturalist.org/observations/107827427,Golden Eagle,181428946.jpg,181429031.jpg
108755719,Golden Eagle,Aquila chrysaetos,images/Golden_Eagle/108755719,2022-03-16 15:30:32,4,17.5088027423,-97.2826114055,sopasbar,https://www.inaturalist.org/observations/108755719,Golden Eagle,183170862.jpg,183170895.jpg
131407421,Golden-crowned Kinglet,Regulus satrapa,images/Golden-crowned_Kinglet/131407421,2022-08-08 16:19:00,3,57.9835570642,-152.2931246021,djlavor,https://www.inaturalist.org/observations/131407421,Golden-crowned Kinglet,223621840.jpg,223621699.jpg
135849664,Golden-crowned Kinglet,Regulus satrapa,images/Golden-crowned_Kinglet/135849664,2022-09-20 09:10:00,5,45.9218144711,-64.2853936586,scotiaspinner,https://www.inaturalist.org/observations/135849664,Golden-crowned Kinglet,231767698.jpg,231767719.jpg
144449227,Golden-crowned Sparrow,Zonotrichia atricapilla,images/Golden-crowned_Sparrow/144449227,2022-12-15 10:58:00,3,49.0983242729,-123.1788218571,kmkrebs,https://www.inaturalist.org/observations/144449227,Golden-crowned Sparrow,247917860.jpg,247917849.jpg
96739921,Golden-fronted Woodpecker,Melanerpes aurifrons,images/Golden-fronted_Woodpecker/96739921,2021-09-05 11:05:00,2,16.9970017789,-89.7026289755,ricardelremate,https://www.inaturalist.org/observations/96739921,Golden-fronted Woodpecker,160760789.jpg,160760452.jpg
104247515,Golden-fronted Woodpecker,Melanerpes aurifrons,images/Golden-fronted_Woodpecker/104247515,2021-11-22 12:54:00,3,16.9969842805,-89.7026606478,ricardelremate,https://www.inaturalist.org/observations/104247515,Golden-fronted Woodpecker,174654001.jpg,174654288.jpg
58419812,Gray Catbird,Dumetella carolinensis,images/Gray_Catbird/58419812,2018-10-18 10:10:00,2,50.0672443,-5.7017544,glosterbirder,https://www.inaturalist.org/observations/58419812,Gray Catbird,190616004.jpg,93267203.jpg
121003088,Gray Catbird,Dumetella carolinensis,images/Gray_Catbird/121003088,2022-06-07 15:56:00,6,35.0820968813,-81.6818999853,jtmartin54,https://www.inaturalist.org/observations/121003088,Gray Catbird,204715825.jpg,204715604.jpg
320568686,Gray-crowned Rosy-Finch,Leucosticte tephrocotis,images/Gray-crowned_Rosy-Finch/320568686,2025-10-12 10:06:43,3,48.5076289818,-122.6769155636,coffearobusta42,https://www.inaturalist.org/observations/320568686,Gray-crowned Rosy-Finch,photo_2.jpg,photo_1.jpg
55305240,Great Black-backed Gull,Larus marinus,images/Great_Black-backed_Gull/55305240,2020-08-03 17:41:00,3,65.0393302904,25.4200683806,uusijani,https://www.inaturalist.org/observations/55305240,Great Black-backed Gull,88055638.jpg,88055677.jpg
78770557,Great Black-backed Gull,Larus marinus,images/Great_Black-backed_Gull/78770557,2021-05-14 20:37:15,2,46.0915638889,-64.7541527778,citrusand,https://www.inaturalist.org/observations/78770557,Great Black-backed Gull,128951291.jpg,128951265.jpg
92937647,Great Blue Heron,Ardea herodias,images/Great_Blue_Heron/92937647,2021-08-21 16:35:44,4,30.2469033333,-87.6670616667,lightning_whelk,https://www.inaturalist.org/observations/92937647,Great Blue Heron,153957427.jpg,153957579.jpg
179159073,Great Cormorant,Phalacrocorax carbo,images/Great_Cormorant/179159073,2023-07-16 00:00:00,2,52.3576589973,4.8664904013,ettore_turatti,https://www.inaturalist.org/observations/179159073,Great Cormorant,311871305.jpg,311871345.jpg
41802051,Great Crested Flycatcher,Myiarchus crinitus,images/Great_Crested_Flycatcher/41802051,2019-11-29 10:49:00,3,26.2550718241,-81.7854300517,djlavor,https://www.inaturalist.org/observations/41802051,Great Crested Flycatcher,342337685.jpg,342336912.jpg
287424960,Great Egret,Ardea alba,images/Great_Egret/287424960,2025-06-06 10:30:00,4,-32.5288365578,-58.0319711042,santiagomailhos,https://www.inaturalist.org/observations/287424960,Great Egret,516807947.jpg,516807967.jpg
116876511,Great Egret,Ardea alba,images/Great_Egret/116876511,2022-05-10 17:18:22,3,8.34877765,-75.56590555,dalianams,https://www.inaturalist.org/observations/116876511,Great Egret,197324534.jpg,197324553.jpg
114087551,Great Horned Owl,Bubo virginianus,images/Great_Horned_Owl/114087551,2022-04-30 13:06:00,4,42.0559299444,-71.3585,dalien,https://www.inaturalist.org/observations/114087551,Great Horned Owl,192691833.jpg,192693496.jpg
137191872,Great Horned Owl,Bubo virginianus,images/Great_Horned_Owl/137191872,2022-09-30 17:17:00,18,-34.6633388552,-58.3145581978,diego_t,https://www.inaturalist.org/observations/137191872,Great Horned Owl,234255867.jpg,234255813.jpg
50225652,Great-tailed Grackle,Quiscalus mexicanus,images/Great-tailed_Grackle/50225652,2017-11-01 11:00:00,2,19.3259399536,-99.1512117403,aguilargm,https://www.inaturalist.org/observations/50225652,Great-tailed Grackle,79757369.jpg,79757256.jpg
58688152,Great-tailed Grackle,Quiscalus mexicanus,images/Great-tailed_Grackle/58688152,2020-08-27 00:00:00,2,16.8044593994,-93.2735160725,jhumbertocg,https://www.inaturalist.org/observations/58688152,Great-tailed Grackle,93716886.jpg,93716808.jpg
65334858,Greater Roadrunner,Geococcyx californianus,images/Greater_Roadrunner/65334858,2020-11-20 16:05:00,3,35.2099007652,-106.449003368,jnstuart,https://www.inaturalist.org/observations/65334858,Greater Roadrunner,105137710.jpg,105138307.jpg
104241787,Greater Roadrunner,Geococcyx californianus,images/Greater_Roadrunner/104241787,2022-01-02 11:21:00,11,33.6339799963,-117.8465071101,lglevanik,https://www.inaturalist.org/observations/104241787,Greater Roadrunner,174637666.jpg,174637614.jpg
66827018,Greater Scaup,Aythya marila,images/Greater_Scaup/66827018,2020-12-19 14:33:00,6,33.8715955605,-98.5281350886,dhalter,https://www.inaturalist.org/observations/66827018,Greater Scaup,107820029.jpg,107820276.jpg
68824925,Greater Scaup,Aythya marila,images/Greater_Scaup/68824925,2021-01-30 10:13:00,2,34.08156,-117.1390066667,guyincognito,https://www.inaturalist.org/observations/68824925,Greater Scaup,111538655.jpg,111538645.jpg
120550369,Greater White-fronted Goose,Anser albifrons,images/Greater_White-fronted_Goose/120550369,2022-06-06 11:50:53,5,51.1900739349,-114.4953540689,idfennell,https://www.inaturalist.org/observations/120550369,Greater White-fronted Goose,203907773.jpg,203907794.jpg
146363219,Greater White-fronted Goose,Anser albifrons,images/Greater_White-fronted_Goose/146363219,2023-01-11 13:35:19,3,33.9329440746,-80.9433739479,slambert40,https://www.inaturalist.org/observations/146363219,Greater White-fronted Goose,251616148.jpg,251616063.jpg
82371636,Greater Yellowlegs,Tringa melanoleuca,images/Greater_Yellowlegs/82371636,2021-06-09 16:11:00,2,49.8865100246,-74.3961149391,ygobeil,https://www.inaturalist.org/observations/82371636,Greater Yellowlegs,135178347.jpg,135178342.jpg
132491311,Greater Yellowlegs,Tringa melanoleuca,images/Greater_Yellowlegs/132491311,2022-08-26 09:41:00,4,46.9658881391,-65.5831007989,aidanrich,https://www.inaturalist.org/observations/132491311,Greater Yellowlegs,225619788.jpg,225619842.jpg
15883102,Green Heron,Butorides virescens,images/Green_Heron/15883102,2018-08-25 12:08:00,4,44.5251929944,-73.2558153442,kyletansley,https://www.inaturalist.org/observations/15883102,Green Heron,23752915.jpg,23752752.jpg
147067586,Green-tailed Towhee,Pipilo chlorurus,images/Green-tailed_Towhee/147067586,2023-01-21 11:04:00,2,41.484693558,-71.2384491877,cyric,https://www.inaturalist.org/observations/147067586,Green-tailed Towhee,252994045.jpg,252994060.jpg
202718032,Green-winged Teal,Anas crecca,images/Green-winged_Teal/202718032,2024-01-19 13:43:00,7,51.3545488227,12.3461198793,mobbini,https://www.inaturalist.org/observations/202718032,Green-winged Teal,358055329.jpg,358054592.jpg
158759904,Green-winged Teal,Anas crecca,images/Green-winged_Teal/158759904,2023-05-01 13:31:00,4,59.844383,30.207042,tivanik,https://www.inaturalist.org/observations/158759904,Green-winged Teal,274320294.jpg,274320221.jpg
68948933,Hairy Woodpecker,Dryobates villosus,images/Hairy_Woodpecker/68948933,2021-01-31 16:11:00,3,35.4134933333,-118.9915083333,taco_night,https://www.inaturalist.org/observations/68948933,Hairy Woodpecker,111770816.jpg,111770810.jpg
69338599,Hairy Woodpecker,Dryobates villosus,images/Hairy_Woodpecker/69338599,2021-02-07 12:24:00,2,43.071915955,-72.6543806842,ckhunt,https://www.inaturalist.org/observations/69338599,Hairy Woodpecker,112501433.jpg,112501404.jpg
46460800,Harlequin Duck,Histrionicus histrionicus,images/Harlequin_Duck/46460800,2020-05-17 11:19:00,5,49.3055833333,-114.3051883333,jasonheadley,https://www.inaturalist.org/observations/46460800,Harlequin Duck,73643647.jpg,73643603.jpg
57774112,Harlequin Duck,Histrionicus histrionicus,images/Harlequin_Duck/57774112,2016-07-08 14:32:00,3,60.8674366667,-149.6311383333,johneppler,https://www.inaturalist.org/observations/57774112,Harlequin Duck,92183338.jpg,92183311.jpg
143537842,Harris's Hawk,Parabuteo unicinctus,images/Harriss_Hawk/143537842,2014-11-10 12:54:00,3,25.9428243,-97.4810737,rich10,https://www.inaturalist.org/observations/143537842,Harriss Hawk,411641497.jpg,246239804.jpg
153868694,Harris's Hawk,Parabuteo unicinctus,images/Harriss_Hawk/153868694,2023-04-07 15:00:29,4,20.6524258197,-103.2970846102,reximiliano,https://www.inaturalist.org/observations/153868694,Harriss Hawk,265807363.jpg,265807424.jpg
118608794,Harris's Sparrow,Zonotrichia querula,images/Harriss_Sparrow/118608794,2022-05-21 09:36:00,2,49.9576616322,-97.1345705062,k_a_m,https://www.inaturalist.org/observations/118608794,Harriss Sparrow,200416150.jpg,200416149.jpg
318293992,Harris's Sparrow,Zonotrichia querula,images/Harriss_Sparrow/318293992,2025-10-02 16:40:00,2,49.8204405,-97.2249257,kirstynleighe,https://www.inaturalist.org/observations/318293992,Harriss Sparrow,575240542.jpg,575240502.jpg
118672153,Heermann's Gull,Larus heermanni,images/Heermanns_Gull/118672153,2011-09-03 13:12:00,2,48.1246277778,-122.9596777778,johnrosford,https://www.inaturalist.org/observations/118672153,Heermanns Gull,200531347.jpg,200531329.jpg
90108371,Hermit Thrush,Catharus guttatus,images/Hermit_Thrush/90108371,2021-08-01 01:58:00,3,39.3019378687,-119.9340803353,jaretcross,https://www.inaturalist.org/observations/90108371,Hermit Thrush,148880364.jpg,148880337.jpg
104482856,Hermit Thrush,Catharus guttatus,images/Hermit_Thrush/104482856,2022-01-03 15:24:00,2,35.6065996554,-88.939199922,greenesnake,https://www.inaturalist.org/observations/104482856,Hermit Thrush,175078646.jpg,175078901.jpg
93926521,Hermit Warbler,Setophaga occidentalis,images/Hermit_Warbler/93926521,2021-09-05 17:10:00,3,19.2717252547,-99.2395627497,topexitl,https://www.inaturalist.org/observations/93926521,Hermit Warbler,155738691.jpg,155738768.jpg
152460194,Hermit Warbler,Setophaga occidentalis,images/Hermit_Warbler/152460194,2023-03-26 12:17:00,2,20.7604120171,-102.58898832,bodofzt,https://www.inaturalist.org/observations/152460194,Hermit Warbler,263193437.jpg,263193452.jpg
52147784,Hooded Merganser,Lophodytes cucullatus,images/Hooded_Merganser/52147784,2017-09-28 00:00:00,2,43.7051427778,-83.5251067667,michiganhummingbirdguy,https://www.inaturalist.org/observations/52147784,Hooded Merganser,82880113.jpg,82879986.jpg
87058051,Hooded Oriole,Icterus cucullatus,images/Hooded_Oriole/87058051,2021-07-14 15:44:05,4,31.7583546087,-111.1688154563,santaritawatcher,https://www.inaturalist.org/observations/87058051,Hooded Oriole,143502981.jpg,143502942.jpg
106392096,Hooded Oriole,Icterus cucullatus,images/Hooded_Oriole/106392096,2022-02-08 11:54:09,4,21.446559,-99.6363939722,maya321,https://www.inaturalist.org/observations/106392096,Hooded Oriole,178715117.jpg,178715046.jpg
103770538,Hooded Warbler,Setophaga citrina,images/Hooded_Warbler/103770538,2021-12-26 07:42:00,2,20.8770175906,-87.0816388251,fam_marin_flores,https://www.inaturalist.org/observations/103770538,Hooded Warbler,173756732.jpg,173756740.jpg
104942464,Hooded Warbler,Setophaga citrina,images/Hooded_Warbler/104942464,2021-11-30 17:04:00,3,16.9981974547,-89.7013961589,ricardelremate,https://www.inaturalist.org/observations/104942464,Hooded Warbler,175961293.jpg,175961547.jpg
43867141,Horned Grebe,Podiceps auritus,images/Horned_Grebe/43867141,2020-04-26 19:28:01,7,51.610269,5.052026,paulcools,https://www.inaturalist.org/observations/43867141,Horned Grebe,69570432.jpg,69570429.jpg
61461009,Horned Grebe,Podiceps auritus,images/Horned_Grebe/61461009,2020-08-23 13:45:00,3,60.2087728551,25.0017093891,sandsar,https://www.inaturalist.org/observations/61461009,Horned Grebe,98355870.jpg,98355724.jpg
108950227,Horned Lark,Eremophila alpestris,images/Horned_Lark/108950227,2022-03-18 09:24:00,2,42.897836,-70.815288,tz_nh,https://www.inaturalist.org/observations/108950227,Horned Lark,183537136.jpg,183537105.jpg
41636453,House Finch,Haemorhous mexicanus,images/House_Finch/41636453,2020-03-21 14:45:00,7,42.427265,-71.1232966667,dalien,https://www.inaturalist.org/observations/41636453,House Finch,66050901.jpg,66050976.jpg
90323483,House Finch,Haemorhous mexicanus,images/House_Finch/90323483,2021-06-26 11:20:00,2,19.4642683085,-99.0457586197,panecillo,https://www.inaturalist.org/observations/90323483,House Finch,149266565.jpg,149265632.jpg
72741782,House Sparrow,Passer domesticus,images/House_Sparrow/72741782,2021-03-26 17:19:00,2,19.4643399206,-99.0456809332,panecillo,https://www.inaturalist.org/observations/72741782,House Sparrow,118652708.jpg,118652886.jpg
103556142,House Sparrow,Passer domesticus,images/House_Sparrow/103556142,2021-12-21 14:00:00,3,39.9242266,-83.8088171,terrinorris,https://www.inaturalist.org/observations/103556142,House Sparrow,173345449.jpg,173345239.jpg
135388994,Hutton's Vireo,Vireo huttoni,images/Huttons_Vireo/135388994,2022-09-17 09:08:25,4,34.1326320763,-117.7655511349,jasminott,https://www.inaturalist.org/observations/135388994,Huttons Vireo,230908971.jpg,230908932.jpg
188450049,Hutton's Vireo,Vireo huttoni,images/Huttons_Vireo/188450049,2023-10-21 17:52:54,2,21.2942791997,-100.1268149997,fernando_soria,https://www.inaturalist.org/observations/188450049,Huttons Vireo,329832332.jpg,329832305.jpg
105397762,Inca Dove,Columbina inca,images/Inca_Dove/105397762,2022-01-22 12:53:00,2,21.1825504295,-101.6783242758,luisave,https://www.inaturalist.org/observations/105397762,Inca Dove,176833230.jpg,176833319.jpg
125207967,Inca Dove,Columbina inca,images/Inca_Dove/125207967,2022-06-12 17:12:00,2,19.4643009893,-99.0456122585,panecillo,https://www.inaturalist.org/observations/125207967,Inca Dove,212315915.jpg,212311598.jpg
74112992,Indigo Bunting,Passerina cyanea,images/Indigo_Bunting/74112992,2021-04-15 17:22:00,3,19.9750198677,-99.1771561047,ivanresendizcruz,https://www.inaturalist.org/observations/74112992,Indigo Bunting,121093140.jpg,121093112.jpg
123777337,Indigo Bunting,Passerina cyanea,images/Indigo_Bunting/123777337,2022-06-19 17:55:00,8,41.7983466257,-87.5938789765,jingyilu,https://www.inaturalist.org/observations/123777337,Indigo Bunting,209724758.jpg,209724806.jpg
104875329,Juniper Titmouse,Baeolophus ridgwayi,images/Juniper_Titmouse/104875329,2017-10-28 09:50:00,2,40.1399941058,-111.6036476245,krechols13,https://www.inaturalist.org/observations/104875329,Juniper Titmouse,175829856.jpg,175829867.jpg
105990381,Juniper Titmouse,Baeolophus ridgwayi,images/Juniper_Titmouse/105990381,2022-02-01 17:01:00,2,32.8068117954,-108.2772572547,erstadh,https://www.inaturalist.org/observations/105990381,Juniper Titmouse,177962487.jpg,177962473.jpg
106418619,Killdeer,Charadrius vociferus,images/Killdeer/106418619,2017-07-19 19:28:00,11,39.3176049204,-84.5444541592,whateverwatcher,https://www.inaturalist.org/observations/106418619,Killdeer,178763957.jpg,178763961.jpg
115603341,Killdeer,Charadrius vociferus,images/Killdeer/115603341,2022-05-04 12:54:00,4,45.4562158,-123.8440137,insectology,https://www.inaturalist.org/observations/115603341,Killdeer,195106531.jpg,195106513.jpg
77522127,Ladder-backed Woodpecker,Dryobates scalaris,images/Ladder-backed_Woodpecker/77522127,2019-03-04 14:51:00,3,29.1503428117,-110.9492940903,libislr,https://www.inaturalist.org/observations/77522127,Ladder-backed Woodpecker,126792121.jpg,126788043.jpg
97389858,Ladder-backed Woodpecker,Dryobates scalaris,images/Ladder-backed_Woodpecker/97389858,2010-12-12 08:55:00,2,25.7798321434,-98.3949262353,gerjhe,https://www.inaturalist.org/observations/97389858,Ladder-backed Woodpecker,161955314.jpg,161955338.jpg
312885057,Lark Bunting,Calamospiza melanocorys,images/Lark_Bunting/312885057,2025-08-31T17:58,2,40.726692748,-106.2911072003,yooshmaster,https://www.inaturalist.org/observations/312885057,Lark Bunting,photo_2.jpg,photo_1.jpg
81519985,Lark Bunting,Calamospiza melanocorys,images/Lark_Bunting/81519985,2021-06-03 09:37:00,3,40.7842888889,-104.1633222222,davidemartin,https://www.inaturalist.org/observations/81519985,Lark Bunting,133716531.jpg,133716519.jpg
194237686,Lark Sparrow,Chondestes grammacus,images/Lark_Sparrow/194237686,2023-12-16 16:53:00,2,34.2318951863,-118.304248194,sessilefielder,https://www.inaturalist.org/observations/194237686,Lark Sparrow,341368134.jpg,341368135.jpg
198082891,Lark Sparrow,Chondestes grammacus,images/Lark_Sparrow/198082891,2024-01-31 15:49:00,4,42.2948483333,-71.1007416667,batfalcon2,https://www.inaturalist.org/observations/198082891,Lark Sparrow,349044375.jpg,349044360.jpg
97090883,Laughing Gull,Leucophaeus atricilla,images/Laughing_Gull/97090883,2021-10-02 12:36:00,3,38.7207788219,-76.3348804046,arisingunder,https://www.inaturalist.org/observations/97090883,Laughing Gull,161399080.jpg,161395142.jpg
106307227,Laughing Gull,Leucophaeus atricilla,images/Laughing_Gull/106307227,2022-02-07 07:18:47,4,-34.176609214,22.1355478093,snorkelters,https://www.inaturalist.org/observations/106307227,Laughing Gull,178558266.jpg,178558278.jpg
97317346,Lazuli Bunting,Passerina amoena,images/Lazuli_Bunting/97317346,2021-09-03 18:48:00,5,34.2510444444,-117.195875,sessilefielder,https://www.inaturalist.org/observations/97317346,Lazuli Bunting,161827146.jpg,161827117.jpg
105663868,Lazuli Bunting,Passerina amoena,images/Lazuli_Bunting/105663868,2021-06-22 00:00:00,2,49.370684271,-123.095908463,locrian-geist,https://www.inaturalist.org/observations/105663868,Lazuli Bunting,217851140.jpg,217851141.jpg
114873577,Least Flycatcher,Empidonax minimus,images/Least_Flycatcher/114873577,2022-04-30 11:24:00,3,38.2705933333,-85.5436966667,mtwyandell,https://www.inaturalist.org/observations/114873577,Least Flycatcher,193926741.jpg,193926846.jpg
118319777,Least Flycatcher,Empidonax minimus,images/Least_Flycatcher/118319777,2022-05-22 09:03:00,3,49.2205471412,-123.2082650645,seanvanderluit,https://www.inaturalist.org/observations/118319777,Least Flycatcher,199895212.jpg,199895204.jpg
72061813,Lesser Goldfinch,Spinus psaltria,images/Lesser_Goldfinch/72061813,2021-03-25 08:19:00,2,49.0926461216,-123.0924342379,jgatten,https://www.inaturalist.org/observations/72061813,Lesser Goldfinch,117432153.jpg,117426725.jpg
100808448,Lesser Goldfinch,Spinus psaltria,images/Lesser_Goldfinch/100808448,2021-11-10 09:15:00,2,37.443035,-121.851039,truthseqr,https://www.inaturalist.org/observations/100808448,Lesser Goldfinch,168288494.jpg,168288522.jpg
63423832,Lesser Scaup,Aythya affinis,images/Lesser_Scaup/63423832,2020-10-24 12:49:00,2,45.4443813889,-73.2612663889,phil_crimson,https://www.inaturalist.org/observations/63423832,Lesser Scaup,101778782.jpg,101778820.jpg
69683693,Lesser Scaup,Aythya affinis,images/Lesser_Scaup/69683693,2021-02-16 00:00:00,3,42.874623601,-81.2877404002,cheetah_79,https://www.inaturalist.org/observations/69683693,Lesser Scaup,113121946.jpg,113121960.jpg
140027560,Lesser Yellowlegs,Tringa flavipes,images/Lesser_Yellowlegs/140027560,2022-10-18 18:54:00,2,-38.26538,-57.8299883333,marreginas,https://www.inaturalist.org/observations/140027560,Lesser Yellowlegs,239616441.jpg,239616299.jpg
106831789,Lincoln's Sparrow,Melospiza lincolnii,images/Lincolns_Sparrow/106831789,2022-02-15 17:51:00,4,40.9638603426,-73.1428314029,tparla,https://www.inaturalist.org/observations/106831789,Lincolns Sparrow,179552701.jpg,179552705.jpg
131975119,Lincoln's Sparrow,Melospiza lincolnii,images/Lincolns_Sparrow/131975119,2020-08-16 13:10:57,2,46.9073627337,-96.8337971717,aric4sloth,https://www.inaturalist.org/observations/131975119,Lincolns Sparrow,224678074.jpg,224678056.jpg
105727738,Little Blue Heron,Egretta caerulea,images/Little_Blue_Heron/105727738,2022-01-28 13:02:52,2,30.2445263304,-97.7234093025,joshuacootman,https://www.inaturalist.org/observations/105727738,Little Blue Heron,177461868.jpg,177461899.jpg
127831978,Little Blue Heron,Egretta caerulea,images/Little_Blue_Heron/127831978,2022-07-24 19:10:00,9,43.3908337,-80.1695167,codybass7,https://www.inaturalist.org/observations/127831978,Little Blue Heron,217063761.jpg,217063777.jpg
66895474,Loggerhead Shrike,Lanius ludovicianus,images/Loggerhead_Shrike/66895474,2020-12-21 13:32:00,6,30.3578910687,-90.0791521725,ncb1221,https://www.inaturalist.org/observations/66895474,Loggerhead Shrike,107945345.jpg,107945408.jpg
66464342,Long-billed Curlew,Numenius americanus,images/Long-billed_Curlew/66464342,2020-12-11 12:06:00,3,37.45078792,-121.97152813,truthseqr,https://www.inaturalist.org/observations/66464342,Long-billed Curlew,107149164.jpg,107149161.jpg
99037595,Long-billed Curlew,Numenius americanus,images/Long-billed_Curlew/99037595,2021-10-22 13:48:48,2,32.6171083333,-117.1366721667,alantorretto,https://www.inaturalist.org/observations/99037595,Long-billed Curlew,165016279.jpg,165016290.jpg
60844434,Long-tailed Duck,Clangula hyemalis,images/Long-tailed_Duck/60844434,2020-09-26 14:29:00,2,63.464182956,23.2443359079,lenacs,https://www.inaturalist.org/observations/60844434,Long-tailed Duck,97468746.jpg,97294737.jpg
64672444,Long-tailed Duck,Clangula hyemalis,images/Long-tailed_Duck/64672444,2020-11-11 14:25:00,16,59.975022132,30.257544289,marina_gorbunova,https://www.inaturalist.org/observations/64672444,Long-tailed Duck,104006408.jpg,104006497.jpg
130711512,Louisiana Waterthrush,Parkesia motacilla,images/Louisiana_Waterthrush/130711512,2022-08-13 16:16:50,3,42.2870049621,-73.5789231121,zitserm,https://www.inaturalist.org/observations/130711512,Louisiana Waterthrush,222331338.jpg,222331402.jpg
136458615,Louisiana Waterthrush,Parkesia motacilla,images/Louisiana_Waterthrush/136458615,2022-09-15 08:34:00,3,10.4337983062,-84.0047370595,sydnianajones,https://www.inaturalist.org/observations/136458615,Louisiana Waterthrush,232886598.jpg,232886588.jpg
138918427,MacGillivray's Warbler,Geothlypis tolmiei,images/MacGillivrays_Warbler/138918427,2022-10-15 17:45:00,3,38.9610151,-77.0662089,mstrecker,https://www.inaturalist.org/observations/138918427,MacGillivrays Warbler,237505290.jpg,237505310.jpg
137550264,Magnolia Warbler,Setophaga magnolia,images/Magnolia_Warbler/137550264,2022-10-04 13:17:00,4,33.7714233333,-83.6982766667,williamwisephoto,https://www.inaturalist.org/observations/137550264,Magnolia Warbler,234941987.jpg,234941954.jpg
185268896,Magnolia Warbler,Setophaga magnolia,images/Magnolia_Warbler/185268896,2023-09-28 13:05:07,2,51.6155912842,-3.8242374173,glosterbirder,https://www.inaturalist.org/observations/185268896,Magnolia Warbler,323544382.jpg,323544364.jpg
263450503,Mallard,Anas platyrhynchos,images/Mallard/263450503,2025-02-28 7:19 PM,2,38.6778921731,-121.1265594583,kaelag,https://www.inaturalist.org/observations/263450503,Mallard,photo_1.jpg,photo_2.jpg
39432879,Mallard,Anas platyrhynchos,images/Mallard/39432879,2020-01-20 10:43:00,3,44.5267283821,-87.9755810728,raymie,https://www.inaturalist.org/observations/39432879,Mallard,62559740.jpg,62559532.jpg
196460442,Marbled Godwit,Limosa fedoa,images/Marbled_Godwit/196460442,2023-09-16 08:47:00,3,33.5254419,-112.2845998,elenapalkaflores,https://www.inaturalist.org/observations/196460442,Marbled Godwit,345890594.jpg,345890566.jpg
113123970,Marsh Wren,Cistothorus palustris,images/Marsh_Wren/113123970,2022-04-27 09:30:00,3,43.6505746835,-79.3235326529,handy2,https://www.inaturalist.org/observations/113123970,Marsh Wren,191131128.jpg,191131582.jpg
322429976,Marsh Wren,Cistothorus palustris,images/Marsh_Wren/322429976,2025-10-21 8:03 PM,2,30.6288087,-87.91184,wilson175,https://www.inaturalist.org/observations/322429976,Marsh Wren,photo_1.jpg,photo_2.jpg
66741809,Merlin,Falco columbarius,images/Merlin/66741809,2020-12-18 12:45:00,2,42.386388,-71.126971,parsingphase,https://www.inaturalist.org/observations/66741809,Merlin,107661152.jpg,107661155.jpg
92332208,Merlin,Falco columbarius,images/Merlin/92332208,2018-09-15 12:55:00,3,50.033743002,-119.4410080668,blythenilson,https://www.inaturalist.org/observations/92332208,Merlin,152868825.jpg,152868833.jpg
82365668,Mexican Jay,Aphelocoma wollweberi,images/Mexican_Jay/82365668,2021-06-09 09:50:11,5,31.7251249024,-110.8800869063,iamericaaz,https://www.inaturalist.org/observations/82365668,Mexican Jay,135174844.jpg,135174907.jpg
89642910,Mexican Jay,Aphelocoma wollweberi,images/Mexican_Jay/89642910,2021-07-14 14:12:00,10,29.2706139,-103.2767254,terryleecrane,https://www.inaturalist.org/observations/89642910,Mexican Jay,148057222.jpg,148057356.jpg
145540577,Mississippi Kite,Ictinia mississippiensis,images/Mississippi_Kite/145540577,2022-12-28 09:05:00,4,20.3217892037,-102.0846911818,marcohuerta,https://www.inaturalist.org/observations/145540577,Mississippi Kite,250014490.jpg,250014480.jpg
118715157,Monk Parakeet,Myiopsitta monachus,images/Monk_Parakeet/118715157,2010-11-03 01:57:00,6,39.055998,-76.850454,billhubick,https://www.inaturalist.org/observations/118715157,Monk Parakeet,200609312.jpg,200609332.jpg
136458072,Monk Parakeet,Myiopsitta monachus,images/Monk_Parakeet/136458072,2021-05-31 15:42:24,4,41.8664146729,12.5250383466,leonardo_fritz,https://www.inaturalist.org/observations/136458072,Monk Parakeet,232892169.jpg,232892198.jpg
193428118,Mottled Duck,Anas fulvigula,images/Mottled_Duck/193428118,2023-09-10 12:34:00,2,41.7609691473,-93.6953794195,jaygilliam,https://www.inaturalist.org/observations/193428118,Mottled Duck,339788305.jpg,339788559.jpg
160139560,Mottled Duck,Anas fulvigula,images/Mottled_Duck/160139560,2023-04-30 16:45:00,2,30.5032959367,-81.4779346607,kitemongoose,https://www.inaturalist.org/observations/160139560,Mottled Duck,276637236.jpg,276637214.jpg
104604548,Mountain Bluebird,Sialia currucoides,images/Mountain_Bluebird/104604548,2021-08-29 10:49:00,2,37.7224422781,-119.175078114,buckeye_chestnut,https://www.inaturalist.org/observations/104604548,Mountain Bluebird,175312035.jpg,175311737.jpg
105999854,Mountain Bluebird,Sialia currucoides,images/Mountain_Bluebird/105999854,2022-02-01 13:58:00,10,35.5270913779,-105.9843874669,rocknsky,https://www.inaturalist.org/observations/105999854,Mountain Bluebird,177979894.jpg,177980199.jpg
105532963,Mountain Chickadee,Poecile gambeli,images/Mountain_Chickadee/105532963,2022-01-22 12:52:22,3,39.291575,-119.9206166667,josh561,https://www.inaturalist.org/observations/105532963,Mountain Chickadee,177090619.jpg,177090603.jpg
71078747,Mourning Dove,Zenaida macroura,images/Mourning_Dove/71078747,2011-06-23 07:13:00,2,59.9308898492,-128.4806759059,camerondeckert,https://www.inaturalist.org/observations/71078747,Mourning Dove,115664714.jpg,115664711.jpg
108699234,Mourning Dove,Zenaida macroura,images/Mourning_Dove/108699234,2022-03-15 11:25:00,4,40.1183894936,-75.0257447968,brennafarrell,https://www.inaturalist.org/observations/108699234,Mourning Dove,183064926.jpg,183064850.jpg
93297292,Mourning Warbler,Geothlypis philadelphia,images/Mourning_Warbler/93297292,2021-09-01 07:04:00,4,33.460329334,-86.8025887758,kaydantzler,https://www.inaturalist.org/observations/93297292,Mourning Warbler,154609888.jpg,154609969.jpg
286275061,Mourning Warbler,Geothlypis philadelphia,images/Mourning_Warbler/286275061,2025-05-31 19:41:17-04:00,2,39.9471966667,-75.2253883333,phillymycobeth,https://www.inaturalist.org/observations/286275061,Mourning Warbler,photo_1.jpg,photo_2.jpg
103469182,Mute Swan,Cygnus olor,images/Mute_Swan/103469182,2021-02-14 17:03:00,8,52.219204,10.417921,jakob,https://www.inaturalist.org/observations/103469182,Mute Swan,173178400.jpg,173178419.jpg
152072650,Mute Swan,Cygnus olor,images/Mute_Swan/152072650,2023-03-23 16:13:23,5,60.1537028333,24.9534366667,ahenttonen,https://www.inaturalist.org/observations/152072650,Mute Swan,262475924.jpg,262476622.jpg
104918816,Nashville Warbler,Leiothlypis ruficapilla,images/Nashville_Warbler/104918816,2022-01-14 09:37:00,2,18.9242095,-99.2215659,d99,https://www.inaturalist.org/observations/104918816,Nashville Warbler,175914990.jpg,175915039.jpg
169301210,Nashville Warbler,Leiothlypis ruficapilla,images/Nashville_Warbler/169301210,2023-06-24 06:56:00,3,47.5032661361,-64.8812288376,pierrettebreau,https://www.inaturalist.org/observations/169301210,Nashville Warbler,293502633.jpg,293502656.jpg
92668784,Northern Bobwhite,Colinus virginianus,images/Northern_Bobwhite/92668784,2020-06-16 07:35:00,2,39.288102557,-84.6837627853,jack-verdin,https://www.inaturalist.org/observations/92668784,Northern Bobwhite,153472685.jpg,153472674.jpg
100705798,Northern Bobwhite,Colinus virginianus,images/Northern_Bobwhite/100705798,2021-10-01 08:01:00,8,40.9093489183,-73.1509104554,dchernack,https://www.inaturalist.org/observations/100705798,Northern Bobwhite,168098721.jpg,168098788.jpg
10629909,Northern Cardinal,Cardinalis cardinalis,images/Northern_Cardinal/10629909,2014-08-27 08:58:53,4,40.492979,-74.416881,dendroica,https://www.inaturalist.org/observations/10629909,Northern Cardinal,14829359.jpg,14829354.jpg
120754294,Northern Flicker,Colaptes auratus,images/Northern_Flicker/120754294,2022-06-07 18:43:10,4,53.5909803891,-113.449280191,hikinggurl,https://www.inaturalist.org/observations/120754294,Northern Flicker,204271298.jpg,204271317.jpg
322638084,Northern Flicker,Colaptes auratus,images/Northern_Flicker/322638084,2025-10-23 13:45:40,3,45.5311361111,-122.7972944444,whoisababybear,https://www.inaturalist.org/observations/322638084,Northern Flicker,photo_2.jpg,photo_1.jpg
44493666,Northern Gannet,Morus bassanus,images/Northern_Gannet/44493666,2015-09-12 16:20:00,3,54.1874592403,7.8733229737,wbettighofer,https://www.inaturalist.org/observations/44493666,Northern Gannet,70544491.jpg,70544157.jpg
71801841,Northern Gannet,Morus bassanus,images/Northern_Gannet/71801841,2021-03-21 16:54:00,3,33.5236091793,-79.0278104878,melaniegaddy,https://www.inaturalist.org/observations/71801841,Northern Gannet,116959749.jpg,116959411.jpg
89443161,Northern Harrier,Circus hudsonius,images/Northern_Harrier/89443161,2021-07-30 16:50:00,4,44.7050156772,-89.9256613255,danielb98,https://www.inaturalist.org/observations/89443161,Northern Harrier,147705809.jpg,147705770.jpg
99989807,Northern Harrier,Circus hudsonius,images/Northern_Harrier/99989807,2021-10-30 14:59:17,3,36.0798747523,-115.0021527881,samzhang,https://www.inaturalist.org/observations/99989807,Northern Harrier,166815430.jpg,166815412.jpg
314515574,Northern House Wren,Troglodytes aedon,images/Northern_House_Wren/314515574,2025-09-16 10:37:07,7,33.2392583333,-117.1391445,irinamitine,https://www.inaturalist.org/observations/314515574,Northern House Wren,568068002.jpg,568068029.jpg
180185750,Northern House Wren,Troglodytes aedon,images/Northern_House_Wren/180185750,2023-07-23 08:30:00,3,38.556259,-120.830876,rjadams55,https://www.inaturalist.org/observations/180185750,Northern House Wren,313823091.jpg,313822957.jpg
24840732,Northern Mockingbird,Mimus polyglottos,images/Northern_Mockingbird/24840732,2019-05-08 21:08:00,11,30.5265230773,-92.0825389787,rosebones,https://www.inaturalist.org/observations/24840732,Northern Mockingbird,38420317.jpg,38420259.jpg
62680861,Northern Parula,Setophaga americana,images/Northern_Parula/62680861,2020-10-04 16:22:56,2,40.786473759,-74.1023302451,traiano,https://www.inaturalist.org/observations/62680861,Northern Parula,100470331.jpg,100470339.jpg
86578535,Northern Parula,Setophaga americana,images/Northern_Parula/86578535,2021-04-18 15:50:00,2,27.8271063883,-97.0780823333,mikaelb,https://www.inaturalist.org/observations/86578535,Northern Parula,142650671.jpg,142650599.jpg
108153031,Northern Pintail,Anas acuta,images/Northern_Pintail/108153031,2022-03-07 11:36:00,2,48.3245052781,-122.3776314756,sprcrkwild,https://www.inaturalist.org/observations/108153031,Northern Pintail,182039479.jpg,182039492.jpg
118301091,Northern Pygmy-Owl,Glaucidium gnoma,images/Northern_Pygmy-Owl/118301091,2022-05-21 14:28:00,6,45.710933135,-123.367313935,fishaspey,https://www.inaturalist.org/observations/118301091,Northern Pygmy-Owl,199851179.jpg,199851072.jpg
152421295,Northern Pygmy-Owl,Glaucidium gnoma,images/Northern_Pygmy-Owl/152421295,2023-03-26 10:29:00,8,37.2202081641,-122.0509813002,filton18,https://www.inaturalist.org/observations/152421295,Northern Pygmy-Owl,263120465.jpg,263120404.jpg
121798572,Northern Rough-winged Swallow,Stelgidopteryx serripennis,images/Northern_Rough-winged_Swallow/121798572,2022-06-08 17:00:00,7,41.8552289205,-87.6087004752,jingyilu,https://www.inaturalist.org/observations/121798572,Northern Rough-winged Swallow,206149003.jpg,206149065.jpg
71244606,Northern Saw-whet Owl,Aegolius acadicus,images/Northern_Saw-whet_Owl/71244606,2021-03-14 13:40:00,7,39.9960728901,-105.118563801,hannahfloyd_naturalist,https://www.inaturalist.org/observations/71244606,Northern Saw-whet Owl,115961287.jpg,115961248.jpg
322632566,Northern Shoveler,Spatula clypeata,images/Northern_Shoveler/322632566,2025-10-23 09:34:21,3,19.6612305556,-156.0161027778,js5203,https://www.inaturalist.org/observations/322632566,Northern Shoveler,photo_1.jpg,photo_2.jpg
48317345,Northern Shoveler,Spatula clypeata,images/Northern_Shoveler/48317345,2020-06-02 19:25:57,2,61.5084302759,42.5191635266,natalya_ostapova,https://www.inaturalist.org/observations/48317345,Northern Shoveler,77296533.jpg,77296503.jpg
69026828,Northern Shrike,Lanius borealis,images/Northern_Shrike/69026828,2020-12-23 07:39:00,2,41.6393204521,-70.5629918053,nsharp,https://www.inaturalist.org/observations/69026828,Northern Shrike,354278059.jpg,354278063.jpg
88101865,Northern Shrike,Lanius borealis,images/Northern_Shrike/88101865,2021-07-22 12:34:00,3,50.1908303868,87.727203369,marina_gorbunova,https://www.inaturalist.org/observations/88101865,Northern Shrike,145325133.jpg,145325121.jpg
135008440,Northern Waterthrush,Parkesia noveboracensis,images/Northern_Waterthrush/135008440,2022-09-09 10:02:00,4,36.3116278249,-115.6214578672,bobc,https://www.inaturalist.org/observations/135008440,Northern Waterthrush,269172411.jpg,230215365.jpg
146618924,Northwestern Crow,Corvus brachyrhynchos caurinus,images/Northwestern_Crow/146618924,2023-01-12 12:39:20,3,60.1025778333,-149.4346466667,sam-darmstadt,https://www.inaturalist.org/observations/146618924,Northwestern Crow,252120487.jpg,252120497.jpg
39812075,Northwestern Crow,Corvus brachyrhynchos caurinus,images/Northwestern_Crow/39812075,2020-03-09 07:23:00,2,49.22005189,-123.211936465,northvandad,https://www.inaturalist.org/observations/39812075,Northwestern Crow,63200199.jpg,63200193.jpg
68338027,Nuttall's Woodpecker,Dryobates nuttallii,images/Nuttalls_Woodpecker/68338027,2021-01-19 11:23:34,3,33.9243473945,-117.3355581611,wadebibi,https://www.inaturalist.org/observations/68338027,Nuttalls Woodpecker,110629193.jpg,110629184.jpg
69553404,Nuttall's Woodpecker,Dryobates nuttallii,images/Nuttalls_Woodpecker/69553404,2021-02-05 13:29:00,2,38.8056559361,-121.1106729386,busybeebotanist,https://www.inaturalist.org/observations/69553404,Nuttalls Woodpecker,112880601.jpg,112880468.jpg
64668688,Oak Titmouse,Baeolophus inornatus,images/Oak_Titmouse/64668688,2020-11-10 09:54:51,4,37.8906551331,-121.9934129483,abmdjoe,https://www.inaturalist.org/observations/64668688,Oak Titmouse,104000444.jpg,104000454.jpg
72527954,Oak Titmouse,Baeolophus inornatus,images/Oak_Titmouse/72527954,2021-03-30 10:43:00,3,34.113172142,-118.7515126253,andreacala,https://www.inaturalist.org/observations/72527954,Oak Titmouse,118265771.jpg,118265759.jpg
132364970,Orange-crowned Warbler,Leiothlypis celata,images/Orange-crowned_Warbler/132364970,2022-08-11 14:48:00,3,57.4585636538,-152.535480417,djlavor,https://www.inaturalist.org/observations/132364970,Orange-crowned Warbler,225399885.jpg,225400078.jpg
129480529,Orchard Oriole,Icterus spurius,images/Orchard_Oriole/129480529,2022-07-30 10:19:00,3,37.7016845356,-89.1162201784,djlavor,https://www.inaturalist.org/observations/129480529,Orchard Oriole,220043684.jpg,220043655.jpg
105973575,Osprey,Pandion haliaetus,images/Osprey/105973575,2022-02-01 12:04:00,8,28.5120370307,-81.8081946949,qwertyduck,https://www.inaturalist.org/observations/105973575,Osprey,177931109.jpg,177931179.jpg
267788505,Ovenbird,Seiurus aurocapilla,images/Ovenbird/267788505,2025-03-30 2:12 PM,20,25.534255,-80.3236716667,almansa,https://www.inaturalist.org/observations/267788505,Ovenbird,photo_18.jpg,photo_17.jpg
189863346,Ovenbird,Seiurus aurocapilla,images/Ovenbird/189863346,2023-11-03 11:42:35,3,39.9491720183,-75.1982790884,melisol,https://www.inaturalist.org/observations/189863346,Ovenbird,332702885.jpg,332702878.jpg
77653352,Pacific Loon,Gavia pacifica,images/Pacific_Loon/77653352,2021-05-06 11:05:00,2,43.6162210053,-79.3440089934,handy2,https://www.inaturalist.org/observations/77653352,Pacific Loon,127014117.jpg,127013721.jpg
107154351,Pacific Loon,Gavia pacifica,images/Pacific_Loon/107154351,2022-02-20 08:00:00,2,32.75641156,-117.26003871,thumbwave,https://www.inaturalist.org/observations/107154351,Pacific Loon,180164830.jpg,180164895.jpg
109717119,Pacific Wren,Troglodytes pacificus,images/Pacific_Wren/109717119,2022-03-27 14:21:00,13,47.0722553,-122.8952681,hendre17,https://www.inaturalist.org/observations/109717119,Pacific Wren,184966569.jpg,184966642.jpg
125125376,Pacific Wren,Troglodytes pacificus,images/Pacific_Wren/125125376,2022-07-06 16:25:00,2,48.7824656647,-123.3027362849,creature_librarian,https://www.inaturalist.org/observations/125125376,Pacific Wren,212166416.jpg,212166779.jpg
69331399,Painted Bunting,Passerina ciris,images/Painted_Bunting/69331399,2021-02-09 17:31:00,10,19.9715116667,-99.1772266667,ivanresendizcruz,https://www.inaturalist.org/observations/69331399,Painted Bunting,112488121.jpg,112488011.jpg
80413275,Painted Bunting,Passerina ciris,images/Painted_Bunting/80413275,2021-05-24 18:08:00,8,41.9729421985,-87.6831630515,brdnrdr,https://www.inaturalist.org/observations/80413275,Painted Bunting,131793752.jpg,131793595.jpg
64622336,Palm Warbler,Setophaga palmarum,images/Palm_Warbler/64622336,2020-11-10 15:28:00,3,27.7792520523,-82.6402189791,sisor,https://www.inaturalist.org/observations/64622336,Palm Warbler,103917488.jpg,103917479.jpg
73340530,Palm Warbler,Setophaga palmarum,images/Palm_Warbler/73340530,2021-03-17 06:47:00,2,25.1369426622,-80.9562728908,como_plants_animals_rocks,https://www.inaturalist.org/observations/73340530,Palm Warbler,179833548.jpg,179833597.jpg
92047509,Pelagic Cormorant,Urile pelagicus,images/Pelagic_Cormorant/92047509,2021-08-21 22:10:00,3,49.3221403927,-123.1395195052,rm1997,https://www.inaturalist.org/observations/92047509,Pelagic Cormorant,152345769.jpg,152345780.jpg
126579257,Pelagic Cormorant,Urile pelagicus,images/Pelagic_Cormorant/126579257,2022-07-15 08:38:00,3,49.2784490883,-123.14266024,northvandad,https://www.inaturalist.org/observations/126579257,Pelagic Cormorant,214785102.jpg,214785073.jpg
87003265,Peregrine Falcon,Falco peregrinus,images/Peregrine_Falcon/87003265,2021-07-13 21:57:00,8,56.417546386,61.9189146626,vladimirkharuk,https://www.inaturalist.org/observations/87003265,Peregrine Falcon,143426685.jpg,143426681.jpg
66270581,Phainopepla,Phainopepla nitens,images/Phainopepla/66270581,2020-12-07 13:04:31,3,35.22956167,-115.82743833,thompsonmark23,https://www.inaturalist.org/observations/66270581,Phainopepla,106793514.jpg,106793456.jpg
106419312,Phainopepla,Phainopepla nitens,images/Phainopepla/106419312,2022-01-26 09:43:00,2,31.6898106,-111.0448131,blythenilson,https://www.inaturalist.org/observations/106419312,Phainopepla,178765852.jpg,178765944.jpg
136108150,Pied-billed Grebe,Podilymbus podiceps,images/Pied-billed_Grebe/136108150,2022-09-21 13:27:00,2,-23.5892732382,-46.6571818874,rodrigo_lazaro,https://www.inaturalist.org/observations/136108150,Pied-billed Grebe,232241307.jpg,232241324.jpg
141631661,Pied-billed Grebe,Podilymbus podiceps,images/Pied-billed_Grebe/141631661,2022-11-10 12:36:00,6,30.3916594261,-90.1137209548,ncb1221,https://www.inaturalist.org/observations/141631661,Pied-billed Grebe,242682530.jpg,242682520.jpg
145795292,Pigeon Guillemot,Cepphus columba,images/Pigeon_Guillemot/145795292,2023-01-03 11:08:00,2,47.8111173519,-122.3900341147,sprcrkwild,https://www.inaturalist.org/observations/145795292,Pigeon Guillemot,250508270.jpg,250508251.jpg
180408355,Pigeon Guillemot,Cepphus columba,images/Pigeon_Guillemot/180408355,2021-10-03 16:51:49,2,47.62175,-122.50608,andrewm77,https://www.inaturalist.org/observations/180408355,Pigeon Guillemot,314252049.jpg,314252065.jpg
39280602,Pileated Woodpecker,Dryocopus pileatus,images/Pileated_Woodpecker/39280602,2020-02-26 12:25:00,3,45.5920361434,-64.9566796966,nbdragonflyguy,https://www.inaturalist.org/observations/39280602,Pileated Woodpecker,62300753.jpg,62301367.jpg
66789870,Pine Siskin,Spinus pinus,images/Pine_Siskin/66789870,2020-12-19 08:32:00,3,40.1426530556,-75.0824547222,kdstutzman,https://www.inaturalist.org/observations/66789870,Pine Siskin,107744915.jpg,107744938.jpg
67746395,Pine Siskin,Spinus pinus,images/Pine_Siskin/67746395,2018-04-15 13:40:00,2,33.9111005628,-83.3039437434,williamwisephoto,https://www.inaturalist.org/observations/67746395,Pine Siskin,109536673.jpg,109536701.jpg
322503471,Pine Warbler,Setophaga pinus,images/Pine_Warbler/322503471,2025-10-22 1:28 PM,2,34.42414,-82.8261383333,sc_beetles,https://www.inaturalist.org/observations/322503471,Pine Warbler,photo_2.jpg,photo_1.jpg
66309622,Plumbeous Vireo,Vireo plumbeus,images/Plumbeous_Vireo/66309622,2020-12-08 09:22:00,2,37.919443,-121.712614,kevinhintsa,https://www.inaturalist.org/observations/66309622,Plumbeous Vireo,106867877.jpg,106867862.jpg
66375873,Plumbeous Vireo,Vireo plumbeus,images/Plumbeous_Vireo/66375873,2020-11-22 09:39:10,15,20.5187285656,-99.885058701,alvaro_atrogularis,https://www.inaturalist.org/observations/66375873,Plumbeous Vireo,106990104.jpg,106990101.jpg
109017453,Prairie Falcon,Falco mexicanus,images/Prairie_Falcon/109017453,2022-03-19 00:00:00,2,43.2750507343,-116.3983056361,jamesjarrett00,https://www.inaturalist.org/observations/109017453,Prairie Falcon,183659471.jpg,183659374.jpg
111820120,Prairie Falcon,Falco mexicanus,images/Prairie_Falcon/111820120,2022-04-14 08:34:00,5,34.1486924251,-116.0378025385,ericcleveland,https://www.inaturalist.org/observations/111820120,Prairie Falcon,188807103.jpg,188807042.jpg
51119274,Prairie Warbler,Setophaga discolor,images/Prairie_Warbler/51119274,2020-06-27 09:06:00,2,41.8563808092,-70.6769161479,bmvig,https://www.inaturalist.org/observations/51119274,Prairie Warbler,81201591.jpg,81201640.jpg
61446757,Prairie Warbler,Setophaga discolor,images/Prairie_Warbler/61446757,2020-10-01 17:52:00,2,33.5064633338,-79.0679740181,melaniegaddy,https://www.inaturalist.org/observations/61446757,Prairie Warbler,98331183.jpg,98330897.jpg
71975889,Prothonotary Warbler,Protonotaria citrea,images/Prothonotary_Warbler/71975889,2021-03-24 09:42:00,3,27.7691937,-82.7689906,sstrawberry_seungmin,https://www.inaturalist.org/observations/71975889,Prothonotary Warbler,117272156.jpg,117272375.jpg
77587961,Prothonotary Warbler,Protonotaria citrea,images/Prothonotary_Warbler/77587961,2021-04-30 15:33:00,3,33.3851633333,-81.96612,williamwisephoto,https://www.inaturalist.org/observations/77587961,Prothonotary Warbler,126902862.jpg,126902851.jpg
119340633,Purple Finch,Haemorhous purpureus,images/Purple_Finch/119340633,2022-05-29 12:03:00,3,37.4510082246,-122.4148745676,sunny1az,https://www.inaturalist.org/observations/119340633,Purple Finch,201725137.jpg,201725096.jpg
100732792,Purple Gallinule,Porphyrio martinica,images/Purple_Gallinule/100732792,2021-09-28 06:58:00,4,16.9845775104,-89.6927265732,ricardelremate,https://www.inaturalist.org/observations/100732792,Purple Gallinule,168153813.jpg,168153528.jpg
261481833,Purple Gallinule,Porphyrio martinica,images/Purple_Gallinule/261481833,2025-02-10 16:54:00,10,9.8895273312,-83.6550764882,nsalazar05,https://www.inaturalist.org/observations/261481833,Purple Gallinule,469774571.jpg,469774568.jpg
84640362,Purple Martin,Progne subis,images/Purple_Martin/84640362,2021-06-26 12:31:00,2,41.2525598558,-72.5463944689,conboy,https://www.inaturalist.org/observations/84640362,Purple Martin,139130336.jpg,139130382.jpg
148285903,Purple Martin,Progne subis,images/Purple_Martin/148285903,2023-01-26 17:36:00,2,27.7135907812,-80.5577213156,anhingas,https://www.inaturalist.org/observations/148285903,Purple Martin,255327287.jpg,255327175.jpg
85434693,Pygmy Nuthatch,Sitta pygmaea,images/Pygmy_Nuthatch/85434693,2021-07-02 18:22:00,2,34.2310694444,-116.8270583333,sessilefielder,https://www.inaturalist.org/observations/85434693,Pygmy Nuthatch,140568581.jpg,140568599.jpg
187870498,Pyrrhuloxia,Cardinalis sinuatus,images/Pyrrhuloxia/187870498,2023-10-15 13:34:00,7,22.2235020483,-101.1025838727,la-bitacora-del-cuervito,https://www.inaturalist.org/observations/187870498,Pyrrhuloxia,328647722.jpg,328647284.jpg
65666130,Red Crossbill,Loxia curvirostra,images/Red_Crossbill/65666130,2020-11-26 09:34:00,5,37.5037277936,-122.3725328597,gyrrlfalcon,https://www.inaturalist.org/observations/65666130,Red Crossbill,105727552.jpg,105727568.jpg
69792375,Red Crossbill,Loxia curvirostra,images/Red_Crossbill/69792375,2021-02-17 00:00:00,6,19.6877978611,-101.9547782466,lesliealanis,https://www.inaturalist.org/observations/69792375,Red Crossbill,113332169.jpg,113332187.jpg
97965291,Red-bellied Woodpecker,Melanerpes carolinus,images/Red-bellied_Woodpecker/97965291,2021-10-11 16:45:23,3,39.8921521676,-75.2572136745,tb_wildlife_photography,https://www.inaturalist.org/observations/97965291,Red-bellied Woodpecker,163013408.jpg,163013394.jpg
111203818,Red-bellied Woodpecker,Melanerpes carolinus,images/Red-bellied_Woodpecker/111203818,2022-04-12 10:16:00,2,43.071915955,-72.6543806842,ckhunt,https://www.inaturalist.org/observations/111203818,Red-bellied Woodpecker,187697132.jpg,187697970.jpg
111597151,Red-breasted Merganser,Mergus serrator,images/Red-breasted_Merganser/111597151,2022-04-15 18:15:00,3,44.9235033333,-93.3108516667,mollyhanse,https://www.inaturalist.org/observations/111597151,Red-breasted Merganser,188408199.jpg,188408175.jpg
132033145,Red-breasted Nuthatch,Sitta canadensis,images/Red-breasted_Nuthatch/132033145,2022-08-23 13:27:24,4,43.7257116667,-79.6097333333,michaelnaumoff,https://www.inaturalist.org/observations/132033145,Red-breasted Nuthatch,224784519.jpg,224784563.jpg
141465406,Red-breasted Nuthatch,Sitta canadensis,images/Red-breasted_Nuthatch/141465406,2022-11-08 11:07:00,4,54.0613076561,9.7534348609,ma_fink,https://www.inaturalist.org/observations/141465406,Red-breasted Nuthatch,242361719.jpg,242361723.jpg
258619526,Red-breasted Sapsucker,Sphyrapicus ruber,images/Red-breasted_Sapsucker/258619526,2025-01-15 15:23:04,4,37.6644166667,-121.8985583333,irinamitine,https://www.inaturalist.org/observations/258619526,Red-breasted Sapsucker,464053224.jpg,464056202.jpg
309163814,Red-eyed Vireo,Vireo olivaceus,images/Red-eyed_Vireo/309163814,2025-08-25 14:47:32,2,47.6345960671,-90.7124010482,bimibatoo,https://www.inaturalist.org/observations/309163814,Red-eyed Vireo,557863883.jpg,557863867.jpg
166191242,Red-eyed Vireo,Vireo olivaceus,images/Red-eyed_Vireo/166191242,2021-05-29 07:30:00,2,45.497753053,-89.5485193425,sophiasperd,https://www.inaturalist.org/observations/166191242,Red-eyed Vireo,287766835.jpg,287766837.jpg
70407175,Red-headed Woodpecker,Melanerpes erythrocephalus,images/Red-headed_Woodpecker/70407175,2021-01-18 11:03:00,2,43.0958843996,-79.3312083851,josh_vandermeulen,https://www.inaturalist.org/observations/70407175,Red-headed Woodpecker,114452686.jpg,114452697.jpg
115196038,Red-headed Woodpecker,Melanerpes erythrocephalus,images/Red-headed_Woodpecker/115196038,2022-05-03 13:45:00,2,35.9685244,-78.9686294,davidgeorge,https://www.inaturalist.org/observations/115196038,Red-headed Woodpecker,194448351.jpg,194448336.jpg
313671533,Red-naped Sapsucker,Sphyrapicus nuchalis,images/Red-naped_Sapsucker/313671533,2025-09-13 08:10:00,2,40.8141133,-110.7990599,canned_salmon,https://www.inaturalist.org/observations/313671533,Red-naped Sapsucker,566467346.jpg,566467092.jpg
253790683,Red-naped Sapsucker,Sphyrapicus nuchalis,images/Red-naped_Sapsucker/253790683,2024-11-30 4:32 PM,3,33.4823374812,-112.303417661,kneubaue,https://www.inaturalist.org/observations/253790683,Red-naped Sapsucker,photo_2.jpg,photo_3.jpg
115016075,Red-necked Grebe,Podiceps grisegena,images/Red-necked_Grebe/115016075,2022-05-01 07:56:00,2,43.5878974349,-79.513510427,kentross,https://www.inaturalist.org/observations/115016075,Red-necked Grebe,194150247.jpg,194150196.jpg
140638865,Red-necked Grebe,Podiceps grisegena,images/Red-necked_Grebe/140638865,2016-08-05 19:01:00,2,46.44366,31.6906483333,petro_hryniuk,https://www.inaturalist.org/observations/140638865,Red-necked Grebe,240765225.jpg,240765240.jpg
23068049,Red-shouldered Hawk,Buteo lineatus,images/Red-shouldered_Hawk/23068049,2019-04-25 14:45:00,6,29.1502697366,-82.0599220321,ryanm2,https://www.inaturalist.org/observations/23068049,Red-shouldered Hawk,35761998.jpg,35761965.jpg
24565047,Red-shouldered Hawk,Buteo lineatus,images/Red-shouldered_Hawk/24565047,2019-05-04 18:52:00,6,30.1733783333,-97.977305,greglasley,https://www.inaturalist.org/observations/24565047,Red-shouldered Hawk,37984779.jpg,37984764.jpg
63164174,Red-tailed Hawk,Buteo jamaicensis,images/Red-tailed_Hawk/63164174,2020-10-14 14:40:00,2,43.071915955,-72.6543806842,ckhunt,https://www.inaturalist.org/observations/63164174,Red-tailed Hawk,101327702.jpg,101327658.jpg
103023769,Red-tailed Hawk,Buteo jamaicensis,images/Red-tailed_Hawk/103023769,2021-12-13 13:31:37,3,25.393620161,-100.5583362326,raulbenavides,https://www.inaturalist.org/observations/103023769,Red-tailed Hawk,172337664.jpg,172337655.jpg
129773419,Red-throated Loon,Gavia stellata,images/Red-throated_Loon/129773419,2022-08-03 15:04:00,4,38.0263600438,-122.9601535758,sam-darmstadt,https://www.inaturalist.org/observations/129773419,Red-throated Loon,230052033.jpg,230052046.jpg
188877808,Red-throated Loon,Gavia stellata,images/Red-throated_Loon/188877808,2022-07-19 16:03:00,5,66.5440242745,33.097115706,alexander_semenov,https://www.inaturalist.org/observations/188877808,Red-throated Loon,330716618.jpg,330716626.jpg
103385972,Red-winged Blackbird,Agelaius phoeniceus,images/Red-winged_Blackbird/103385972,2021-12-20 10:58:00,9,38.5518233333,-121.6202333333,phylogenomics,https://www.inaturalist.org/observations/103385972,Red-winged Blackbird,173017737.jpg,173017691.jpg
128296008,Red-winged Blackbird,Agelaius phoeniceus,images/Red-winged_Blackbird/128296008,2021-11-21 08:45:50,2,33.639695,-84.1560833333,dan_watson,https://www.inaturalist.org/observations/128296008,Red-winged Blackbird,217909550.jpg,217909588.jpg
115359427,Reddish Egret,Egretta rufescens,images/Reddish_Egret/115359427,2022-05-03 12:15:00,3,25.9476284794,-81.7461358374,jjewett,https://www.inaturalist.org/observations/115359427,Reddish Egret,194713053.jpg,194713092.jpg
277186829,Redhead,Aythya americana,images/Redhead/277186829,2025-04-30 17:49:33-04:00,8,42.538995,-76.54705,riverahlquist,https://www.inaturalist.org/observations/277186829,Redhead,photo_3.jpg,photo_4.jpg
94754372,Redpoll,Acanthis flammea,images/Redpoll/94754372,2021-09-03 16:17:00,2,65.8426869175,44.241413176,irinabutorina,https://www.inaturalist.org/observations/94754372,Redpoll,157219777.jpg,157219890.jpg
189449546,Redpoll,Acanthis flammea,images/Redpoll/189449546,2023-10-24 14:38:00,3,56.43431,37.52043,ankhen,https://www.inaturalist.org/observations/189449546,Redpoll,331878962.jpg,331878971.jpg
73689232,Ring-billed Gull,Larus delawarensis,images/Ring-billed_Gull/73689232,2021-01-01 14:34:00,2,40.5395183594,-74.1302860635,karen5lund,https://www.inaturalist.org/observations/73689232,Ring-billed Gull,120333671.jpg,120333699.jpg
111388945,Ring-necked Duck,Aythya collaris,images/Ring-necked_Duck/111388945,2022-04-13 19:06:00,5,44.7750982363,-77.3321376041,mhalsted,https://www.inaturalist.org/observations/111388945,Ring-necked Duck,188033287.jpg,188033181.jpg
264797407,Ring-necked Duck,Aythya collaris,images/Ring-necked_Duck/264797407,2025-03-09 11:16:00,4,39.0542503536,-77.0387244049,dtread1,https://www.inaturalist.org/observations/264797407,Ring-necked Duck,475528285.jpg,475528284.jpg
18820744,Ring-necked Pheasant,Phasianus colchicus,images/Ring-necked_Pheasant/18820744,2018-12-03 15:26:00,3,-36.897847983,174.7906643329,jacqui-nz,https://www.inaturalist.org/observations/18820744,Ring-necked Pheasant,28828918.jpg,28828920.jpg
21030529,Ring-necked Pheasant,Phasianus colchicus,images/Ring-necked_Pheasant/21030529,2019-03-07 00:00:00,3,52.0715033203,-2.433390847,tiggrx,https://www.inaturalist.org/observations/21030529,Ring-necked Pheasant,32485950.jpg,32485944.jpg
285665201,Rock Pigeon,Columba livia,images/Rock_Pigeon/285665201,2025-05-31 17:52:48,5,43.3451627928,-1.7960095033,sehd,https://www.inaturalist.org/observations/285665201,Rock Pigeon,photo_5.jpg,photo_1.jpg
60673758,Rose-breasted Grosbeak,Pheucticus ludovicianus,images/Rose-breasted_Grosbeak/60673758,2020-09-24 11:00:37,4,40.0495316243,-79.368748761,kyleighg524,https://www.inaturalist.org/observations/60673758,Rose-breasted Grosbeak,97035468.jpg,97035507.jpg
62432840,Rose-breasted Grosbeak,Pheucticus ludovicianus,images/Rose-breasted_Grosbeak/62432840,2020-10-05 10:39:00,2,39.100655,-80.471169,becksnyc,https://www.inaturalist.org/observations/62432840,Rose-breasted Grosbeak,100020544.jpg,100020520.jpg
90618735,Roseate Spoonbill,Platalea ajaja,images/Roseate_Spoonbill/90618735,2021-08-09 20:25:18,9,42.0582818476,-73.3462770894,spinosaurusrocks,https://www.inaturalist.org/observations/90618735,Roseate Spoonbill,149788211.jpg,149788201.jpg
70635553,Ross's Goose,Anser rossii,images/Rosss_Goose/70635553,2021-03-05 17:06:00,4,39.2090943601,-84.5780794583,whateverwatcher,https://www.inaturalist.org/observations/70635553,Rosss Goose,114865631.jpg,114865723.jpg
297700668,Ross's Goose,Anser rossii,images/Rosss_Goose/297700668,2025-07-13 10:48 AM,4,30.4015634369,-91.1233854333,brandonjjohnson,https://www.inaturalist.org/observations/297700668,Rosss Goose,photo_1.jpg,photo_3.jpg
38451840,Rough-legged Hawk,Buteo lagopus,images/Rough-legged_Hawk/38451840,2020-02-08 15:43:00,3,42.7548046009,-70.8018797694,lma82,https://www.inaturalist.org/observations/38451840,Rough-legged Hawk,61112412.jpg,61112050.jpg
66822446,Rough-legged Hawk,Buteo lagopus,images/Rough-legged_Hawk/66822446,2016-09-24 13:33:00,2,60.4444646468,22.9672555408,villerih,https://www.inaturalist.org/observations/66822446,Rough-legged Hawk,107811324.jpg,107811313.jpg
103095344,Royal Tern,Thalasseus maximus,images/Royal_Tern/103095344,2021-11-21 09:05:00,2,16.9957705446,-89.6970814005,ricardelremate,https://www.inaturalist.org/observations/103095344,Royal Tern,172473915.jpg,172474033.jpg
109195608,Royal Tern,Thalasseus maximus,images/Royal_Tern/109195608,2020-09-18 19:14:00,2,29.6438166,-84.9130295,evanrandall,https://www.inaturalist.org/observations/109195608,Royal Tern,183995896.jpg,183995910.jpg
91788435,Ruby-crowned Kinglet,Corthylio calendula,images/Ruby-crowned_Kinglet/91788435,2021-08-15 08:34:00,2,36.3109286955,-115.6220535059,lonnyholmes,https://www.inaturalist.org/observations/91788435,Ruby-crowned Kinglet,151883509.jpg,151883175.jpg
95814492,Ruby-crowned Kinglet,Corthylio calendula,images/Ruby-crowned_Kinglet/95814492,2021-09-19 09:06:00,2,43.6472081459,-79.4654190695,kentross,https://www.inaturalist.org/observations/95814492,Ruby-crowned Kinglet,159104844.jpg,159104857.jpg
37759858,Ruby-throated Hummingbird,Archilochus colubris,images/Ruby-throated_Hummingbird/37759858,2020-01-19 15:54:00,3,26.12406,-80.2257,karen33317,https://www.inaturalist.org/observations/37759858,Ruby-throated Hummingbird,59925219.jpg,59925230.jpg
39983582,Ruby-throated Hummingbird,Archilochus colubris,images/Ruby-throated_Hummingbird/39983582,2004-07-04 00:00:00,3,67.408463,-150.109802,robertweeden,https://www.inaturalist.org/observations/39983582,Ruby-throated Hummingbird,63492809.jpg,63492881.jpg
117654382,Ruddy Duck,Oxyura jamaicensis,images/Ruddy_Duck/117654382,2011-06-01 19:15:00,3,27.826918,-97.077779,candice-turtle-mottet,https://www.inaturalist.org/observations/117654382,Ruddy Duck,208900915.jpg,199236215.jpg
57506506,Ruddy Turnstone,Arenaria interpres,images/Ruddy_Turnstone/57506506,2020-08-24 16:42:34,2,26.1316347559,-97.167577967,k77027,https://www.inaturalist.org/observations/57506506,Ruddy Turnstone,91732586.jpg,91732592.jpg
64453869,Ruddy Turnstone,Arenaria interpres,images/Ruddy_Turnstone/64453869,2020-11-08 16:12:00,2,38.6934000087,-9.3689677564,andrefabiao,https://www.inaturalist.org/observations/64453869,Ruddy Turnstone,103625955.jpg,103626354.jpg
40801040,Ruffed Grouse,Bonasa umbellus,images/Ruffed_Grouse/40801040,2018-04-27 13:58:00,3,45.2204322799,-75.7213152526,aliuh,https://www.inaturalist.org/observations/40801040,Ruffed Grouse,64679867.jpg,64679793.jpg
100920312,Ruffed Grouse,Bonasa umbellus,images/Ruffed_Grouse/100920312,2021-11-11 17:01:57,7,45.9236128051,-65.7720914483,becksinsects,https://www.inaturalist.org/observations/100920312,Ruffed Grouse,168490057.jpg,168490027.jpg
67826052,Rufous Hummingbird,Selasphorus rufus,images/Rufous_Hummingbird/67826052,2021-01-09 11:00:00,7,39.9511355414,-77.5655359523,jeffersonshank,https://www.inaturalist.org/observations/67826052,Rufous Hummingbird,109684119.jpg,109684157.jpg
101353556,Rufous Hummingbird,Selasphorus rufus,images/Rufous_Hummingbird/101353556,2021-10-07 17:14:00,5,16.7624506434,-93.1297981615,diegowlet,https://www.inaturalist.org/observations/101353556,Rufous Hummingbird,194617155.jpg,194617190.jpg
111925952,Rufous-crowned Sparrow,Aimophila ruficeps,images/Rufous-crowned_Sparrow/111925952,2022-03-21 15:22:00,2,20.78478,-104.8366263889,luispauperrimo,https://www.inaturalist.org/observations/111925952,Rufous-crowned Sparrow,189004984.jpg,189005089.jpg
157722805,Rufous-crowned Sparrow,Aimophila ruficeps,images/Rufous-crowned_Sparrow/157722805,2023-04-29 08:49:18,2,35.136058582,-106.4769268223,jnstuart,https://www.inaturalist.org/observations/157722805,Rufous-crowned Sparrow,272890589.jpg,272661473.jpg
44889109,Rusty Blackbird,Euphagus carolinus,images/Rusty_Blackbird/44889109,2020-05-04 09:49:00,6,46.1988433333,-60.31922,dbmcc09,https://www.inaturalist.org/observations/44889109,Rusty Blackbird,71159330.jpg,71159343.jpg
49919663,Rusty Blackbird,Euphagus carolinus,images/Rusty_Blackbird/49919663,2020-06-16 17:50:00,2,64.030631621,-139.2177666983,ewren,https://www.inaturalist.org/observations/49919663,Rusty Blackbird,79259119.jpg,79259980.jpg
89477944,Sanderling,Calidris alba,images/Sanderling/89477944,2021-07-19 11:13:00,2,47.2558983333,-61.792985,imbeaul,https://www.inaturalist.org/observations/89477944,Sanderling,147766658.jpg,147766728.jpg
189005438,Savannah Sparrow,Passerculus sandwichensis,images/Savannah_Sparrow/189005438,2023-10-25 11:11:00,4,38.8897786,-77.1680243653,bilcha,https://www.inaturalist.org/observations/189005438,Savannah Sparrow,330975665.jpg,330975663.jpg
199711696,Savannah Sparrow,Passerculus sandwichensis,images/Savannah_Sparrow/199711696,2024-02-18 10:39:00,2,30.430225,-96.3639683333,laurasare,https://www.inaturalist.org/observations/199711696,Savannah Sparrow,352236233.jpg,352236238.jpg
83993187,Say's Phoebe,Sayornis saya,images/Says_Phoebe/83993187,2021-06-21 15:42:46,3,35.3249033,-119.0893248997,christophercooke,https://www.inaturalist.org/observations/83993187,Says Phoebe,138001804.jpg,138001789.jpg
200661911,Scaled Quail,Callipepla squamata,images/Scaled_Quail/200661911,2024-02-18 08:05:00,2,31.4558273654,-110.5701948787,lindakennedy,https://www.inaturalist.org/observations/200661911,Scaled Quail,354071241.jpg,354071479.jpg
204487747,Scaled Quail,Callipepla squamata,images/Scaled_Quail/204487747,2024-03-29 11:00:00,3,33.4590169973,-104.4035839895,susanelliott,https://www.inaturalist.org/observations/204487747,Scaled Quail,361695116.jpg,361452983.jpg
276888633,Scarlet Tanager,Piranga olivacea,images/Scarlet_Tanager/276888633,2025-04-26 10:10:00,7,29.6988825655,-93.9484466931,michaelkalisek,https://www.inaturalist.org/observations/276888633,Scarlet Tanager,497218972.jpg,497219700.jpg
94613581,Scarlet Tanager,Piranga olivacea,images/Scarlet_Tanager/94613581,2021-09-10 03:44:25,4,43.6444184053,-72.7742046118,joyjoy,https://www.inaturalist.org/observations/94613581,Scarlet Tanager,156969120.jpg,156969142.jpg
38682269,Scissor-tailed Flycatcher,Tyrannus forficatus,images/Scissor-tailed_Flycatcher/38682269,2020-02-15 09:34:00,2,28.3223149911,-96.7913296502,mako252,https://www.inaturalist.org/observations/38682269,Scissor-tailed Flycatcher,61514377.jpg,61514190.jpg
88544126,Scissor-tailed Flycatcher,Tyrannus forficatus,images/Scissor-tailed_Flycatcher/88544126,2021-07-24 14:47:05,2,36.6266261111,-94.8961133333,xpda,https://www.inaturalist.org/observations/88544126,Scissor-tailed Flycatcher,146101736.jpg,146101758.jpg
113943488,Semipalmated Plover,Charadrius semipalmatus,images/Semipalmated_Plover/113943488,2022-04-30 15:00:49,4,41.7600083333,-87.544395,breanddave,https://www.inaturalist.org/observations/113943488,Semipalmated Plover,192455201.jpg,192454792.jpg
149694576,Semipalmated Sandpiper,Calidris pusilla,images/Semipalmated_Sandpiper/149694576,2023-02-05 09:27:05,6,-7.0402888803,-34.8430363834,joaoabraao,https://www.inaturalist.org/observations/149694576,Semipalmated Sandpiper,257987012.jpg,257986929.jpg
152164329,Semipalmated Sandpiper,Calidris pusilla,images/Semipalmated_Sandpiper/152164329,2023-03-24 10:36:43,2,18.8914804605,-95.943349041,sopasbar,https://www.inaturalist.org/observations/152164329,Semipalmated Sandpiper,262649143.jpg,262645624.jpg
37472832,Sharp-shinned Hawk,Accipiter striatus,images/Sharp-shinned_Hawk/37472832,2019-11-16 12:10:05,2,46.6313896179,-117.8150024414,rjbaltierra,https://www.inaturalist.org/observations/37472832,Sharp-shinned Hawk,59411241.jpg,59411251.jpg
44213294,Sharp-shinned Hawk,Accipiter striatus,images/Sharp-shinned_Hawk/44213294,2020-04-27 16:30:00,4,43.0706450394,-72.6553949104,ckhunt,https://www.inaturalist.org/observations/44213294,Sharp-shinned Hawk,70099291.jpg,70099644.jpg
110103727,Short-billed Dowitcher,Limnodromus griseus,images/Short-billed_Dowitcher/110103727,2022-04-01 08:13:00,4,36.88782875,-121.80388018,samrawlins,https://www.inaturalist.org/observations/110103727,Short-billed Dowitcher,185681850.jpg,185681829.jpg
267986589,Short-billed Gull,Larus brachyrhynchus,images/Short-billed_Gull/267986589,2025-03-31 1:48 PM,5,37.7788190029,-122.5145273877,ericcameron,https://www.inaturalist.org/observations/267986589,Short-billed Gull,photo_3.jpg,photo_1.jpg
38053654,Snow Bunting,Plectrophenax nivalis,images/Snow_Bunting/38053654,2020-01-28 08:58:00,3,51.24853,12.3006683333,martingrimm,https://www.inaturalist.org/observations/38053654,Snow Bunting,60423275.jpg,60432782.jpg
63380128,Snow Bunting,Plectrophenax nivalis,images/Snow_Bunting/63380128,2020-10-12 16:39:00,5,54.18887,7.8837366667,christoph_moning,https://www.inaturalist.org/observations/63380128,Snow Bunting,101706360.jpg,101706605.jpg
101972517,Snow Goose,Anser caerulescens,images/Snow_Goose/101972517,2021-10-14 14:25:00,2,39.4098516869,-74.3669938653,abbyks,https://www.inaturalist.org/observations/101972517,Snow Goose,170371143.jpg,170371003.jpg
85171768,Snowy Egret,Egretta thula,images/Snowy_Egret/85171768,2018-04-02 14:38:20,3,28.41128,-81.4590533333,captainmantis37,https://www.inaturalist.org/observations/85171768,Snowy Egret,140095190.jpg,140095214.jpg
98675229,Snowy Egret,Egretta thula,images/Snowy_Egret/98675229,2021-10-16 06:43:00,2,27.8049005,-82.7972228,squidpastry,https://www.inaturalist.org/observations/98675229,Snowy Egret,164343402.jpg,164343320.jpg
41115119,Snowy Owl,Bubo scandiacus,images/Snowy_Owl/41115119,2014-04-28 11:49:00,2,48.4534940201,-5.1335486231,b_louboutin,https://www.inaturalist.org/observations/41115119,Snowy Owl,65195152.jpg,65195367.jpg
55879566,Snowy Owl,Bubo scandiacus,images/Snowy_Owl/55879566,2014-07-02 15:41:00,5,72.829214689,-79.6954045583,don-jean,https://www.inaturalist.org/observations/55879566,Snowy Owl,88995149.jpg,88995116.jpg
110639962,Solitary Sandpiper,Tringa solitaria,images/Solitary_Sandpiper/110639962,2022-04-06 13:13:03,3,19.1439984999,-96.7349058017,madeteco,https://www.inaturalist.org/observations/110639962,Solitary Sandpiper,186676223.jpg,186676181.jpg
117304490,Solitary Sandpiper,Tringa solitaria,images/Solitary_Sandpiper/117304490,2022-05-16 09:15:26,2,24.7226526218,-81.387650186,kevin_wc,https://www.inaturalist.org/observations/117304490,Solitary Sandpiper,198094585.jpg,198094538.jpg
144884525,Song Sparrow,Melospiza melodia,images/Song_Sparrow/144884525,2022-11-09 11:46:04,4,41.7533959939,-71.383301409,christa_explores,https://www.inaturalist.org/observations/144884525,Song Sparrow,248795570.jpg,248796176.jpg
101291916,Spotted Sandpiper,Actitis macularius,images/Spotted_Sandpiper/101291916,2021-10-06 16:57:00,5,16.9432544287,-89.8968457737,ricardelremate,https://www.inaturalist.org/observations/101291916,Spotted Sandpiper,169150583.jpg,169150246.jpg
111466474,Spotted Sandpiper,Actitis macularius,images/Spotted_Sandpiper/111466474,2022-04-14 15:28:57,5,36.5753369555,-82.22913187,chrissy98,https://www.inaturalist.org/observations/111466474,Spotted Sandpiper,188170340.jpg,188170356.jpg
65005673,Spotted Towhee,Pipilo maculatus,images/Spotted_Towhee/65005673,2020-10-25 16:57:23,3,49.2926040191,-123.1465739394,harmony_rainbow_sunshine,https://www.inaturalist.org/observations/65005673,Spotted Towhee,104592272.jpg,104592546.jpg
65719674,Spotted Towhee,Pipilo maculatus,images/Spotted_Towhee/65719674,2020-11-24 14:02:00,2,40.1272909657,-123.8247037936,beartracker,https://www.inaturalist.org/observations/65719674,Spotted Towhee,105822861.jpg,105822849.jpg
80560330,Steller's Jay,Cyanocitta stelleri,images/Stellers_Jay/80560330,2021-05-19 11:20:00,5,49.3984929,-123.4507319,elsemikkelsen,https://www.inaturalist.org/observations/80560330,Stellers Jay,132051593.jpg,132051653.jpg
81213474,Steller's Jay,Cyanocitta stelleri,images/Stellers_Jay/81213474,2021-06-01 12:13:00,4,38.342323233,-122.6018253475,dave_pg,https://www.inaturalist.org/observations/81213474,Stellers Jay,133231352.jpg,133185065.jpg
83710371,Summer Tanager,Piranga rubra,images/Summer_Tanager/83710371,2021-06-19 08:39:00,6,36.069206756,-115.4581431854,lonnyholmes,https://www.inaturalist.org/observations/83710371,Summer Tanager,137507561.jpg,137507502.jpg
144546112,Summer Tanager,Piranga rubra,images/Summer_Tanager/144546112,2022-12-17 08:12:00,3,33.9807611111,-117.3887638889,jen_iyer,https://www.inaturalist.org/observations/144546112,Summer Tanager,248107374.jpg,248107398.jpg
101518682,Surf Scoter,Melanitta perspicillata,images/Surf_Scoter/101518682,2020-04-15 16:27:00,8,43.598448505,-88.6368317488,tosaeagle68,https://www.inaturalist.org/observations/101518682,Surf Scoter,169558715.jpg,169558751.jpg
102921430,Surf Scoter,Melanitta perspicillata,images/Surf_Scoter/102921430,2017-02-11 00:00:00,2,49.3004,-123.1585,pinawapt,https://www.inaturalist.org/observations/102921430,Surf Scoter,172147683.jpg,172147677.jpg
8140554,Surfbird,Calidris virgata,images/Surfbird/8140554,2017-09-23 11:57:00,3,37.1829202,-122.3928022,hfabian,https://www.inaturalist.org/observations/8140554,Surfbird,10776615.jpg,10776604.jpg
47459927,Surfbird,Calidris virgata,images/Surfbird/47459927,2020-03-22 15:32:00,3,37.1849320592,-122.3973314136,sandor_in,https://www.inaturalist.org/observations/47459927,Surfbird,75272308.jpg,75272293.jpg
134629068,Swainson's Hawk,Buteo swainsoni,images/Swainsons_Hawk/134629068,2022-09-11 12:17:26,2,27.6936116667,-97.9130116667,a-tristis,https://www.inaturalist.org/observations/134629068,Swainsons Hawk,229508568.jpg,229508539.jpg
150263309,Swainson's Hawk,Buteo swainsoni,images/Swainsons_Hawk/150263309,2022-07-17 17:56:00,12,49.6386526175,-112.862808813,nn4ever,https://www.inaturalist.org/observations/150263309,Swainsons Hawk,259062954.jpg,259062965.jpg
83904998,Swainson's Thrush,Catharus ustulatus,images/Swainsons_Thrush/83904998,2021-06-19 18:25:00,3,49.7073230556,-123.1619244444,funvill,https://www.inaturalist.org/observations/83904998,Swainsons Thrush,137845590.jpg,137845507.jpg
68850506,Swallow-tailed Kite,Elanoides forficatus,images/Swallow-tailed_Kite/68850506,2021-01-25 14:16:00,2,7.0302465622,-75.3050509432,camilojotage,https://www.inaturalist.org/observations/68850506,Swallow-tailed Kite,111585334.jpg,111585339.jpg
163567035,Swallow-tailed Kite,Elanoides forficatus,images/Swallow-tailed_Kite/163567035,2023-05-14 07:03:32,2,25.7178866887,-80.2962451538,dbond,https://www.inaturalist.org/observations/163567035,Swallow-tailed Kite,282916494.jpg,282916473.jpg
148147283,Swamp Sparrow,Melospiza georgiana,images/Swamp_Sparrow/148147283,2023-02-05 13:09:00,3,32.5986041795,-92.0396626369,charlespaxton,https://www.inaturalist.org/observations/148147283,Swamp Sparrow,255060359.jpg,255060099.jpg
155772807,Swamp Sparrow,Melospiza georgiana,images/Swamp_Sparrow/155772807,2023-04-20 09:33:00,3,41.8870097267,-88.1362442143,molanic,https://www.inaturalist.org/observations/155772807,Swamp Sparrow,269300284.jpg,269300302.jpg
143895234,Tennessee Warbler,Leiothlypis peregrina,images/Tennessee_Warbler/143895234,2022-11-21 09:30:00,2,11.1536767,-74.1031169,caja-manga,https://www.inaturalist.org/observations/143895234,Tennessee Warbler,246862182.jpg,246862183.jpg
146007885,Tennessee Warbler,Leiothlypis peregrina,images/Tennessee_Warbler/146007885,2022-02-26 11:22:00,2,45.6896721348,-122.6306297869,philly96,https://www.inaturalist.org/observations/146007885,Tennessee Warbler,250924115.jpg,250923992.jpg
104617736,Townsend's Solitaire,Myadestes townsendi,images/Townsends_Solitaire/104617736,2022-01-08 13:18:00,2,42.3405318081,-88.2888857646,jophophora,https://www.inaturalist.org/observations/104617736,Townsends Solitaire,175337835.jpg,175337843.jpg
138493957,Townsend's Solitaire,Myadestes townsendi,images/Townsends_Solitaire/138493957,2022-08-14 10:41:00,3,52.0223553911,-116.4704925452,josephlitke,https://www.inaturalist.org/observations/138493957,Townsends Solitaire,236727366.jpg,236727382.jpg
99659939,Townsend's Warbler,Setophaga townsendi,images/Townsends_Warbler/99659939,2021-07-20 12:57:50,4,49.2881770369,-122.931471968,cawilson,https://www.inaturalist.org/observations/99659939,Townsends Warbler,166181478.jpg,166181504.jpg
137365008,Townsend's Warbler,Setophaga townsendi,images/Townsends_Warbler/137365008,2022-10-02 16:24:00,2,34.1582861111,-118.2977194444,sessilefielder,https://www.inaturalist.org/observations/137365008,Townsends Warbler,234586448.jpg,234586495.jpg
36089722,Tree Swallow,Tachycineta bicolor,images/Tree_Swallow/36089722,2019-11-25 10:02:00,4,32.7863781311,-97.1218640162,wlhwildlife,https://www.inaturalist.org/observations/36089722,Tree Swallow,57002840.jpg,57002833.jpg
66263054,Tree Swallow,Tachycineta bicolor,images/Tree_Swallow/66263054,2020-12-07 11:22:00,2,22.1350824896,-101.0007884096,jartigas,https://www.inaturalist.org/observations/66263054,Tree Swallow,106780155.jpg,106779240.jpg
58152227,Tricolored Heron,Egretta tricolor,images/Tricolored_Heron/58152227,2020-08-31 09:13:00,4,27.3240565293,-82.434408593,marylusk,https://www.inaturalist.org/observations/58152227,Tricolored Heron,92818198.jpg,92818201.jpg
94884762,Tricolored Heron,Egretta tricolor,images/Tricolored_Heron/94884762,2021-09-14 17:28:46,6,28.1649678936,-81.8341536913,jdlacy,https://www.inaturalist.org/observations/94884762,Tricolored Heron,157451692.jpg,157451665.jpg
77906420,Trumpeter Swan,Cygnus buccinator,images/Trumpeter_Swan/77906420,2021-04-26 16:08:00,11,44.7881461131,-72.9985927205,cgbb2004,https://www.inaturalist.org/observations/77906420,Trumpeter Swan,127440859.jpg,127440366.jpg
86720250,Trumpeter Swan,Cygnus buccinator,images/Trumpeter_Swan/86720250,2021-06-02 20:38:00,2,50.2144353852,-96.2568542228,k_a_m,https://www.inaturalist.org/observations/86720250,Trumpeter Swan,142909516.jpg,142909513.jpg
148032428,Tufted Titmouse,Baeolophus bicolor,images/Tufted_Titmouse/148032428,2023-02-04 11:29:00,2,43.6287809451,-72.9396361851,susanelliott,https://www.inaturalist.org/observations/148032428,Tufted Titmouse,254841617.jpg,254841512.jpg
156294658,Tufted Titmouse,Baeolophus bicolor,images/Tufted_Titmouse/156294658,2023-04-23 14:16:46,3,35.8993769844,-78.9462396164,harleywyrm,https://www.inaturalist.org/observations/156294658,Tufted Titmouse,270243552.jpg,270243597.jpg
190853274,Tundra Swan,Cygnus columbianus,images/Tundra_Swan/190853274,2023-11-11 12:36:00,3,38.87205257,-90.19666358,oohlookitsarabbit,https://www.inaturalist.org/observations/190853274,Tundra Swan,334668409.jpg,334668273.jpg
32450863,Turkey Vulture,Cathartes aura,images/Turkey_Vulture/32450863,2019-09-09 10:00:00,2,35.71798,-101.548365,greglasley,https://www.inaturalist.org/observations/32450863,Turkey Vulture,50898317.jpg,50898323.jpg
35587984,Turkey Vulture,Cathartes aura,images/Turkey_Vulture/35587984,2018-05-29 10:07:00,2,35.8469013889,140.671355,housecrows,https://www.inaturalist.org/observations/35587984,Turkey Vulture,56131967.jpg,56131679.jpg
95225068,Varied Thrush,Ixoreus naevius,images/Varied_Thrush/95225068,2021-08-14 19:14:00,2,63.6698491087,-149.5788235296,sandor_in,https://www.inaturalist.org/observations/95225068,Varied Thrush,158060728.jpg,158060743.jpg
128299957,Vaux's Swift,Chaetura vauxi,images/Vauxs_Swift/128299957,2022-07-27 11:09:00,3,44.5903575615,-123.2627318558,sedgequeen,https://www.inaturalist.org/observations/128299957,Vauxs Swift,217916276.jpg,217916289.jpg
148263004,Vaux's Swift,Chaetura vauxi,images/Vauxs_Swift/148263004,2023-02-07 08:13:03,3,19.4246338999,-96.9313591719,erick19,https://www.inaturalist.org/observations/148263004,Vauxs Swift,255282487.jpg,255282473.jpg
131750281,Veery,Catharus fuscescens,images/Veery/131750281,2022-08-21 07:46:00,2,48.2059531321,-117.2792285015,davedrum,https://www.inaturalist.org/observations/131750281,Veery,224255258.jpg,224253258.jpg
111824195,Verdin,Auriparus flaviceps,images/Verdin/111824195,2022-04-14 15:19:00,5,34.1478362979,-116.037534317,ericcleveland,https://www.inaturalist.org/observations/111824195,Verdin,188818927.jpg,188818898.jpg
263068367,Verdin,Auriparus flaviceps,images/Verdin/263068367,2025-02-25 08:50:59,3,33.7862158,-116.5415390997,dgrimmphd,https://www.inaturalist.org/observations/263068367,Verdin,472529650.jpg,472529665.jpg
145118092,Vermilion Flycatcher,Pyrocephalus rubinus,images/Vermilion_Flycatcher/145118092,2022-12-23 17:01:00,2,32.5725874007,-117.1253246069,g_heaton,https://www.inaturalist.org/observations/145118092,Vermilion Flycatcher,249222465.jpg,249222454.jpg
140010378,Vesper Sparrow,Pooecetes gramineus,images/Vesper_Sparrow/140010378,2022-10-25 17:57:23,3,32.787921645,-97.1250682436,sam_dragon-moore,https://www.inaturalist.org/observations/140010378,Vesper Sparrow,239599308.jpg,239599333.jpg
49904569,Violet-green Swallow,Tachycineta thalassina,images/Violet-green_Swallow/49904569,2020-06-16 12:26:00,2,48.1416208896,-122.762389183,wendy5,https://www.inaturalist.org/observations/49904569,Violet-green Swallow,79331098.jpg,79233627.jpg
103106425,Violet-green Swallow,Tachycineta thalassina,images/Violet-green_Swallow/103106425,2021-12-14 14:08:00,5,36.9601424667,-121.7704871667,samrawlins,https://www.inaturalist.org/observations/103106425,Violet-green Swallow,172495444.jpg,172495477.jpg
199420244,Warbling Vireo,Vireo gilvus,images/Warbling_Vireo/199420244,2024-02-10 09:24:00,2,24.8140333333,-107.3888666667,sosar,https://www.inaturalist.org/observations/199420244,Warbling Vireo,351679247.jpg,351679241.jpg
117881738,Western Bluebird,Sialia mexicana,images/Western_Bluebird/117881738,2022-05-20 06:41:00,2,38.6007096584,-121.3201050005,carolina_18,https://www.inaturalist.org/observations/117881738,Western Bluebird,199118811.jpg,199118833.jpg
144258041,Western Bluebird,Sialia mexicana,images/Western_Bluebird/144258041,2022-12-12 07:43:45,4,33.6988040441,-116.3749833353,aparrot1,https://www.inaturalist.org/observations/144258041,Western Bluebird,247555861.jpg,247555842.jpg
38998088,Western Cattle-Egret,Ardea ibis,images/Western_Cattle-Egret/38998088,2020-02-21 11:44:00,3,27.8475596107,-80.4881680012,anhingas,https://www.inaturalist.org/observations/38998088,Western Cattle-Egret,61907906.jpg,61907549.jpg
40749861,Western Cattle-Egret,Ardea ibis,images/Western_Cattle-Egret/40749861,2018-09-01 13:55:00,4,-33.1094867295,17.9870954775,mario_mairal,https://www.inaturalist.org/observations/40749861,Western Cattle-Egret,64596127.jpg,64596139.jpg
41084289,Western Flycatcher,Empidonax difficilis,images/Western_Flycatcher/41084289,2020-03-29 13:13:00,3,34.1244028012,-118.2350838027,trickykid1,https://www.inaturalist.org/observations/41084289,Western Flycatcher,65142172.jpg,65142538.jpg
50458726,Western Flycatcher,Empidonax difficilis,images/Western_Flycatcher/50458726,2020-06-21 12:37:00,2,37.9684752088,-122.270028331,ouzel,https://www.inaturalist.org/observations/50458726,Western Flycatcher,80119063.jpg,80775158.jpg
153514530,Western Grebe,Aechmophorus occidentalis,images/Western_Grebe/153514530,2022-07-16 19:06:00,3,37.8085771,-122.4125282,vibri,https://www.inaturalist.org/observations/153514530,Western Grebe,265152567.jpg,265152502.jpg
167283587,Western Grebe,Aechmophorus occidentalis,images/Western_Grebe/167283587,2023-06-09 09:00:00,3,40.1689998256,-105.136511653,brdnrdr,https://www.inaturalist.org/observations/167283587,Western Grebe,289772674.jpg,289772629.jpg
69446346,Western Gull,Larus occidentalis,images/Western_Gull/69446346,2021-02-11 16:24:00,2,36.6345827564,-121.9242803011,hkibak,https://www.inaturalist.org/observations/69446346,Western Gull,112680419.jpg,112680394.jpg
140651045,Western Kingbird,Tyrannus verticalis,images/Western_Kingbird/140651045,2022-10-30 13:38:00,4,30.2492848161,-88.0755318997,howardhorne,https://www.inaturalist.org/observations/140651045,Western Kingbird,240791190.jpg,240791336.jpg
148101502,Western Kingbird,Tyrannus verticalis,images/Western_Kingbird/148101502,2023-02-05 08:35:11,12,30.3156427189,-87.4259872735,mgiddings,https://www.inaturalist.org/observations/148101502,Western Kingbird,254973977.jpg,254973957.jpg
149276486,Western Meadowlark,Sturnella neglecta,images/Western_Meadowlark/149276486,2017-07-18 14:47:00,3,43.7423223397,-101.9507849937,sophiasperd,https://www.inaturalist.org/observations/149276486,Western Meadowlark,257200687.jpg,257200716.jpg
183449946,Western Meadowlark,Sturnella neglecta,images/Western_Meadowlark/183449946,2023-09-03 22:37:00,2,43.781987,-103.600261,gary-delise,https://www.inaturalist.org/observations/183449946,Western Meadowlark,320057370.jpg,320057149.jpg
101728246,Western Sandpiper,Calidris mauri,images/Western_Sandpiper/101728246,2016-12-20 17:47:00,3,19.6743256573,-156.0263772728,geographerdave,https://www.inaturalist.org/observations/101728246,Western Sandpiper,169918269.jpg,169918279.jpg
126308131,Western Sandpiper,Calidris mauri,images/Western_Sandpiper/126308131,2022-06-17 22:14:35,2,59.8614216667,-163.1667466667,as4075,https://www.inaturalist.org/observations/126308131,Western Sandpiper,215123171.jpg,215123488.jpg
109201648,Western Screech-Owl,Megascops kennicottii,images/Western_Screech-Owl/109201648,2022-03-21 10:41:40,6,19.5248295871,-99.0911006944,jossvzqz,https://www.inaturalist.org/observations/109201648,Western Screech-Owl,184007864.jpg,184007994.jpg
128294931,Western Screech-Owl,Megascops kennicottii,images/Western_Screech-Owl/128294931,2022-04-28 20:45:25,2,19.5727611111,-99.3064194444,daniel4645,https://www.inaturalist.org/observations/128294931,Western Screech-Owl,217907859.jpg,217907890.jpg
45482394,Western Tanager,Piranga ludoviciana,images/Western_Tanager/45482394,2020-05-09 14:37:00,4,51.0965803983,-114.187503008,ammlmt,https://www.inaturalist.org/observations/45482394,Western Tanager,72123963.jpg,72123942.jpg
49049580,Western Tanager,Piranga ludoviciana,images/Western_Tanager/49049580,2020-06-09 08:43:00,5,48.6665276237,-123.4962186072,caladri,https://www.inaturalist.org/observations/49049580,Western Tanager,77854284.jpg,77854321.jpg
195192671,Western Wood-Pewee,Contopus sordidulus,images/Western_Wood-Pewee/195192671,2023-12-29 10:05 AM,2,0.0121339897,-78.8977092267,donmarsille,https://www.inaturalist.org/observations/195192671,Western Wood-Pewee,photo_1.jpg,photo_2.jpg
205963027,Western Wood-Pewee,Contopus sordidulus,images/Western_Wood-Pewee/205963027,2024-01-06 3:50 PM,5,-4.0905362,-78.9580083,donmarsille,https://www.inaturalist.org/observations/205963027,Western Wood-Pewee,photo_3.jpg,photo_1.jpg
86212119,Whimbrel,Numenius phaeopus,images/Whimbrel/86212119,2021-06-07 14:49:00,7,30.2333157504,-88.1174606493,dchernack,https://www.inaturalist.org/observations/86212119,Whimbrel,141983131.jpg,141983188.jpg
145571273,Whimbrel,Numenius phaeopus,images/Whimbrel/145571273,2022-12-31 15:54:00,3,28.7524928797,-13.8987290995,robinia396,https://www.inaturalist.org/observations/145571273,Whimbrel,250071884.jpg,250071878.jpg
165168831,White Ibis,Eudocimus albus,images/White_Ibis/165168831,2023-06-02 13:33:58,2,28.357595,-81.59137,williamwisephoto,https://www.inaturalist.org/observations/165168831,White Ibis,285876395.jpg,285876565.jpg
117675346,White Ibis,Eudocimus albus,images/White_Ibis/117675346,2008-05-14 12:34:00,14,27.826918,-97.077779,candice-turtle-mottet,https://www.inaturalist.org/observations/117675346,White Ibis,216367097.jpg,216384009.jpg
72085447,White-breasted Nuthatch,Sitta carolinensis,images/White-breasted_Nuthatch/72085447,2021-03-25 09:24:00,3,44.0996212102,-70.19983739,jamseb,https://www.inaturalist.org/observations/72085447,White-breasted Nuthatch,117469562.jpg,117469736.jpg
101970494,White-breasted Nuthatch,Sitta carolinensis,images/White-breasted_Nuthatch/101970494,2021-11-26 13:24:48,3,43.8661004428,-79.1946270508,galloots13,https://www.inaturalist.org/observations/101970494,White-breasted Nuthatch,170368004.jpg,170367877.jpg
68534865,White-crowned Sparrow,Zonotrichia leucophrys,images/White-crowned_Sparrow/68534865,2021-01-21 14:26:00,2,37.1773178109,-120.6136253095,charadrius,https://www.inaturalist.org/observations/68534865,White-crowned Sparrow,110998191.jpg,110998195.jpg
107679015,White-crowned Sparrow,Zonotrichia leucophrys,images/White-crowned_Sparrow/107679015,2022-02-28 12:43:00,9,33.6536760526,-117.7835516616,mooseandsquirrel,https://www.inaturalist.org/observations/107679015,White-crowned Sparrow,181152446.jpg,181152447.jpg
83964235,White-eyed Vireo,Vireo griseus,images/White-eyed_Vireo/83964235,2021-06-21 17:20:00,4,30.3423294,-98.1271142,georgewilliams,https://www.inaturalist.org/observations/83964235,White-eyed Vireo,137950101.jpg,137950184.jpg
101374839,White-eyed Vireo,Vireo griseus,images/White-eyed_Vireo/101374839,2021-11-16 14:09:52,11,43.8543148743,-79.3543410178,crazybirdy,https://www.inaturalist.org/observations/101374839,White-eyed Vireo,169294681.jpg,169294657.jpg
54460531,White-faced Ibis,Plegadis chihi,images/White-faced_Ibis/54460531,2020-07-26 08:06:00,11,38.6395001276,-121.7138384805,simpylmare55,https://www.inaturalist.org/observations/54460531,White-faced Ibis,86656131.jpg,86656227.jpg
162328391,White-tailed Kite,Elanus leucurus,images/White-tailed_Kite/162328391,2023-05-14 10:04:00,4,34.4621192512,-119.7600843835,lemma,https://www.inaturalist.org/observations/162328391,White-tailed Kite,281448006.jpg,280671564.jpg
37069461,White-throated Sparrow,Zonotrichia albicollis,images/White-throated_Sparrow/37069461,2019-12-29 11:47:00,3,43.0708566528,-72.6551159606,ckhunt,https://www.inaturalist.org/observations/37069461,White-throated Sparrow,58705042.jpg,58704825.jpg
125920597,White-throated Sparrow,Zonotrichia albicollis,images/White-throated_Sparrow/125920597,2022-07-12 15:15:49,4,46.2973820384,5.8174264153,nroche,https://www.inaturalist.org/observations/125920597,White-throated Sparrow,213665129.jpg,213665090.jpg
113308392,White-throated Swift,Aeronautes saxatalis,images/White-throated_Swift/113308392,2022-04-28 17:14:00,2,37.4252516914,-122.0153243435,seanpmiller,https://www.inaturalist.org/observations/113308392,White-throated Swift,191456656.jpg,191456709.jpg
116692662,White-winged Crossbill,Loxia leucoptera,images/White-winged_Crossbill/116692662,2022-05-10 16:04:00,2,47.6262486766,-52.6953205825,squiggleme,https://www.inaturalist.org/observations/116692662,White-winged Crossbill,197001594.jpg,197001559.jpg
41208175,White-winged Dove,Zenaida asiatica,images/White-winged_Dove/41208175,2020-04-01 07:20:00,2,21.0387731374,-89.6472658239,adorantes,https://www.inaturalist.org/observations/41208175,White-winged Dove,65350361.jpg,65349972.jpg
98624491,White-winged Dove,Zenaida asiatica,images/White-winged_Dove/98624491,2021-06-04 12:39:00,3,23.7284537841,-99.1245573278,alexramirezg,https://www.inaturalist.org/observations/98624491,White-winged Dove,164241721.jpg,164241725.jpg
109744866,White-winged Scoter,Melanitta deglandi,images/White-winged_Scoter/109744866,2022-03-27 12:58:00,6,45.9192166293,-59.9607073551,stevenmcgrath,https://www.inaturalist.org/observations/109744866,White-winged Scoter,185020462.jpg,185020467.jpg
36577184,Wild Turkey,Meleagris gallopavo,images/Wild_Turkey/36577184,2019-12-11 13:56:26,3,46.3257886275,-117.1095445007,kiwikiu,https://www.inaturalist.org/observations/36577184,Wild Turkey,57835828.jpg,57835833.jpg
46666431,Wild Turkey,Meleagris gallopavo,images/Wild_Turkey/46666431,2020-05-20 10:02:00,4,40.4681574,-122.2660085,bapeck8,https://www.inaturalist.org/observations/46666431,Wild Turkey,74014156.jpg,74013107.jpg
108534087,Willet,Tringa semipalmata,images/Willet/108534087,2022-02-06 15:54:00,6,27.6648274,-81.5157535,dinobunny55,https://www.inaturalist.org/observations/108534087,Willet,182865429.jpg,182865431.jpg
139713627,Wilson's Phalarope,Phalaropus tricolor,images/Wilsons_Phalarope/139713627,2022-10-22 09:22:45,4,-12.2247116667,-76.988175,neornithes,https://www.inaturalist.org/observations/139713627,Wilsons Phalarope,239017816.jpg,239017801.jpg
152811120,Wilson's Phalarope,Phalaropus tricolor,images/Wilsons_Phalarope/152811120,2019-11-10 12:35:00,3,38.7659056935,-75.8097012155,apistopanchax,https://www.inaturalist.org/observations/152811120,Wilsons Phalarope,263844081.jpg,263844075.jpg
102799112,Wilson's Snipe,Gallinago delicata,images/Wilsons_Snipe/102799112,2021-12-08 13:50:00,4,39.4305066247,-122.1679808567,charadrius,https://www.inaturalist.org/observations/102799112,Wilsons Snipe,171921002.jpg,171920991.jpg
132998580,Wilson's Snipe,Gallinago delicata,images/Wilsons_Snipe/132998580,2022-08-01 13:45:00,3,50.6869739722,-119.1164469722,fmcghee,https://www.inaturalist.org/observations/132998580,Wilsons Snipe,226472921.jpg,226472910.jpg
115457973,Wilson's Warbler,Cardellina pusilla,images/Wilsons_Warbler/115457973,2022-05-01 10:17:00,3,36.4902417111,-82.4804211268,sherriequillen,https://www.inaturalist.org/observations/115457973,Wilsons Warbler,194855066.jpg,194855058.jpg
150334164,Wilson's Warbler,Cardellina pusilla,images/Wilsons_Warbler/150334164,2023-01-13 17:25:00,9,19.4641868389,-99.0456880373,panecillo,https://www.inaturalist.org/observations/150334164,Wilsons Warbler,259199744.jpg,259199665.jpg
277188809,Winter Wren,Troglodytes hiemalis,images/Winter_Wren/277188809,2025-04-30 2:20 PM,3,43.6577355556,-79.3075627778,nsferguson,https://www.inaturalist.org/observations/277188809,Winter Wren,photo_2.jpg,photo_1.jpg
259547789,Winter Wren,Troglodytes hiemalis,images/Winter_Wren/259547789,2025-01-25 09:47:00,2,43.0971031599,-87.9030046341,andrewdressel,https://www.inaturalist.org/observations/259547789,Winter Wren,465933576.jpg,465933568.jpg
54532518,Wood Duck,Aix sponsa,images/Wood_Duck/54532518,2019-06-11 08:08:00,3,32.8338376268,-96.7139327375,kalamurphyking,https://www.inaturalist.org/observations/54532518,Wood Duck,86775710.jpg,86774211.jpg
68666928,Wood Stork,Mycteria americana,images/Wood_Stork/68666928,2021-01-26 00:00:00,4,28.146125,-82.756768,gonzalez_a_15,https://www.inaturalist.org/observations/68666928,Wood Stork,111246985.jpg,111246984.jpg
100412130,Wood Stork,Mycteria americana,images/Wood_Stork/100412130,2021-11-05 08:25:00,2,42.4720177246,-71.1710835186,jlayman,https://www.inaturalist.org/observations/100412130,Wood Stork,167586117.jpg,167586102.jpg
113164707,Wood Thrush,Hylocichla mustelina,images/Wood_Thrush/113164707,2022-04-27 19:30:00,4,43.6950981509,-79.388827756,tamango,https://www.inaturalist.org/observations/113164707,Wood Thrush,191204855.jpg,191204839.jpg
143217533,Wood Thrush,Hylocichla mustelina,images/Wood_Thrush/143217533,2022-11-28 09:22:00,3,33.3413819864,-116.9026236782,bridgetspencer,https://www.inaturalist.org/observations/143217533,Wood Thrush,245593984.jpg,245593976.jpg
60539642,Wrentit,Chamaea fasciata,images/Wrentit/60539642,2020-09-23 08:08:00,3,37.33143,-122.09709,renjp,https://www.inaturalist.org/observations/60539642,Wrentit,96817208.jpg,96817214.jpg
66231862,Wrentit,Chamaea fasciata,images/Wrentit/66231862,2020-12-06 11:33:00,2,34.495249756,-119.7133158317,conormcmahon,https://www.inaturalist.org/observations/66231862,Wrentit,106708879.jpg,106708883.jpg
267941348,Yellow Warbler,Setophaga petechia,images/Yellow_Warbler/267941348,2025-03-31 11:32:58,2,35.19291259,-111.65486906,nora45060,https://www.inaturalist.org/observations/267941348,Yellow Warbler,photo_2.jpg,photo_1.jpg
253692496,Yellow Warbler,Setophaga petechia,images/Yellow_Warbler/253692496,2024-11-30 18:56:17,4,18.6321993953,-92.0643494278,marcoalp,https://www.inaturalist.org/observations/253692496,Yellow Warbler,photo_2.jpg,photo_4.jpg
46617445,Yellow-bellied Sapsucker,Sphyrapicus varius,images/Yellow-bellied_Sapsucker/46617445,2020-05-19 11:55:00,6,43.070668552,-72.6554163681,ckhunt,https://www.inaturalist.org/observations/46617445,Yellow-bellied Sapsucker,73937440.jpg,73937722.jpg
73702824,Yellow-bellied Sapsucker,Sphyrapicus varius,images/Yellow-bellied_Sapsucker/73702824,2021-04-10 10:51:00,2,43.071915955,-72.6543806842,ckhunt,https://www.inaturalist.org/observations/73702824,Yellow-bellied Sapsucker,120358666.jpg,120358804.jpg
51643033,Yellow-billed Cuckoo,Coccyzus americanus,images/Yellow-billed_Cuckoo/51643033,2020-07-01 17:51:54,3,42.297506868,-79.2225576192,c_k,https://www.inaturalist.org/observations/51643033,Yellow-billed Cuckoo,82063412.jpg,82063340.jpg
58635871,Yellow-billed Cuckoo,Coccyzus americanus,images/Yellow-billed_Cuckoo/58635871,2008-11-03 15:47:00,6,8.991605276,-79.8474070571,sosabartuano,https://www.inaturalist.org/observations/58635871,Yellow-billed Cuckoo,93627919.jpg,93627712.jpg
111746950,Yellow-billed Magpie,Pica nuttalli,images/Yellow-billed_Magpie/111746950,2022-04-16 09:10:42,4,37.1672513475,-121.7349519208,glasscat,https://www.inaturalist.org/observations/111746950,Yellow-billed Magpie,188684214.jpg,188684185.jpg
127867250,Yellow-billed Magpie,Pica nuttalli,images/Yellow-billed_Magpie/127867250,2022-07-24 20:32:00,7,37.4840889651,-120.957141694,sam-darmstadt,https://www.inaturalist.org/observations/127867250,Yellow-billed Magpie,217129273.jpg,217129480.jpg
147008094,Yellow-breasted Chat,Icteria virens,images/Yellow-breasted_Chat/147008094,2023-01-20 09:13:49,4,20.7626766296,-103.377517257,reximiliano,https://www.inaturalist.org/observations/147008094,Yellow-breasted Chat,252881146.jpg,252881114.jpg
98986163,Yellow-crowned Night Heron,Nyctanassa violacea,images/Yellow-crowned_Night-Heron/98986163,2021-10-16 09:27:00,3,29.374172232,-95.6122112274,chrihag,https://www.inaturalist.org/observations/98986163,Yellow-crowned Night-Heron,164921813.jpg,164921794.jpg
106551526,Yellow-crowned Night Heron,Nyctanassa violacea,images/Yellow-crowned_Night-Heron/106551526,2022-02-10 10:32:00,3,-2.6103261559,-80.301217847,juanrrx,https://www.inaturalist.org/observations/106551526,Yellow-crowned Night-Heron,179014929.jpg,179014931.jpg
322642349,Yellow-rumped Warbler,Setophaga coronata,images/Yellow-rumped_Warbler/322642349,2025-10-23 13:48:34,4,48.4202283333,-123.3683383333,gavinh,https://www.inaturalist.org/observations/322642349,Yellow-rumped Warbler,photo_3.jpg,photo_1.jpg
167256587,Yellow-rumped Warbler,Setophaga coronata,images/Yellow-rumped_Warbler/167256587,2023-06-13 12:48:22,2,53.5786866667,-112.83815,mercedesaudrey,https://www.inaturalist.org/observations/167256587,Yellow-rumped Warbler,289721498.jpg,289721388.jpg
42164760,Yellow-throated Vireo,Vireo flavifrons,images/Yellow-throated_Vireo/42164760,2013-12-05 15:24:00,3,0.308986,-78.779328,bit,https://www.inaturalist.org/observations/42164760,Yellow-throated Vireo,66934843.jpg,66934861.jpg
61693550,Yellow-throated Vireo,Vireo flavifrons,images/Yellow-throated_Vireo/61693550,2020-10-03 09:41:00,2,33.0619988321,-83.6068686602,djlavor,https://www.inaturalist.org/observations/61693550,Yellow-throated Vireo,98747131.jpg,98747576.jpg
143444411,Yellow-throated Warbler,Setophaga dominica,images/Yellow-throated_Warbler/143444411,2022-12-01 08:26:00,3,44.2804943107,-73.2904817013,sam-darmstadt,https://www.inaturalist.org/observations/143444411,Yellow-throated Warbler,246003316.jpg,246003332.jpg
153425058,Yellow-throated Warbler,Setophaga dominica,images/Yellow-throated_Warbler/153425058,2020-08-02 10:52:00,2,30.3709252,-81.4067718,cheriphillips,https://www.inaturalist.org/observations/153425058,Yellow-throated Warbler,264989365.jpg,264990608.jpg
