class_id,image_1,image_2
0295,./images/0295/62368568953146948a0bd483808f7000.jpg,./images/0295/8f781f01d7c1494aa37980c9b2e49b32.jpg
0295,./images/0295/f73f97ae388548288734c0f97e42b205.jpg,./images/0295/d6bfa44eac4644a5bd84ad13995d78d8.jpg
0295,./images/0295/fed88097b1924ea98c688d526d7afeb9.jpg,./images/0295/a50af727b00b4a31b363917be63882b4.jpg
0295,./images/0295/83c025a37fa043c8affc82e3f6de0513.jpg,./images/0295/8ac86709b40f42329455bdec69b33a1e.jpg
0296,./images/0296/0a782835e3194206a99fa156a7c8696b.jpg,./images/0296/7debe86250994f1fa6a66ce8b0e04a55.jpg
0296,./images/0296/124460c6321347828733fe4ba0c922a7.jpg,./images/0296/6aa78a600a094f5dae1d8440ec9d7458.jpg
0296,./images/0296/c6eca6c0181543e2a5aec12c00d1c9db.jpg,./images/0296/8bd9244e206247e4b0b6177790d112d6.jpg
0296,./images/0296/8ee5d06e37be47779e98a4b3bb940ad5.jpg,./images/0296/6cf224d247854ce5b4897e8308f9fec4.jpg
0297,./images/0297/4315e027fbb44e27b2b7cda7487c8d14.jpg,./images/0297/2ac3c203abc24cd7af794b9b6ec10a20.jpg
0297,./images/0297/8c66f08de7944522beb42401a756b86c.jpg,./images/0297/ef637f3f176b4697b71774af4ad5f78c.jpg
0299,./images/0299/bbb0dc8d7a4244bd9239d0dfea2539f7.jpg,./images/0299/1eebca13780745b2a1f8803b2b56ca9a.jpg
0313,./images/0313/745308a86d244d22aaadb3590bdf384a.jpg,./images/0313/d18ef0dcb2824d33bb250888ad69ddb4.jpg
0313,./images/0313/0dcfe0653b9d4ef698220cf2e69d2da1.jpg,./images/0313/0ce5ecfd787a4807ae7b35f8db5be7bf.jpg
0313,./images/0313/5717328a578e4c25b2502fc16c6c2a36.jpg,./images/0313/1ec6e89b73f84f3b89e591081cb48bad.jpg
0314,./images/0314/f6923fca588f4600ad20431896eb7058.jpg,./images/0314/593e4f06935e42efb07b4b43fadc8c09.jpg
0316,./images/0316/684be117f77a432a91f14dd8a573e4f8.jpg,./images/0316/2daa83fdbfed44c98ed61290b8c6f5e9.jpg
0316,./images/0316/34c7de62124744d2b35ff2f3c2bfd281.jpg,./images/0316/2343136f341641d6a1b080ee2645f5f5.jpg
0316,./images/0316/92c704baa0424db2939de079b4effa25.jpg,./images/0316/7cec62dfda2f4a3c827cb2dab8661144.jpg
0316,./images/0316/1463ce71568342e388013745d591ac02.jpg,./images/0316/8a7bde432c2441639dd5d317fea84e25.jpg
0317,./images/0317/fbe98efe1fe24fdd99d48e0987fb2cd9.jpg,./images/0317/d5b4b60eb2564c109c7e545e4c1db779.jpg
0318,./images/0318/a781f605172847f495756060c4120f8e.jpg,./images/0318/5eb0130692b44871b1e203459a8f3e12.jpg
0318,./images/0318/66ff74243de04dbea25f763fec86af36.jpg,./images/0318/f4a8d052e71d499d97e6d422b9db6870.jpg
0318,./images/0318/e867d28bf73a4b65bcf9322ac90f614a.jpg,./images/0318/e88b7af349a24b5097a0834de1e88224.jpg
0319,./images/0319/f32b703744064c99a0878d465621ef2e.jpg,./images/0319/3a72dde143924a02be9b50aab5bdabed.jpg
0320,./images/0320/1896eac416bd40949b4f378c3c79c74e.jpg,./images/0320/ef022b1cd73c4c529a66c1fffc8ca0bb.jpg
0320,./images/0320/1cfbd98dfa4349138dd55097bbe40850.jpg,./images/0320/d63fbbde1280472ca5d0b2f145735cda.jpg
0320,./images/0320/de3cd3dc655642a8a82e9fd3ce3016e8.jpg,./images/0320/cf9f4469f8b04e348276bcbaf462b1b5.jpg
0320,./images/0320/60dbd99836584871b9b15f44a59396c7.jpg,./images/0320/0756cdcdc6e649758c1787456680ded5.jpg
0320,./images/0320/46aa9da81a484f14883c64e50c969f5d.jpg,./images/0320/0fe47627ad6d41efaf8dec70c7fdc439.jpg
0320,./images/0320/126617b286a74f4fb8e8ee7b18826260.jpg,./images/0320/95be45e581884843ba2535f1419c62c3.jpg
0322,./images/0322/d7c1340516b94f0e9a54e516e1907cf4.jpg,./images/0322/593f6d6f139f4cb18a7d270f44548627.jpg
0322,./images/0322/8658943438cf42e6ab4233d9faaa4e22.jpg,./images/0322/402b0d25edae4664a890b0a1c6f996a5.jpg
0322,./images/0322/8e3f9cae485f4a40a8d7b1421884d141.jpg,./images/0322/8e9bbe9fbc314909a50354fcc59dc538.jpg
0323,./images/0323/54c5b0fa69b14e4b8eca83c946a901bd.jpg,./images/0323/b2e9939233fe4306b1db7daa89ac3378.jpg
0324,./images/0324/b04f93f3b8904bd283b47fcf1878bb91.jpg,./images/0324/5e3341599ac245908a7267932fce4072.jpg
0324,./images/0324/fcfb79bbbc014964acf456c22f3907e1.jpg,./images/0324/1b3f6a8b37d44259a49388d553c764ca.jpg
0325,./images/0325/83ede972c9a640bf8747cc055145ca6f.jpg,./images/0325/26401fb89fd8404185fbaf7954524e05.jpg
0325,./images/0325/199c5970be964da8aef39c06d40ae051.jpg,./images/0325/4ea677fb90724a3697fda05a69749783.jpg
0325,./images/0325/1f892dbbe2c14d2fa90fb2ad052fd712.jpg,./images/0325/4e6deea2d0ed40ef817d0733182f2432.jpg
0326,./images/0326/6a9fcaab50ad4e3c87320338c4677021.jpg,./images/0326/cc687373162f4558b7cb5896a255d848.jpg
0326,./images/0326/b98e6cc5a6d74ebe921ee488c867bf1f.jpg,./images/0326/9a08abd7f84944b19e0294da42b3dbb9.jpg
0326,./images/0326/c3132595d86344959819198f1c818580.jpg,./images/0326/0f1cef9fb12c475ea8ed3dd03140b43b.jpg
0327,./images/0327/6b0a51fc61bb4eccb6b0e42670be589a.jpg,./images/0327/af09ee215c4a4989bc0d67751e1dbb69.jpg
0327,./images/0327/86712d80c55a488eaebeab97c10f8089.jpg,./images/0327/b96ef05d90324ee99399331d8dedff4d.jpg
0327,./images/0327/9060a0fc45eb40c2ad64f047989c300d.jpg,./images/0327/ad86b0ea3151440d942259df9e959daf.jpg
0327,./images/0327/361aa4149d11494ab825a52f33b873ae.jpg,./images/0327/6b2bfe80955442cc9eb76c7e4c7c159d.jpg
0327,./images/0327/bff371f8546d4a37914254c14a5ab735.jpg,./images/0327/772511031607472493330028bc00038a.jpg
0328,./images/0328/a6dc3c502aaf4b409ffda0f202cce9e7.jpg,./images/0328/69472e3a52d544f7975394ec3a1f8449.jpg
0328,./images/0328/f205d56ecb074fa69f760360915a3260.jpg,./images/0328/8b8731dbb5f545c69fa63d02d60ef922.jpg
0329,./images/0329/310aade669cb4b519820656ad077e7a4.jpg,./images/0329/86c0c79c0b8345e581694606440e30ae.jpg
0329,./images/0329/5bd872b0ba40446eb6675523a5072570.jpg,./images/0329/c9cce50df21e420088ff7fd322e4ce87.jpg
0330,./images/0330/2b8945b8cc2d4f09b34693c8a9de3e2a.jpg,./images/0330/67847bd45b264b7bb8e9c9014078e093.jpg
0330,./images/0330/66046fc414504cc0b6d60d21c5337318.jpg,./images/0330/5ca0315ad86741149541c1a1918188f6.jpg
0330,./images/0330/802b177f77564596a7dec10efc4eb4da.jpg,./images/0330/8b955d308b814acb8ae28d728e9e5e7a.jpg
0331,./images/0331/a09d05a6c2354596995bb2d15d502a29.jpg,./images/0331/de735ce591264fed97600f5c12d8a5ba.jpg
0331,./images/0331/a5aed0404bad47ae9bf8542789047008.jpg,./images/0331/7a92190abd4c403ab77a0bbda4661010.jpg
0331,./images/0331/1243e08132f54c94a2fa4ba029c1160f.jpg,./images/0331/64815486bb0f4e258bb7d632e09ceec9.jpg
0331,./images/0331/1562d42efb294ec98231736db1649b2d.jpg,./images/0331/f2df606dc0a848519ae284a0228e0964.jpg
0332,./images/0332/3f0b10a71b3b4b77a02e2a25d2ae4cfb.jpg,./images/0332/5f486bd2a8de475db4ac5616c920f99a.jpg
0333,./images/0333/66b05f2cdcaa480487844d2e7d74350a.jpg,./images/0333/27f599ee9f074cce8f9e82837c21008f.jpg
0333,./images/0333/195e9c5fa24f42fb96243dcea263dadf.jpg,./images/0333/a5ed2a544a4c47ed949edd8c0dd3c818.jpg
0333,./images/0333/07023e798d5041b484e9abd65a7922bd.jpg,./images/0333/32be826e9d3d48c0ab9f86fa0de847da.jpg
0334,./images/0334/7c61e6d3d6d54d37bb13586d927241e5.jpg,./images/0334/13a85675339243f9aa1d2a1a30cc46f8.jpg
0334,./images/0334/7af93a1d9d344a3fb74cffa6d48b43e9.jpg,./images/0334/ab1371f900314fb6b109a532a082237e.jpg
0334,./images/0334/2695663a90d94d25a38ca16b9e5d9488.jpg,./images/0334/99a79073fa374a52a8c07d41e8f45021.jpg
0334,./images/0334/e1ec3575d2ee4412a443d30e2dffa365.jpg,./images/0334/9a27c200b0ee4cca9d9530985ea253bb.jpg
0334,./images/0334/563d0c9eb19640c98263056c7fdf2c2e.jpg,./images/0334/9b9cad220ce64db497cec5f52ecb6c5b.jpg
0334,./images/0334/ecd433c3e5f746d189ad78026a3ab6a7.jpg,./images/0334/af755643b6b143199049286b8beab91c.jpg
0334,./images/0334/c4e2affb65b4430d943c6fc9aee71ca0.jpg,./images/0334/671e327e0802497fac9a85e872e59c15.jpg
0334,./images/0334/787c61a78f04401e8967fbe1e5094c64.jpg,./images/0334/c9ab20dcac35475fafa03924e721c543.jpg
0336,./images/0336/48524e924bb043cc8914be5629787d14.jpg,./images/0336/70676c8da6e847449f5bacb94f35a381.jpg
0336,./images/0336/9fd9588103ce4ae2ab08e4b265c6b60c.jpg,./images/0336/41f4aac4d9aa4cf48c287caf83964ad0.jpg
0337,./images/0337/accd747193e843289a544cb6f2a16603.jpg,./images/0337/f44f3936d60a49fdb61ad3a4513275a2.jpg
0337,./images/0337/18ae1ab1dd784cae94f1ed26907eaf93.jpg,./images/0337/b5839e819534496d8bc0f46e1c46860b.jpg
0337,./images/0337/83e0171b312a4447992100624c9c2503.jpg,./images/0337/d2ff8bbd59d747019cf299151bbc5510.jpg
0338,./images/0338/549832d2c4de467b9f744d926b6b68d9.jpg,./images/0338/714ec3dc078148a18bf5dbe2cb614d18.jpg
0338,./images/0338/ef2dfd9672e64106a06f0c2fe35693ce.jpg,./images/0338/e39a62d7a8fc441b8efbd311d459599f.jpg
0338,./images/0338/886f78da63584439bdd2a6f8ab46fd11.jpg,./images/0338/498a9814b3b3415fb524dc9d7a22acff.jpg
0339,./images/0339/36a1d52cc95241d0b182f39a567b2217.jpg,./images/0339/e5ecb3cf10944061964d13a6f45f9994.jpg
0339,./images/0339/ea19251975f04142b18c83b24d9e44c5.jpg,./images/0339/6a5a5785406348e387a49d498d998281.jpg
0341,./images/0341/e0c4505a76624f489adf7726662aec15.jpg,./images/0341/e5aa0739fcb349629c9f5a9f911bdcdf.jpg
0341,./images/0341/389739e84fda43c1a6696ea27328b9fc.jpg,./images/0341/dbdc12c6c0344ac79255f7329c9c2a99.jpg
0342,./images/0342/9f57e4122aef4cf5b8025dbae2314f07.jpg,./images/0342/684375855f444e4b97d5381f28d599ec.jpg
0342,./images/0342/5986455ad1a94092be70a48ab6c1f7cb.jpg,./images/0342/b6ef4a6d8c5e4a09aa6cef8198eaa5af.jpg
0342,./images/0342/560a551b70d14a4a81ba12972ec49da5.jpg,./images/0342/f2dd2596997044698615a28d5f152d72.jpg
0342,./images/0342/37f701964628498082ce268b8362dc74.jpg,./images/0342/6ef1d2638d4247bfb7d3ef1bdcb36541.jpg
0342,./images/0342/8b1d100da1534195bac2c0e20c0cbbc8.jpg,./images/0342/7ac7121d42dd4c09a119129878e44a37.jpg
0342,./images/0342/ac449c04602a488695e019ed6b0110ca.jpg,./images/0342/b42138b5405741aea2d64e039a7a8294.jpg
0295,./images/0295/d6bfa44eac4644a5bd84ad13995d78d8.jpg,./images/0295/47a49d00958f4db18cca675579d11a05.jpg
0295,./images/0295/bd61793ff3f54dfbbf43294017741c09.jpg,./images/0295/c8fe27a2c92b4c96a61294c58f3dee2d.jpg
0295,./images/0295/d30ea37c37d24923bcd9d534dc0fff37.jpg,./images/0295/fed88097b1924ea98c688d526d7afeb9.jpg
0295,./images/0295/19371d9dd2874202b9c7948a5543ed2e.jpg,./images/0295/767c67010db64f84a3115c76e46e99a4.jpg
0295,./images/0295/8f781f01d7c1494aa37980c9b2e49b32.jpg,./images/0295/a50af727b00b4a31b363917be63882b4.jpg
0295,./images/0295/63c57cd2ccfc42afbf9a20940cba92f2.jpg,./images/0295/2f2b0586362346fd9b6d512e12144b85.jpg
0296,./images/0296/d030f7ccd27b4404a12b6e97a3d62042.jpg,./images/0296/124460c6321347828733fe4ba0c922a7.jpg
0296,./images/0296/0a782835e3194206a99fa156a7c8696b.jpg,./images/0296/c6eca6c0181543e2a5aec12c00d1c9db.jpg
0296,./images/0296/8ee5d06e37be47779e98a4b3bb940ad5.jpg,./images/0296/c990898fa4464e34aab5962c045db19d.jpg
0296,./images/0296/fad3514c37fc4be5a2833186d2f3f1f7.jpg,./images/0296/88a558a04d2648559eda852318369cf2.jpg
0296,./images/0296/6cf224d247854ce5b4897e8308f9fec4.jpg,./images/0296/bb79b1e9f3ba48c284b686d64642f107.jpg
0296,./images/0296/1773332ada734cbebe9131c922c15880.jpg,./images/0296/c5511c35c0024284bbcd02264ca2f91c.jpg
0296,./images/0296/08b5f56c45db4151a1a479c325227846.jpg,./images/0296/7debe86250994f1fa6a66ce8b0e04a55.jpg
0297,./images/0297/0987a61f356e41bb995c9efd489f66bf.jpg,./images/0297/83ad502035954f148e45ea499c4a4e57.jpg
0297,./images/0297/bbef55ed5cd84ba3ac301c2f76e73dfb.jpg,./images/0297/77ceb6bdccb7473ca51c8df752178d87.jpg
0297,./images/0297/ef637f3f176b4697b71774af4ad5f78c.jpg,./images/0297/faabfee9ce7e4f5aa1129991764182b0.jpg
0297,./images/0297/1f955be0c28b40e8b9e9b31b9dd6982b.jpg,./images/0297/6c009393c9084c7d96fe84950d66be0f.jpg
0297,./images/0297/0b2d8974bd9d44a6aaf59d33358dda0e.jpg,./images/0297/4315e027fbb44e27b2b7cda7487c8d14.jpg
0297,./images/0297/2ac3c203abc24cd7af794b9b6ec10a20.jpg,./images/0297/cf972760c4144f6cbac5aceab440cca0.jpg
0297,./images/0297/eaf6837bc47c4426ab13fffd710b0a8e.jpg,./images/0297/dd5bbae99e20437dbccf370d6465bcec.jpg
0297,./images/0297/ceffd7ebebd6427988abf74844d3e122.jpg,./images/0297/399f88e4c95c45a3bf57befa8a247e1a.jpg
0313,./images/0313/e1bbcfcf16c04f4392810200189f7148.jpg,./images/0313/378013edb64e4022819794b4218d2e15.jpg
0313,./images/0313/6dddc12843ca46a08fc26cb3cbe0e470.jpg,./images/0313/6fd72cafc31845cb96810e6cf70e97a0.jpg
0313,./images/0313/0ce5ecfd787a4807ae7b35f8db5be7bf.jpg,./images/0313/d18ef0dcb2824d33bb250888ad69ddb4.jpg
0313,./images/0313/38f03762e0864e06a05d5f7d87d7350e.jpg,./images/0313/5717328a578e4c25b2502fc16c6c2a36.jpg
0313,./images/0313/1635efb720354196ad3b93bdb0c3b57a.jpg,./images/0313/fc35a60c2ccf4988baa73b1d9fe4e7df.jpg
0313,./images/0313/d40b61af22804a4497eea0140aa1f867.jpg,./images/0313/d4dc4c4c76e7481d8afe205b5038a199.jpg
0313,./images/0313/2e59b929543d43a2bf318422ba9abccc.jpg,./images/0313/a7f562f86cde4b5abc38ec0bbe973649.jpg
0314,./images/0314/53054cd308284865a724bfc936957853.jpg,./images/0314/423f3170257446cbbdc9edd3795ba035.jpg
0314,./images/0314/e74be81849f646bf823eb2a59e3694d1.jpg,./images/0314/1f298e4d946b468c8fb3a2b180f873da.jpg
0314,./images/0314/b0245cc7d4884e0cb76f7b61e52112a0.jpg,./images/0314/e45a026568de4d6885331ff2652970c6.jpg
0314,./images/0314/4ec511ecb8fc43779b9df851b4fbe40c.jpg,./images/0314/9505026ac6a44509bc0ce8aeef511f24.jpg
0314,./images/0314/a33a2ee33a7c48dbbbf48fa57d87df07.jpg,./images/0314/a1533034de494a0d9daae4279775a2a1.jpg
0314,./images/0314/e9c30be9f9ad4b9e85802979afe139cd.jpg,./images/0314/593e4f06935e42efb07b4b43fadc8c09.jpg
0314,./images/0314/d975a1adeb4e4585a7e92372f69709a7.jpg,./images/0314/2a5e70bca2bb462d919e24f6f5b1d527.jpg
0314,./images/0314/e0e8516a5e1e40de88d01208b3c042da.jpg,./images/0314/5908373c6cc1408984f5a8418008c15e.jpg
0314,./images/0314/c39e6542871340518f8ce48e33894431.jpg,./images/0314/b61084f039dd4642a673be1bfd442d02.jpg
0316,./images/0316/e8506cf22d7742f0b36419e15e3163bf.jpg,./images/0316/515983e683584b74b8edf3e6a911b655.jpg
0316,./images/0316/b5a8b7c7c40f4eb7bf1180b7002ca3dd.jpg,./images/0316/8ceefc1fd12e44e88ec7e5078180e8b5.jpg
0316,./images/0316/8a7bde432c2441639dd5d317fea84e25.jpg,./images/0316/1463ce71568342e388013745d591ac02.jpg
0316,./images/0316/ad25ff8cda004088b6ecfa5359df9f84.jpg,./images/0316/3f8dc1f7cd1642c3b7385f3aa27d1223.jpg
0316,./images/0316/65b26a2c95674977a6e4dc78953fd91e.jpg,./images/0316/684be117f77a432a91f14dd8a573e4f8.jpg
0316,./images/0316/209452ddc2614b3fb5e45e14391002ee.jpg,./images/0316/ea5c89db4eb548dcb89ef93b86e617f8.jpg
0317,./images/0317/3a6a5c278dbb4dc4b31153ac29f7e08a.jpg,./images/0317/7a289ac68a774830b58bb238409e87c4.jpg
0317,./images/0317/f7642af83b6546caba72896f8d8bbd6e.jpg,./images/0317/d8cb25d860bd4270b4a195b8f4e34ecd.jpg
0317,./images/0317/d0041d1abb8e4bc19d119270f4512651.jpg,./images/0317/b8c117ef12ca42ada5df5583fff4ccfc.jpg
0317,./images/0317/4a10cf120bc54015893b5806eb978a8b.jpg,./images/0317/6f311c003f144c9bbd7c25f07b469d7e.jpg
0317,./images/0317/ba975836827a45b48639ddd413f535bf.jpg,./images/0317/d5b4b60eb2564c109c7e545e4c1db779.jpg
0317,./images/0317/f0b6a019d02449ca9a2f31c276fea334.jpg,./images/0317/9e1633ebcf434252b57edfcc0a2ea4eb.jpg
0317,./images/0317/47906525d1cf4497ae5db80ca3e26b64.jpg,./images/0317/37e908047cd942009abdf0c092c65257.jpg
0317,./images/0317/2e1a76c23bc8484a8d3da70236e46779.jpg,./images/0317/85e4a1405c6843c0b9bf4be96bb0b08a.jpg
0317,./images/0317/259b69eba89d4254b5531b58569ce55d.jpg,./images/0317/d00d14b0248544e6afe1b1d51ea8f2f2.jpg
0318,./images/0318/1b75b7a19a1547c78834a090e633fbb6.jpg,./images/0318/e8c22723778144eea640d2f0db6c0d7e.jpg
0318,./images/0318/b3f6d0a19bf94012920125e8a11b9f3e.jpg,./images/0318/016683de3a3c46cebaf1b3acbab571b5.jpg
0318,./images/0318/a781f605172847f495756060c4120f8e.jpg,./images/0318/8fb08d1528b0416ba94b794dbcf697fa.jpg
0318,./images/0318/32938fb12649409a965eb1c6825b7b7e.jpg,./images/0318/51924c07b3714f8c93c1050601a85673.jpg
0318,./images/0318/2009643fe66a4fb1bc639150ac2debb5.jpg,./images/0318/e524070a1d41402882d166771afff48a.jpg
0318,./images/0318/d6b263a0c10c41998f11ab35514284d4.jpg,./images/0318/ea16de56f3164b1e89e0f70ec0fe80f4.jpg
0318,./images/0318/e970aad3052641e5a27086e3f9fbb186.jpg,./images/0318/66ff74243de04dbea25f763fec86af36.jpg
0319,./images/0319/0ae62cce170d4c8a8ec66781f113760e.jpg,./images/0319/4ea1269319654bff8e9f7d77cdada3a8.jpg
0319,./images/0319/9abf4b9c2ff84d9bab67f342574696e1.jpg,./images/0319/de2bfba53672476481e9ab7ba4655890.jpg
0319,./images/0319/784cdbfcfb3b49878ce70c06ea27f64f.jpg,./images/0319/e35e9ce0d4454e198d6b335d6f265123.jpg
0319,./images/0319/3a72dde143924a02be9b50aab5bdabed.jpg,./images/0319/d03596c2a03440388ef8cf3fb52ca5a1.jpg
0319,./images/0319/f135b7961ff8492b82435924693ee1f8.jpg,./images/0319/3f30ccf2fa5b444fa15d3e7da22b1a3f.jpg
0319,./images/0319/5d183769ce3e439780f6422f1778b7d6.jpg,./images/0319/29e5fa7ef3c340b58e9a261ed0265676.jpg
0319,./images/0319/e0d77f0ae5a2448eb53820c9b2dddfe1.jpg,./images/0319/f3bac7fe1d4b4db6908381c6a1b45d99.jpg
0319,./images/0319/6104a9af8df44f3d83ade63ea94971cf.jpg,./images/0319/c41f8632f9c8479e836c545af28410d4.jpg
0319,./images/0319/cb2ce1a0f2844505874fa674c116a30e.jpg,./images/0319/b819c9741b8f4a0696cd33b93ea7b5e5.jpg
0320,./images/0320/863cb6da9f8b4f4b8b95be28bef11909.jpg,./images/0320/f4af6e8ba914436abf986845ae0bac73.jpg
0320,./images/0320/899f6ebbab6549bebeb142b03aa9df65.jpg,./images/0320/b63d97aa36c94d70b12c7226bb733f82.jpg
0320,./images/0320/ef022b1cd73c4c529a66c1fffc8ca0bb.jpg,./images/0320/57c72ad8fca94593932d84725ab73bde.jpg
0320,./images/0320/60dbd99836584871b9b15f44a59396c7.jpg,./images/0320/1896eac416bd40949b4f378c3c79c74e.jpg
0321,./images/0321/53d9f06dee9c4b8b80cb3d6465c9b763.jpg,./images/0321/17578ad458674783a5682c6b93e51bfd.jpg
0321,./images/0321/0b29139a2c1848a5b2900f3ae9a62ad3.jpg,./images/0321/936c90db23f945fd94eccec6828f33b9.jpg
0321,./images/0321/74a2bb0981734d759be0749c3f048e2b.jpg,./images/0321/2a746c3adce6485d820b25d768d57810.jpg
0321,./images/0321/2d4f79515d4748e6b7c14cf6161bbbea.jpg,./images/0321/44ff6ea6a1234c33838a4b30351f3c16.jpg
0321,./images/0321/07ce58437e024d86bbeda0ee4b920711.jpg,./images/0321/76bdba880be845fba2dbba9307bc057b.jpg
0321,./images/0321/a57f2c07d42b4d8ea9cb34b99d4d6338.jpg,./images/0321/87c95663ef3a48d4b825c8dd1d518344.jpg
0321,./images/0321/f8ce691e5540473b9c140ecb9adffff4.jpg,./images/0321/96a2aaffcf0f4e5a801aa39ead407c8c.jpg
0321,./images/0321/d0a81992afd5422faaf669ca811feba1.jpg,./images/0321/2c7fb73f696c42dfbd6c589b288cd350.jpg
0321,./images/0321/3fe2d60405b045ae825d7cff76c6a338.jpg,./images/0321/2a80a5fa281a454ba9fe413f0f3bbca0.jpg
0321,./images/0321/6c86fc5224d74ae78cb8068caca784ef.jpg,./images/0321/3e06da70a5994d5c900aaf81c2236fb6.jpg
0322,./images/0322/8658943438cf42e6ab4233d9faaa4e22.jpg,./images/0322/d06a363f16ec4417a7d530cfabc18acc.jpg
0322,./images/0322/a5720c32541d4b83881d5260c8f5860b.jpg,./images/0322/4b1424c6936a4a1bb156c8c9bc87b8d6.jpg
0322,./images/0322/416e69d9e7e448f2938cb2ea9cf3e2b5.jpg,./images/0322/402b0d25edae4664a890b0a1c6f996a5.jpg
0322,./images/0322/a0b7e6f53382460a94e209eae9c59bfb.jpg,./images/0322/4d48e269014841ddb143434bee60cb1e.jpg
0322,./images/0322/f1c6336ae7f740d6ab5434831848ce07.jpg,./images/0322/729e457ba48043ce9e4c869664c877ba.jpg
0322,./images/0322/593f6d6f139f4cb18a7d270f44548627.jpg,./images/0322/d7c1340516b94f0e9a54e516e1907cf4.jpg
0322,./images/0322/eb58768ef8fc47cd9e8b01ad20c4dc6b.jpg,./images/0322/f17165ee038740d69634ca6688d61715.jpg
0323,./images/0323/19efd5ae1335415daf298fe247a2d635.jpg,./images/0323/6edd1053a614404bb816ca4fc86dbcc3.jpg
0323,./images/0323/e60d10378db247b5907268ffd8d40d89.jpg,./images/0323/b481d0837d14446081071cbdacab3b6a.jpg
0323,./images/0323/445f761b9e8249b88d62eaa4728ab1b9.jpg,./images/0323/a2e731ad09fa436ba2e4ef750ab78f56.jpg
0323,./images/0323/079b3f692ceb45a7a32e2a94872c1318.jpg,./images/0323/85021b70beb74bfca62aa0917fa82ffe.jpg
0323,./images/0323/b4d31c24f12243738beb38220a42aac4.jpg,./images/0323/03373ac0bd084cf580c53705a32273b4.jpg
0323,./images/0323/f3271f463f3849d7ad6fb5e0134f3e1a.jpg,./images/0323/f25bd694144f414db4d988149fdc9e34.jpg
0323,./images/0323/e023c0e8768c42a0ac3d06aae4a2f7e3.jpg,./images/0323/c1c0daaf2d7f497bbd29bbfac58ddd6d.jpg
0323,./images/0323/b1c81f6173944b31a9e252d702e4f631.jpg,./images/0323/93341dde4beb4ce3b57753f4e4395df1.jpg
0323,./images/0323/ab90773578bb4927834703ee41f40c73.jpg,./images/0323/777545df419b4414b446758d3bd7c69a.jpg
0324,./images/0324/ab57fa4e4d3542cda08e7513dbb041e4.jpg,./images/0324/dd3adccf8f8e4fda9209f8785441df52.jpg
0324,./images/0324/b04f93f3b8904bd283b47fcf1878bb91.jpg,./images/0324/2c272ebf858640218b80dc8ecf1263a2.jpg
0324,./images/0324/1b3f6a8b37d44259a49388d553c764ca.jpg,./images/0324/5e3341599ac245908a7267932fce4072.jpg
0324,./images/0324/d5bcd587af574cd88950bd184165d804.jpg,./images/0324/ef78b8a4191b479a801feca3cc4165ca.jpg
0324,./images/0324/f1ed22ae7c9f4d5aa78021459d307672.jpg,./images/0324/d2b40f18d5b84143b0c06b6c1c9955ee.jpg
0324,./images/0324/1805db86ae334c9d93ebdd5e6d5f44e1.jpg,./images/0324/630bbe13595247d6a8217e9f8c504b23.jpg
0324,./images/0324/cc55937cea2043468751493801fb5feb.jpg,./images/0324/e08b9c8f3de2466fb63f3d5de2b96091.jpg
0324,./images/0324/4c81b932f7c3461190a33401457b11fd.jpg,./images/0324/8c819c6bb16f4aa5953dbaadcd7aec17.jpg
0325,./images/0325/26401fb89fd8404185fbaf7954524e05.jpg,./images/0325/4e6deea2d0ed40ef817d0733182f2432.jpg
0325,./images/0325/aae0798b401b42a7852581ed7bbf2c32.jpg,./images/0325/7edaf3943ce14f5fb92d76fe7048eda0.jpg
0325,./images/0325/30c65200b068497da40cf40a2b3ba692.jpg,./images/0325/c3db3d597c3645aa96e76c6d24df5e97.jpg
0325,./images/0325/5f33ee7d372a41a4b510b5ce5447b497.jpg,./images/0325/60649d30a09a400c9cfc85e9595f9bd6.jpg
0325,./images/0325/8bb463e53a09470186bedabb0eb8ff2d.jpg,./images/0325/98f4150f52244641a650a9c759978619.jpg
0325,./images/0325/98cb656c022d48999ec403a6706d3a57.jpg,./images/0325/4ea677fb90724a3697fda05a69749783.jpg
0325,./images/0325/30d7f14fee4e42c588bf8f4a2d9d321f.jpg,./images/0325/59284b53f11647a1b4b8ee1a6790ce9e.jpg
0326,./images/0326/427b6d7e30a34e389cbbab7ca13fed6b.jpg,./images/0326/6a9fcaab50ad4e3c87320338c4677021.jpg
0326,./images/0326/7b7ad42e86da4f668d839dde3f878030.jpg,./images/0326/52f4f4f83f2a459eb02b02da517df37c.jpg
0326,./images/0326/2340cf37d5b04639a95a58de31c07eb8.jpg,./images/0326/d0a2b8e75e8b47778302614a35130413.jpg
0326,./images/0326/42226930f7624513b68d8a922f5d173f.jpg,./images/0326/2deff39176484bab9cd7211a0b835ece.jpg
0326,./images/0326/1ac55ca9749a4612b8d288c4fb5e4064.jpg,./images/0326/c3132595d86344959819198f1c818580.jpg
0326,./images/0326/b98e6cc5a6d74ebe921ee488c867bf1f.jpg,./images/0326/9a08abd7f84944b19e0294da42b3dbb9.jpg
0326,./images/0326/e127c466702e47c99af463853294a7ef.jpg,./images/0326/cc5af2d4cd7a48ac850f72046a554b9f.jpg
0327,./images/0327/9a113742ed1d4e16a9ea8c6c174b907a.jpg,./images/0327/a00e685c2f11432c90e9c1a37c5a7523.jpg
0327,./images/0327/86712d80c55a488eaebeab97c10f8089.jpg,./images/0327/b96ef05d90324ee99399331d8dedff4d.jpg
0327,./images/0327/f3d2d1f6e7484dfdae9c0d610039ed48.jpg,./images/0327/9060a0fc45eb40c2ad64f047989c300d.jpg
0327,./images/0327/dcfd230e0aa140d99fa9beb705d0ddda.jpg,./images/0327/da9781de8ae24d08a7f55d1a9f7fd64a.jpg
0327,./images/0327/ad86b0ea3151440d942259df9e959daf.jpg,./images/0327/3ffaff28f334487ab21260d3e31ab739.jpg
0328,./images/0328/69472e3a52d544f7975394ec3a1f8449.jpg,./images/0328/a6dc3c502aaf4b409ffda0f202cce9e7.jpg
0328,./images/0328/a0dc701760eb4f0aab1c94dfa7611448.jpg,./images/0328/6060a44def72408fa3447df9f02f8695.jpg
0328,./images/0328/cbe214780d824806881cd328c45267d7.jpg,./images/0328/eda01a9ef6584defac2a641077e75c65.jpg
0328,./images/0328/3e649e6dd82a4375aca4baf3190cf36b.jpg,./images/0328/fce63396385b427996cec4e71c4f6ea3.jpg
0328,./images/0328/f205d56ecb074fa69f760360915a3260.jpg,./images/0328/a9b08fcecd944c5898a177eb7929fbc9.jpg
0328,./images/0328/8b8731dbb5f545c69fa63d02d60ef922.jpg,./images/0328/bbc3c89ddd244ae2bfb70ceef8c76dd1.jpg
0328,./images/0328/4eb42bd508cb4e4f97919c1d4e7797e1.jpg,./images/0328/422c43b0f64a4ae19d044001827ebf48.jpg
0328,./images/0328/a89400a44ab545b0a7db7857465a290b.jpg,./images/0328/15229b17f3ef45c88d7ce89658870b6f.jpg
0329,./images/0329/1ebf9fb59d704667b5ff818fde246094.jpg,./images/0329/4387eb293e5348fd8ea087b9cdaca43c.jpg
0329,./images/0329/7105f79ffdc044b3a3e226d63ac0d6d2.jpg,./images/0329/fb9bafd045964b5aa016a3cd025a1f07.jpg
0329,./images/0329/7097fa124cea44f297c1ae2fadd60834.jpg,./images/0329/31162393f3804db087104fcd82bef030.jpg
0329,./images/0329/5bd872b0ba40446eb6675523a5072570.jpg,./images/0329/4e3026af22dd4a17b458479f10d16a36.jpg
0329,./images/0329/271368dd86ca4ee69780262e9e9fdbd4.jpg,./images/0329/c9cce50df21e420088ff7fd322e4ce87.jpg
0329,./images/0329/557c1c0ef1474dc1b680cad6d5c6c88f.jpg,./images/0329/837617503a8a4798a04697889d69c1ad.jpg
0329,./images/0329/3a2b8623bbff4540bff518bb03a4dab2.jpg,./images/0329/2b4f48ef53c74251810b21cf5885b96a.jpg
0329,./images/0329/9847714f91a84dc2bffc76a8ed69701e.jpg,./images/0329/86c0c79c0b8345e581694606440e30ae.jpg
0330,./images/0330/66046fc414504cc0b6d60d21c5337318.jpg,./images/0330/5ca0315ad86741149541c1a1918188f6.jpg
0330,./images/0330/83a2098235664c77864d403596f493e4.jpg,./images/0330/f24f6653c954421796832343cbf084ba.jpg
0330,./images/0330/802b177f77564596a7dec10efc4eb4da.jpg,./images/0330/8b955d308b814acb8ae28d728e9e5e7a.jpg
0330,./images/0330/3945f7d1621c4f5fb44877af0c8d71af.jpg,./images/0330/f7c71894a333423aaaae45fb288c9193.jpg
0330,./images/0330/67847bd45b264b7bb8e9c9014078e093.jpg,./images/0330/2b8945b8cc2d4f09b34693c8a9de3e2a.jpg
0330,./images/0330/eb2f694c9f154f749e4e76abc799dc20.jpg,./images/0330/8df02f7b49dd4419bb7ba3974cd84c1e.jpg
0330,./images/0330/c9af577847994a87a101678b130746a6.jpg,./images/0330/f8b8d113eddc4b3ba5868c46948aa5fb.jpg
0331,./images/0331/a09d05a6c2354596995bb2d15d502a29.jpg,./images/0331/1243e08132f54c94a2fa4ba029c1160f.jpg
0331,./images/0331/de735ce591264fed97600f5c12d8a5ba.jpg,./images/0331/4138439b462c45bfae38a42f04d78db1.jpg
0331,./images/0331/17d5676c0f58499c882c192b7d59f177.jpg,./images/0331/7a92190abd4c403ab77a0bbda4661010.jpg
0331,./images/0331/04b0aa076a5445b5b272d89e3e561a0b.jpg,./images/0331/f2df606dc0a848519ae284a0228e0964.jpg
0331,./images/0331/fc81fc9bbe59439ab9973db3104f86a6.jpg,./images/0331/a5aed0404bad47ae9bf8542789047008.jpg
0331,./images/0331/bfbdda720804456eae1e8b4024e8cca6.jpg,./images/0331/64815486bb0f4e258bb7d632e09ceec9.jpg
0341,./images/0341/e5aa0739fcb349629c9f5a9f911bdcdf.jpg,./images/0341/96ee61ad9b33457bb3cf86e6540f843a.jpg
0332,./images/0332/7a04f67db91c4a3ea3cfd5b5086fdb99.jpg,./images/0332/1424495c90114c838e58405828c585eb.jpg
0332,./images/0332/9ca497f974724c6187af2483d9ef577c.jpg,./images/0332/3f0b10a71b3b4b77a02e2a25d2ae4cfb.jpg
0332,./images/0332/0e92ad40af06467190beed87e1ab0929.jpg,./images/0332/3c68e6cdb2cd4dac88cf15fe3ee2c8c9.jpg
0332,./images/0332/dde2d45d1efa4bc4894efff534b547a0.jpg,./images/0332/03c77f6988b0489681e70d6c8cd08af1.jpg
0332,./images/0332/5f486bd2a8de475db4ac5616c920f99a.jpg,./images/0332/4e42a64cb2ed4d72b75a4875fdaa4af9.jpg
0332,./images/0332/5e037a04a46b4164bc7b680e00ececaf.jpg,./images/0332/4426da9285a941fd9f6aaa58047907d4.jpg
0332,./images/0332/313e7decdbaf4af5ac1d0c9ba3d71a4a.jpg,./images/0332/368263d265d440ba8966774dbe1576b0.jpg
0332,./images/0332/bb51f5281a224bad8d1fbba714f62bd4.jpg,./images/0332/35f54b9a133c469cab4a082d2c98d486.jpg
0332,./images/0332/25ec3285a8fd42bca5e7b5813d15e565.jpg,./images/0332/c40e9a554f41462697d4fc5a8a83e6cc.jpg
0332,./images/0332/8a1f6dd341ad4676b8e42cf7ee8c09f9.jpg,./images/0332/cd763dc5c8c645a48a4d6a4779d08787.jpg
0333,./images/0333/27f599ee9f074cce8f9e82837c21008f.jpg,./images/0333/3c2e5db4e8b74ea9be5eabb20e035ee1.jpg
0333,./images/0333/07023e798d5041b484e9abd65a7922bd.jpg,./images/0333/141e6ff549fc4ae697fc8e254fd0581f.jpg
0333,./images/0333/eac5c3b6cd7e4340b94db8015c1468bd.jpg,./images/0333/9f69eb9d52764b4fab9e4021d365cfec.jpg
0333,./images/0333/5eb42569a47544d9b6d5ec79cebe5c54.jpg,./images/0333/6234719a5dc9472691479f2aadd49645.jpg
0333,./images/0333/664367a2a1a04e31acc9df46d10cbb65.jpg,./images/0333/5f5f10ecd71640b68a64a5ed209101f5.jpg
0333,./images/0333/72e5b2ee8cd047679c5288ff412b34c4.jpg,./images/0333/66b05f2cdcaa480487844d2e7d74350a.jpg
0333,./images/0333/434c6a1a938c40588d83634616c2abaa.jpg,./images/0333/fc50b922cc2a479f919c854059c717f0.jpg
0334,./images/0334/671e327e0802497fac9a85e872e59c15.jpg,./images/0334/7af93a1d9d344a3fb74cffa6d48b43e9.jpg
0334,./images/0334/ab1371f900314fb6b109a532a082237e.jpg,./images/0334/d2576a4d77b64922a494e38466309a7b.jpg
0335,./images/0335/7eb6ae00e2144e64a9b10614878a79a0.jpg,./images/0335/8ce611bc96424bbda59713f2d40c36dc.jpg
0335,./images/0335/98a57bd67b56464784e1626bdcb3c7f0.jpg,./images/0335/f37f51cd4e4f4432b964ff3bfb0fcb5d.jpg
0335,./images/0335/f4b49efc4bb443cebfe06acea2dcf647.jpg,./images/0335/dbb3a8286c83436fbb42e2f8f7917e09.jpg
0335,./images/0335/6cc4e946570642eb9a2e96369569f2a7.jpg,./images/0335/8c38cd21a416403e9625039688f1874d.jpg
0335,./images/0335/7a69a508a76444f7b29f481c3a8a4735.jpg,./images/0335/0a9588e11ea041ce85ead7f133dc16f4.jpg
0335,./images/0335/57b37647e79f4ddaae2fe19697a4c160.jpg,./images/0335/a9d19ab9157745be9275c9ac973e6bcb.jpg
0335,./images/0335/e603d25c7666429d8586933060701104.jpg,./images/0335/ea5cf17106bd4159aa5e7032cfff16c7.jpg
0335,./images/0335/357f4c75652641dc825aeb671d8f34e6.jpg,./images/0335/c1c8ba5f6f1840ed831ac4575522883d.jpg
0335,./images/0335/7b54750901ba41d1945566f36352858a.jpg,./images/0335/bbaf71cf83ad4e228f0764599e6f684c.jpg
0335,./images/0335/db0b05286eb941b193fe6f2a9ebeb1d8.jpg,./images/0335/fc3ee44a6eec49fab6cf5c9f4128fbb8.jpg
0335,./images/0335/adbaf1200cee4220914a28ee56ff307e.jpg,./images/0335/d254f0e27acf46e4bd48e41613ef335e.jpg
0336,./images/0336/d48b3a452d2f4fbf829dd72f4ecd0817.jpg,./images/0336/41f4aac4d9aa4cf48c287caf83964ad0.jpg
0336,./images/0336/70676c8da6e847449f5bacb94f35a381.jpg,./images/0336/485fd96e887c4c9989941783e9df9c7c.jpg
0336,./images/0336/873782ade229499ea10d0c7910bc5196.jpg,./images/0336/76e5a1432da24fd2bf4c36515ee3a5c0.jpg
0336,./images/0336/4913db4772f94b69b9ffd98747855c50.jpg,./images/0336/ea1c4abb897547a1b64092fce4658801.jpg
0336,./images/0336/4f9c2df089b54cb79af5a381f5153fd5.jpg,./images/0336/a3971ee258a64b8cb4698afb1ec9cac2.jpg
0336,./images/0336/3a4eb144e2644c6a9947b1d41aac51dc.jpg,./images/0336/d9ef3989649748eaaabc40b65d210036.jpg
0336,./images/0336/9fd9588103ce4ae2ab08e4b265c6b60c.jpg,./images/0336/13f56239fa0542878191b18a9463e93c.jpg
0336,./images/0336/79c9509b5b12410dae33eff9568ab997.jpg,./images/0336/48524e924bb043cc8914be5629787d14.jpg
0337,./images/0337/b5839e819534496d8bc0f46e1c46860b.jpg,./images/0337/e7051e22070b4c72892d1912dfb4f34f.jpg
0337,./images/0337/ec7fe0cb0f2644abaa68b0018f70fd87.jpg,./images/0337/7739ea6270224954961f5608e980efb6.jpg
0337,./images/0337/83e0171b312a4447992100624c9c2503.jpg,./images/0337/b70e08dd49d2483caae9ab4e55fdd8f6.jpg
0337,./images/0337/b672060af9c341699b9a79ffa44831dd.jpg,./images/0337/488d37c371cd478fbc7481f9daf90b61.jpg
0337,./images/0337/f3bb7b89eec74902a7dc3acb62ed1d49.jpg,./images/0337/f2c9920b7cff452b99cbe6d39a3db785.jpg
0337,./images/0337/46d82529fc9740ddad3a9fb03916ef55.jpg,./images/0337/23f36cbd3d6d4774a0a84428da9ebde4.jpg
0337,./images/0337/270c823746444a8dab3d947a1423677e.jpg,./images/0337/db9532c54a15432b85df394f03c262e7.jpg
0338,./images/0338/1c2880cf42624e87adc470d2744b3f53.jpg,./images/0338/714ec3dc078148a18bf5dbe2cb614d18.jpg
0338,./images/0338/47295406ad1c4c80b359e3ce2d45e0bf.jpg,./images/0338/90653d2420ff4c2cab9fb0fde829c3dd.jpg
0338,./images/0338/948e61ff76c742cf9dac7b42064ac5a5.jpg,./images/0338/8038c0e65cfe4a32968a60f9da9a98b6.jpg
0338,./images/0338/498a9814b3b3415fb524dc9d7a22acff.jpg,./images/0338/886f78da63584439bdd2a6f8ab46fd11.jpg
0338,./images/0338/ea8a986fb100434fb09215ae6cfa1a7e.jpg,./images/0338/c907cc4b1569425493ce6f8a6a46f1e3.jpg
0338,./images/0338/549832d2c4de467b9f744d926b6b68d9.jpg,./images/0338/23bec030190c40f486111af5780d5cb6.jpg
0338,./images/0338/693e9d79599c4b4e93301fc01163c324.jpg,./images/0338/ba9ed780197a437195d1836e9199cf42.jpg
0338,./images/0338/3f0914bfedf54defa398cf7d665741cc.jpg,./images/0338/34d4772cec6d4a329341d892afe59b23.jpg
0338,./images/0338/7557e1d22d144385bd961a114b8a9cd1.jpg,./images/0338/f582cf3136ec45d5aa0a6201c13bf5af.jpg
0339,./images/0339/f32fa11a3a134dafbc07b17a3176b3e9.jpg,./images/0339/5bf0364364b944aebc62a72a7b4c788a.jpg
0339,./images/0339/6fd288a69917441191640768976cd360.jpg,./images/0339/69db337e1b5a4844a468108e75fa8a5e.jpg
0339,./images/0339/8e1f198e06d4493685afcf8c5eb84c2d.jpg,./images/0339/986adfbcf2b74173b700e78ad5dfa7ed.jpg
0339,./images/0339/36a1d52cc95241d0b182f39a567b2217.jpg,./images/0339/865ab5213ca04bb98c31b7b0f3b07a72.jpg
0339,./images/0339/de31850db24b442d87fbec7be620fde4.jpg,./images/0339/ea19251975f04142b18c83b24d9e44c5.jpg
0339,./images/0339/2e1726c6947b4db1bdd372c5c4493556.jpg,./images/0339/c54f6cf70f354e3d9340300655cc0cfa.jpg
0339,./images/0339/b20cce88274e459689a536838a896ad3.jpg,./images/0339/f7687dff93a6407b92908cc00841733a.jpg
0339,./images/0339/5c743f9b481d413c8a013254246d8a6e.jpg,./images/0339/e5ecb3cf10944061964d13a6f45f9994.jpg
0341,./images/0341/39f0fb72e26146b780594fba7edb054c.jpg,./images/0341/e0c4505a76624f489adf7726662aec15.jpg
0341,./images/0341/0812997aabe04d72a9f5d30ed4031087.jpg,./images/0341/876a76e9fb274e33acb958f5de941ee3.jpg
0342,./images/0342/560a551b70d14a4a81ba12972ec49da5.jpg,./images/0342/8b1d100da1534195bac2c0e20c0cbbc8.jpg
0342,./images/0342/9f57e4122aef4cf5b8025dbae2314f07.jpg,./images/0342/7075f69f0dc94dbebc10801a2010bd1e.jpg
0342,./images/0342/b018126acd374d879f1336121102f642.jpg,./images/0342/f2dd2596997044698615a28d5f152d72.jpg
0342,./images/0342/b42138b5405741aea2d64e039a7a8294.jpg,./images/0342/684375855f444e4b97d5381f28d599ec.jpg
0343,./images/0343/131f71cd242f4b6b985ae0e031994ac4.jpg,./images/0343/942d75a4d7ab4784a0a245543c42457a.jpg
0343,./images/0343/abec4564ee1f4ec189d834d206b5f378.jpg,./images/0343/add2ea378b9a412aab05e99ec05aff02.jpg
0343,./images/0343/1fab5c4ae0aa439f8a8167639261fe58.jpg,./images/0343/15bfdcce37ac45d993510b8dc27540d5.jpg
0343,./images/0343/147dfd2459b4428ea248e3b004c486f2.jpg,./images/0343/d76ec14cb2b44eb597c2325fcdf9485c.jpg
0343,./images/0343/88fbd0b696744c1e9f27cf72200a71d7.jpg,./images/0343/76fc64974bb44690b66756a67b69b3d0.jpg
0343,./images/0343/9cd50104abb247b6a3dbd8c57a4ae6aa.jpg,./images/0343/e68a966a071d4c27baa9faeed7f1e979.jpg
0343,./images/0343/c41184deba5b46319a0ae90d028f57f7.jpg,./images/0343/48e16b8ce650416393f885184f1822eb.jpg
0343,./images/0343/fed15bafd1c849e9a472fb2b688f0f77.jpg,./images/0343/1d9009f9b7764eb7b26fcce3b5ab45a7.jpg
0343,./images/0343/73d995f9ed3d402393c1093fd23f77dc.jpg,./images/0343/d5b9256c27b84a64a77b53efd26d5aec.jpg
0343,./images/0343/6bb3798cfb884763a1c71f4127e79158.jpg,./images/0343/db264abd3f52486a956137c7b9336b52.jpg
0344,./images/0344/11fab6957eda4292abae0e2a9c4acce8.jpg,./images/0344/65eacf047f244584a4f1c580e07a58a4.jpg
0344,./images/0344/54bb5cf841ab4cd3985bb1bbc4367063.jpg,./images/0344/95733e57df834c2bb4abe7a1ce11af4f.jpg
0344,./images/0344/779e64c8bfb44b0686aac77fdf9af82f.jpg,./images/0344/6397e692d55d4a2083c7245678db0987.jpg
0344,./images/0344/ca30d0e973a741bc98c8fa6e083ee35b.jpg,./images/0344/cca6d8f33460499798524e1df062650c.jpg
0344,./images/0344/1e38c45d021b400b95c7aa944f291e2d.jpg,./images/0344/9223513bdfa2467491e7e21353354a40.jpg
0344,./images/0344/432149ca84e2441ba6843ee8c343b793.jpg,./images/0344/34cd0df08ebf4133a1da13a3a5a47e07.jpg
0344,./images/0344/429f8f66636b45d291e098d172cb107e.jpg,./images/0344/0eaef95c99c8442da6f0f47f8afcf47d.jpg
0344,./images/0344/0b7f45371b834066989a9cc113d951c4.jpg,./images/0344/3a3378db51ae488a99cbaa5a9a21b991.jpg
0344,./images/0344/fe00d177f34d442a88cacfec0f10a679.jpg,./images/0344/b0997c697f0a47c4b34ee2a687b81f93.jpg
0344,./images/0344/66c88a6715204e4e8b25aa026264083e.jpg,./images/0344/ed7eb3997fda429a95fb070a23868d44.jpg
0345,./images/0345/848cccce4ab54585b659ac4cee245ac4.jpg,./images/0345/ba589ad54f5d4cb9a470f11d6396ac4d.jpg
0345,./images/0345/ad4ed02b3f854c3ea740b4d1637cd4d4.jpg,./images/0345/c604b391e5954155927c18fec3430e74.jpg
0345,./images/0345/4b04487a7c694ecb97f278a53319b487.jpg,./images/0345/e13bb56947bb4a6ea17d88ca4eac5442.jpg
0345,./images/0345/a4384c623bb14053a6e802144af4e165.jpg,./images/0345/7a60e3de38764ab1a3a116a4fac861fd.jpg
0345,./images/0345/d7132ebfbf2b475597e40ac03f030be2.jpg,./images/0345/05bd325cfbd541218c53e040566cb76c.jpg
0345,./images/0345/16617bc771a14e52be9e9fb2a949dc3c.jpg,./images/0345/9f8bc99c0c0241eb806097f7c06cdc50.jpg
0345,./images/0345/f060d688144f47728d94caf215c1e610.jpg,./images/0345/6b088362c3c642b697253760936c58a3.jpg
0345,./images/0345/25c221153685477c91f0d388fbd30209.jpg,./images/0345/b1ad4f7f4eb549f68bf376288db8a1a8.jpg
0345,./images/0345/d03e981012584b4095c2712e00433f95.jpg,./images/0345/ba51f7594b2e4f98967f7090d5aee93a.jpg
0345,./images/0345/e99172977c0047aca7a94ce9071cab56.jpg,./images/0345/a533f2b49de841b092d0ec49203c6080.jpg
0346,./images/0346/f3142ce388354e0dad5d1c8a1429d2fa.jpg,./images/0346/d93a2eb1f397418e89a96cc2ce5a01b4.jpg
0346,./images/0346/191c92817de94e319984088184144c61.jpg,./images/0346/ef2f58a5e849478e87b53d5071788132.jpg
0346,./images/0346/590dfc821be74620ac63d0d92676eafb.jpg,./images/0346/b76ddf455b77415694436a4290d49831.jpg
0346,./images/0346/13ccc9e2b55a45c68d2766f3a324a7e7.jpg,./images/0346/cadc4476864e49adbda3dc95e5982f71.jpg
0346,./images/0346/67df7bfeaa3e4fe3a4d09559eba02db1.jpg,./images/0346/befb9ec63910415c9d57864724fc9e26.jpg
0346,./images/0346/e3f3d25a7d834aa8882b4c1fe0db9a05.jpg,./images/0346/384f1258a2374975ad041e1b5ac6a150.jpg
0346,./images/0346/2405f2500709473aaf81b57f4519c7bd.jpg,./images/0346/0b946235f215466899235336d20ae68c.jpg
0346,./images/0346/b3212986701040389ef75e5e8a7e317c.jpg,./images/0346/37b676c6ede64f86b00eea0b967bc2d5.jpg
0346,./images/0346/b6747d546fe8448188b76d5f63d8d143.jpg,./images/0346/63b3868b45ae4dc6a48f2af0ae637943.jpg
0346,./images/0346/fbf3dc060456429695371b274f93672e.jpg,./images/0346/5ad1b77fa1bf4921b25e62fd912bfce4.jpg
0347,./images/0347/1f78793af63747b2a52672513429ecfc.jpg,./images/0347/e350f56f1890488c946f2b26a66f2749.jpg
0347,./images/0347/13bcf655722a48daa1fe15210bfe38f8.jpg,./images/0347/22090803b56d4dd19f291e45ea8150e0.jpg
0347,./images/0347/63b0d9a1167e438084e5dc496b415ec1.jpg,./images/0347/069461ba80ec41e5abbc26be723b4be2.jpg
0347,./images/0347/06427b55610f4880a13b20fccd598329.jpg,./images/0347/85218f91d67e4a45ad642250d379f6ea.jpg
0347,./images/0347/ee6c62a96764493cbee5c2f2d20f5f55.jpg,./images/0347/7ccb00df3101432695e5e5ee9783756c.jpg
0347,./images/0347/bf9313b7a62544f3bfd192b5491897be.jpg,./images/0347/904dfb45e2104809b2d005c42ec9017c.jpg
0347,./images/0347/42680b507e8a4696a2e20fb7e4af1140.jpg,./images/0347/d80de9db943845d7bfc37945a04a74e1.jpg
0347,./images/0347/94960891313046aab09f241a1ed8dc0e.jpg,./images/0347/ea8b1cd33e05421a97ed6dad7dd658ac.jpg
0347,./images/0347/06faa9fdcac343fcafb678c653f43eb4.jpg,./images/0347/9730e0e446824d8a9c5e2c17918fd2b1.jpg
0347,./images/0347/3c04ecd338f7466dae008e4dd1783a5f.jpg,./images/0347/f55bdfafc54e4f0699a7bb7bb497320a.jpg
0348,./images/0348/0a7e823cac7c4288814c57f1feff9c80.jpg,./images/0348/7c29488922cd4bab8f85128a1f3c5d8b.jpg
0348,./images/0348/1d91026d7b884c149dc42d508eb14207.jpg,./images/0348/3cd9a60d64f64c14ba9c12876eebb60d.jpg
0348,./images/0348/8e16f7964bfd4aaf98eb9255dfcc7b3c.jpg,./images/0348/4e4999735f8f432abc44f2ec1c6a825d.jpg
0348,./images/0348/b826055e81924c95b0b88cd7763924ca.jpg,./images/0348/dff612f482e8410e93192e8bfc14d27a.jpg
0348,./images/0348/30f75a81f97d49f687895dd984f7687b.jpg,./images/0348/0e3f44016e8c44fa9adbc1d2ff1af041.jpg
0348,./images/0348/65db8a8074ef403083a79d182214a1b9.jpg,./images/0348/2aab8b361ac64b62834369d2067dd342.jpg
0348,./images/0348/9dc7025dae7b4123be8a5e7f64c9148a.jpg,./images/0348/64d161c0891940b88b14521631c1b339.jpg
0348,./images/0348/9171b4c4c3ec4541b538a80e903f33f1.jpg,./images/0348/b2ec308049424537a0819582ba8e667c.jpg
0348,./images/0348/c80c76e0cab647ad8f64b6866edc6b35.jpg,./images/0348/0bf9993f7c824e0f845763214fc1bf3f.jpg
0348,./images/0348/4564e2804f154b1a916f042ed05b5b6f.jpg,./images/0348/ba368cc31a184cf6b3ca64fce33fbab7.jpg
0349,./images/0349/072ddcda35364d9c881b5b03369dc587.jpg,./images/0349/41921c6c6a4340098d66638c1ebde27e.jpg
0349,./images/0349/19b7099a3dda4fd29101758422968cb9.jpg,./images/0349/d3fc95125a814f92b1be3c3eef728eab.jpg
0349,./images/0349/bbd79f5886b0492681b1d67371f9bda2.jpg,./images/0349/077618e70df24a35916c4f5ca0062e15.jpg
0349,./images/0349/5bc130c34d144d1a9a08a5cd91f5bda2.jpg,./images/0349/a34ad8d8e3204ee2b8d5b61e1113d824.jpg
0349,./images/0349/1a839161fb134dc790dda4f9688fe76c.jpg,./images/0349/b2ce00394c7b4cc2833bd1aff24c03b6.jpg
0349,./images/0349/7d89aa21c9cd4020b8d8cf54f0ae87fd.jpg,./images/0349/8b4cd84a57f04eda92e9ce767b44de67.jpg
0349,./images/0349/b6096e387537412189541631d0cf74b4.jpg,./images/0349/bcbab99dd1ef4d1cb1c5f4a3f401b8ee.jpg
0349,./images/0349/1cb861fff00a436cbedd8afb47c81be7.jpg,./images/0349/7c1ee90d26af41829dcd4cfc289e50f0.jpg
0349,./images/0349/27c14e63a20d4e58af0cee4b961959a5.jpg,./images/0349/0c58621457f8480a82e9d485c2bf114e.jpg
0349,./images/0349/43995eb8c9e0401f84939a43d04951cd.jpg,./images/0349/d6d87341271044c88c1063de4333ca38.jpg
0350,./images/0350/d5d4d460f8df44a0a043205a815b611a.jpg,./images/0350/d48cca99e2ea4d05a214e1b97890345f.jpg
0350,./images/0350/c3e77a8eeeae45cb946d2b10eaf7f645.jpg,./images/0350/cbf39b43db3549ffb9179b5aaccb78e1.jpg
0350,./images/0350/db92a227ce244c319a53e1d259ca025f.jpg,./images/0350/8f6129e4be6249f9abe711dbf1daedde.jpg
0350,./images/0350/5805246aeb0c4350955ba94dea1d50d3.jpg,./images/0350/9f16c3f09cc544a4bc3a8f4a6c86ff77.jpg
0350,./images/0350/c556334c49b44d06b0ae38b3ab85d439.jpg,./images/0350/ce38e5c04c864c15888ca7c5d3671ce5.jpg
0350,./images/0350/76067bfbef5d458c96726dc4c19307ce.jpg,./images/0350/1d7a7cd7ff9f4d10a8db194d871c785d.jpg
0350,./images/0350/75b11a8ca3a84ec5b5d9a076dedd6611.jpg,./images/0350/396136ea69554b1eb8b3a8f08c79648a.jpg
0350,./images/0350/b76d1846a3ae4c0ea3b7a77d7e2fcb40.jpg,./images/0350/2e4792adaab24b9990853fd32d965858.jpg
0350,./images/0350/277e028f9fc54bf3b471460510c6bfd1.jpg,./images/0350/fcd335984bac41ca8b5c71e0684ee27f.jpg
0350,./images/0350/8bf6eb3492ed4d97a2ee75116715d0f9.jpg,./images/0350/68c584c1f15a40b68bee34823e1f3ccb.jpg
0351,./images/0351/89ac04a12b2c4011876bcd8b29b2e96a.jpg,./images/0351/8797ca388ae0412ea4d2fe043e3b2ba6.jpg
0351,./images/0351/bad6e0ccfcbd41d9b5727db0e54bdf66.jpg,./images/0351/7747c09effbf45389fc892df2da0e284.jpg
0351,./images/0351/e2277ff95f164b14a659b71138cb8461.jpg,./images/0351/837d49b3f4a4411690854bb35b00dbd4.jpg
0351,./images/0351/c343b4d39ae242f3be38689ec60ed3c5.jpg,./images/0351/d09a6cdbfd2547a786c8e61f6e81e305.jpg
0351,./images/0351/7a2dfd57aaba4931b4e9a5b26ebf08a4.jpg,./images/0351/38962b883b9a4a018c9e4241defd35c1.jpg
0351,./images/0351/81b46f43fae7463a985b9f1f5fa6f7e3.jpg,./images/0351/bad379eb48284254989730c337265ed4.jpg
0351,./images/0351/6eb41e0044d04634a919bf1ca502313e.jpg,./images/0351/92aac86d65694bc981af7c9620ec45ef.jpg
0351,./images/0351/308a328e7d8649e68ffc037cb30a5153.jpg,./images/0351/ad617a07181445849deb2facce43b698.jpg
0351,./images/0351/2d1dbf24e1424f70b02e3ee18f6bc44a.jpg,./images/0351/ca9980168a2349b2b9783238447660b9.jpg
0351,./images/0351/33e3a81ca0c449258f7d7a8fdd9bf7e0.jpg,./images/0351/88b04a178f6546b6847b53e8be7547fe.jpg
0352,./images/0352/c2ededf100634da3a0295a786dafb889.jpg,./images/0352/61380cdc1ad44bd5a72bde49dff6ee0e.jpg
0352,./images/0352/7fac257ada6a4e49bcad2d22bd15a34e.jpg,./images/0352/b9d8d4f306504b3d8f44a3bd222dafef.jpg
0352,./images/0352/b479c9492f364bbb8f6ca13bc45e4e78.jpg,./images/0352/289d71ff0e7d4d46b86b8193ac9c91fc.jpg
0352,./images/0352/3d0ace0c62f74d57911cb30af4275ed0.jpg,./images/0352/ad0552e4207048fba209a6a426f6775e.jpg
0352,./images/0352/bd8d153ddbaf44339b27fb9045508b39.jpg,./images/0352/5b2f67321dab4a56930cdff44de17631.jpg
0352,./images/0352/fee2ba1e076f4b1b9da7f6f4b11731f9.jpg,./images/0352/9630cf7968784cc2820708ccb446360f.jpg
0352,./images/0352/fdbcef609d964a8e94a96b02ba53cbdb.jpg,./images/0352/f0638da20148445eb4052d19f409206d.jpg
0352,./images/0352/076a4d8e57a949c2a8014a53112de525.jpg,./images/0352/95549f5ad8f54706ba7c91599a57723c.jpg
0352,./images/0352/0d6efd0880a947beb0a7b37e4eaf146a.jpg,./images/0352/5d982ce5dfa34e2c9b1f4caca4b08b28.jpg
0352,./images/0352/81a865704cd94c7f9baeccaad51deeff.jpg,./images/0352/95a9d0c9893f4349832a8eb1d8a64f29.jpg
0353,./images/0353/b25f5c3a9a0f4589acac17fc29ed07c8.jpg,./images/0353/20a69c4909bd431c816530a381381849.jpg
0353,./images/0353/0d170ecd7e7149509500e617e0f5ffcd.jpg,./images/0353/d9a37dd204594a268be21cd79bfc8ba3.jpg
0353,./images/0353/a75e013c8c8c46bc826e161d01d5fc64.jpg,./images/0353/8fdf4de78cf3418988a7b9d087f72683.jpg
0353,./images/0353/41c6891706db41d4a8dba81cc5ba0b0c.jpg,./images/0353/69917eb96c974a4f8a5bda2b0d989b63.jpg
0353,./images/0353/b8445ec87d2b449699a10945dd167960.jpg,./images/0353/b365af819d3c45b99a6f4445087e2724.jpg
0353,./images/0353/6f540effd04047878bdbcd0c093b66b4.jpg,./images/0353/0c0b65e13b1942d7ab3fe176ea535b77.jpg
0353,./images/0353/2d2b0969963c454a8a59958f5c66162c.jpg,./images/0353/56051c0fd896420cb2c9f3e606a9aa49.jpg
0353,./images/0353/913c3a1ceab1444bbb06b9b29c29bcb2.jpg,./images/0353/367baa8c0ffd444ebb9a8e9d9bd5ded4.jpg
0353,./images/0353/27d35288415b4c01b6a7643fe987304c.jpg,./images/0353/4ca0b31ea19d45aea88f246a6cb25626.jpg
0353,./images/0353/3dddd309839d4297bccebf975b36a8ce.jpg,./images/0353/2585b428ffce4d0092a384022feabcc7.jpg
0354,./images/0354/e4d96ee4776f4080b2043b7088e69feb.jpg,./images/0354/ec437b136ecc4252be6aa70831e600a6.jpg
0354,./images/0354/44a34b4f479c40e6b2f1c97667173249.jpg,./images/0354/9348884fe9454cfcb35e16f7b1994a3c.jpg
0354,./images/0354/08e8c0bc65d748ed9bc3eee573ee77c2.jpg,./images/0354/bca1bddbfca74877a9833ef17f25e2f5.jpg
0354,./images/0354/efe50a09eeb243eebb2710156d104f58.jpg,./images/0354/30e6114f23fd47ca86d162e2ec93b6a5.jpg
0354,./images/0354/2532fa514bcd4e63bf5702696f452ed7.jpg,./images/0354/14bb63a9ca734774bdfa2946644ab4b5.jpg
0354,./images/0354/bbaaeff4087b4d12a5f37cab0f16a5c0.jpg,./images/0354/ebaac76822c346ba846d61b840499abd.jpg
0354,./images/0354/1e6870c0996040b49cfad54303db0a82.jpg,./images/0354/95ca2685d8024fc8a0bcc52afad56e9b.jpg
0354,./images/0354/f1d7648d93f3499caaee1af200be7457.jpg,./images/0354/036909e186f448b3a0861f287f7beac9.jpg
0354,./images/0354/bfac08a7adac4f4cbf2966b01738c087.jpg,./images/0354/61a77cae1d7b4267b637d6ac522274c5.jpg
0354,./images/0354/efdb135bff384e0fa0ffdca0df577569.jpg,./images/0354/afb300f8b1cb4fae861d89aa6e14b8df.jpg
0355,./images/0355/53e15f1ae83b4ae2ad1fe4944c2092c6.jpg,./images/0355/3ef09c98dc7742f7816164d212db446d.jpg
0355,./images/0355/a3ac8173fadc4d6d8034f985971a6700.jpg,./images/0355/3f117440c7f542f7a9d3e44f57f59cbc.jpg
0355,./images/0355/8b6ead3b9b1b4922bf6946451fd59b6b.jpg,./images/0355/68ecb0ea6e0f457ba2de630d0e4fde52.jpg
0355,./images/0355/8427db531dbb4dbd8c01fd1754f5df3d.jpg,./images/0355/bd32ba05959e4bb29ed5c07e746a28de.jpg
0355,./images/0355/e1dc3b8ce09a4c51a659bcfcb5b118de.jpg,./images/0355/18cc482136184416a0fd0a28cba17d89.jpg
0355,./images/0355/721ab702953041aa83d2c144ec5b7660.jpg,./images/0355/1709df9f2bab4552afd07e70b960838b.jpg
0355,./images/0355/ccb6960a8a9a41aa977dfa5492fb0ae3.jpg,./images/0355/3db047c944c14225827929e613d03e26.jpg
0355,./images/0355/8e1d48fcbfe0461d9d81f4d9624fe0ff.jpg,./images/0355/d1968a7a394941f4a2dcb0b719bb8e6a.jpg
0355,./images/0355/454b846d06524b61a54aad4ae08cd84c.jpg,./images/0355/9ff1e5e121b24461b53b9ad33a4c66b5.jpg
0355,./images/0355/f419958efa754bb5b14abc3160275dba.jpg,./images/0355/1ad28924c8d54452bb8ebce05da3ab7a.jpg
0356,./images/0356/ef0e3172b33c400eb2f05f417e1049b5.jpg,./images/0356/1b6c108e60d34cd08295554dece5fff0.jpg
0356,./images/0356/520898d5031a47509519b8fe40bafa85.jpg,./images/0356/ba5c2b7417b2458fab5229f7ca95505b.jpg
0356,./images/0356/3e4a8383b10a498ea86b3b9f5d26cfcf.jpg,./images/0356/8ba1d83e1c0a4e85914af284eb094df1.jpg
0356,./images/0356/b3542d7df5d2477787b78330e3f21b4d.jpg,./images/0356/dfe69a4febbc4525895322391794f7df.jpg
0356,./images/0356/5c5954c1f05f49bcbaba95d773177f9f.jpg,./images/0356/11d5a7aac8054c8099b50190ec6c1710.jpg
0356,./images/0356/e838176e9a94499fa31c001952af9313.jpg,./images/0356/49048d22bdb1429eaefbe751fb1f91f5.jpg
0356,./images/0356/9d4f7f03a2494d0d84ef23aa52da9806.jpg,./images/0356/f6e979ab11e1446397d9b08aee8551ea.jpg
0356,./images/0356/ed3c0989c6304e40bc2c571de69b3bb5.jpg,./images/0356/96da820be55944c696f5b6b0bdb3641b.jpg
0356,./images/0356/8bc3f2a5fb4e4d8fb1bdc4bd86f5f721.jpg,./images/0356/57f98651b5a64c5f88eab55445179823.jpg
0356,./images/0356/93c06580ac9c4f5dbc139eaf647bfd00.jpg,./images/0356/f560a5791b0b465ebb73004c1f11aaaf.jpg
0357,./images/0357/49df0cd659624c19a04c5c45805e9b4a.jpg,./images/0357/ba48496b166c4bbe86779a143c6dea01.jpg
0357,./images/0357/aa2a58a5b7444fc3b1d14d9eeb7c9d3c.jpg,./images/0357/7f4b4d56824e42faa84291b3e872dfe7.jpg
0357,./images/0357/8c90fa8fe04d4e079df0165e1e69c8b5.jpg,./images/0357/aa3210c41a484b199e545e4f5d3006b8.jpg
0357,./images/0357/a19b524b6c364a8eba70ef55ec9efc10.jpg,./images/0357/39eae1cc3bbc4085ba9a1b4c13643249.jpg
0357,./images/0357/d354818252374bb58b0f9ef10fe014c9.jpg,./images/0357/fd0b1e68868045ec95a91150b2a23d10.jpg
0357,./images/0357/8e0cad47281c468e8afdfe78471e631e.jpg,./images/0357/8020870a658a4e1d9d9557c7e3ef7712.jpg
0357,./images/0357/37bdfd7dc138447f88a4da5148f68eca.jpg,./images/0357/2321930b38764c39b9453d5688b23f26.jpg
0357,./images/0357/4521fb34a12e44f38b471779f1a5ca43.jpg,./images/0357/478b07392288454982b34a456fbe44d4.jpg
0357,./images/0357/d2a2dfc5afca4eda8eb3e7f16ad8a835.jpg,./images/0357/c1fa5452c2984208a22796872356ffc6.jpg
0357,./images/0357/f46e12d4c20748ba8e886988a72a4714.jpg,./images/0357/ca9f4ba4c79f410c8044fea863fb0dd8.jpg
0358,./images/0358/45daa69812d544c1986b5948a1d84748.jpg,./images/0358/8d35dcf9a7174966b817cd9eb9439054.jpg
0358,./images/0358/3820d8976dec44da92dde8a78fc78cae.jpg,./images/0358/e51536274c6b44ffb63909c955b50a49.jpg
0358,./images/0358/bc71ef14b8064779a627cecd506f2f62.jpg,./images/0358/f30c13598b474dab8c14e7cd768c5ec8.jpg
0358,./images/0358/a69d482445a240dabd81fadf3d8028be.jpg,./images/0358/970bc3cddc0e4201aff517a65caaac3b.jpg
0358,./images/0358/a22450419c8844229e215d67ba3fe46d.jpg,./images/0358/8b3153f78b794dfcaa6577787a43917b.jpg
0358,./images/0358/8c4b2467128344898d6fecb7ea9129e8.jpg,./images/0358/798c1150b6b747d4b726c6e158fadec4.jpg
0358,./images/0358/e184b8c1f16946998e99f5cb70bac8f4.jpg,./images/0358/baab91f6c54340948d526ebde701c208.jpg
0358,./images/0358/75db90ab7ffa4e50a2d1c9f6321399ba.jpg,./images/0358/1ed5957f1a244b388eb2045714d554e7.jpg
0358,./images/0358/cb2ee42b4cd242dfaf1bbac3fe43534b.jpg,./images/0358/3c09396c00c54f1a99dab259b6e05e11.jpg
0358,./images/0358/ba5a1aecfe7d40f68b3bf03f2bdb22d9.jpg,./images/0358/b61744db8fec48ef9f10e85306a3cc54.jpg
0359,./images/0359/1ce40c8095da4408aa48cca6a8db0b3d.jpg,./images/0359/9ac128c0e85c4be88606942930244d12.jpg
0359,./images/0359/1b036c56b4004943869a08cd20fa6711.jpg,./images/0359/ab1ac29ab9f1474cb094724cef0a85f3.jpg
0359,./images/0359/dee8280fead0402bb3f29bf3c65f6d2c.jpg,./images/0359/0b40b6c8e12448f2a223a6439b606e9e.jpg
0359,./images/0359/1bf26d93ffb248a1b6381befe67a90c7.jpg,./images/0359/664a10815646427cb123b7f194d01714.jpg
0359,./images/0359/35cbf635dbc44b5eaf098d5629e6828e.jpg,./images/0359/0bbf60cb2f054ebbbdc668595b6ad732.jpg
0359,./images/0359/5b2b176c73a84dfca4d6185029a8bdcb.jpg,./images/0359/8aefc2dd9a5a425fbbc5d3ee2bd69991.jpg
0359,./images/0359/ca5de296cc37440b9f8e49b11e9ef497.jpg,./images/0359/80ea486b4f9a4e0fb291742849a3d383.jpg
0359,./images/0359/dc4746cd468d4c7586ebea73bc983576.jpg,./images/0359/1a7f4724b8344e6fbc0eca6e9c7358c4.jpg
0359,./images/0359/2f0820b0d87244ba862beb846333b575.jpg,./images/0359/01753646112349198cb21f7ea96b3b9a.jpg
0359,./images/0359/0ad9e655b9f44115b057f022fc1aa42b.jpg,./images/0359/e43c62dfb6b949bcacf16556ebad3e0b.jpg
0360,./images/0360/3b8fe6af95eb404a8fe6f742a8fefc7e.jpg,./images/0360/d84f1f435475402d8209618e31ac31cf.jpg
0360,./images/0360/27d86cf85c324f5eb2aef40836b4593a.jpg,./images/0360/ced974d769344d02811ec942b54b71f2.jpg
0360,./images/0360/ab0f2e4dcd834daab88d558383dde69c.jpg,./images/0360/1f1c25d26d6a45d0888793903605c439.jpg
0360,./images/0360/cc1f831accc24afe9577df7a5f88e275.jpg,./images/0360/79a126597f24449fa5101d5981665eda.jpg
0360,./images/0360/b612de3042e145509d1fc4e2517e7576.jpg,./images/0360/5df8ab71c4554ae7bb0fb04ccc52e535.jpg
0360,./images/0360/2cd5d6d5d2134fd3aabe1933fc9fdae8.jpg,./images/0360/9b8e579638014fe589fc594bc2394d9e.jpg
0360,./images/0360/a39ec96367de4592a93bccb8705b5ce7.jpg,./images/0360/e6cb785e208047f99fd96bf2d1547759.jpg
0360,./images/0360/41ee4aae21964e49b848d94b6ec4996d.jpg,./images/0360/dd5382e0fa7c4bc585a0d103ecae077b.jpg
0360,./images/0360/d2eeb7040c5544ce958697b9d56bbf13.jpg,./images/0360/4537b673edef4eabaed379b7a8b12126.jpg
0360,./images/0360/2b6c4a6a768642c7a55097c388cc980a.jpg,./images/0360/4f8adcd985a64440b268da010afcf917.jpg
0361,./images/0361/6e0dcd6395624cf8bba7857b238cb157.jpg,./images/0361/47fcdc8253bb43e7a0af413925959d59.jpg
0361,./images/0361/ca897483e8b94da3ba30bc1c47c02e5c.jpg,./images/0361/0dd09d574f30420080aaf937d3da35bf.jpg
0361,./images/0361/46c997b3c68349adbc179ca2515f53f4.jpg,./images/0361/3e5a6ac02a21465a9f7c3efc7b1ca429.jpg
0361,./images/0361/aa26a503b71944a59044f2274fe96486.jpg,./images/0361/0b3fece33652469b887e40ca2837959e.jpg
0361,./images/0361/79e1446c27204579bb10f5512139dfa6.jpg,./images/0361/82c18832a08745669f06244d56deb940.jpg
0361,./images/0361/e682778ad7f84473bbe51d137fc828ad.jpg,./images/0361/01d4a1ce3e4e49bdacb2421b7b355bd0.jpg
0361,./images/0361/5d255bd68b5d4e93a8b1636e50733b80.jpg,./images/0361/76ecbf8926024e0da59c61a98005e990.jpg
0361,./images/0361/6d59dd5ac0724cd6befd4b4db3da0daa.jpg,./images/0361/0ebd3ec2a45742d78c57cc443ddac0a5.jpg
0361,./images/0361/39e82e4761924130b5dbbe7f4d239953.jpg,./images/0361/4d600b27f322431da931f203bdb501ed.jpg
0361,./images/0361/52646c91389242fa91214e978366fb35.jpg,./images/0361/7ad98515d5d14ab9aa1381348745d07a.jpg
0362,./images/0362/13646b70ef514b97b4b4b8dfa6f32f18.jpg,./images/0362/8c54dcc93e994ee3be3c4e228fb5cbb7.jpg
0362,./images/0362/dd67e42c80f545b3aef2b2added6d9b8.jpg,./images/0362/e921f2a3dd9847c3840fc5d4fbfa1d12.jpg
0362,./images/0362/c6ba9dabe7164d75928cfdeccec8006f.jpg,./images/0362/ff7b1a0de09246179174619f2b41b777.jpg
0362,./images/0362/aa25a7b92b4a4f3fb2f0d75d855b6e8b.jpg,./images/0362/3b4e6709e9b847ddb6a292c30f5b2fec.jpg
0362,./images/0362/98d693f05e9d427fb470cd003d37a78e.jpg,./images/0362/2737a12321fe43fc893b7fb1fb1a6706.jpg
0362,./images/0362/69f3337492ba42d2a65227c8e5b9285b.jpg,./images/0362/9f0d767d05dc43c3be7c63875d86601a.jpg
0362,./images/0362/77ad7b6272f6406f8fa4be1893037f4b.jpg,./images/0362/d248718a50ac4b1295accc12d2bcb271.jpg
0362,./images/0362/0b2ffa32a22c4019b5f7d4e0b92ee393.jpg,./images/0362/735c548796d74229bec2fe24fcc19a2f.jpg
0362,./images/0362/64b23f4500024422bef6d8d67e761b06.jpg,./images/0362/0b4c0c16af5441bb8153b83636631b3f.jpg
0362,./images/0362/e84e16f31ef0431b86e3f0ca30308c47.jpg,./images/0362/b8467ae8dbdf4766a5f1e6696f42937a.jpg
0363,./images/0363/82585a17b73d4d1a80b41b86a9773b8a.jpg,./images/0363/548ae89a8ca141b9b1c64281afb996c7.jpg
0363,./images/0363/19f14f756bb042e885f4714a374d0949.jpg,./images/0363/87fc4bf868294d5ea744a52f06928ad4.jpg
0363,./images/0363/03e1648748094714a733c6ccd3f4287e.jpg,./images/0363/a5045553ac024bf8a82b7e17c1452827.jpg
0363,./images/0363/65bf135df678492d8fc744f173feb759.jpg,./images/0363/8ac89f22b48f4c09acb4ab110252f914.jpg
0363,./images/0363/a193d16e103a435f8bcd65301c649374.jpg,./images/0363/e9204c8ec91d4d4898b64969fadc92bb.jpg
0363,./images/0363/d70cdb59ca464790b5ea4d31f30be0f3.jpg,./images/0363/65cd683d7e3649ea9eadec9779955ac8.jpg
0363,./images/0363/c216e441c7944a5bb365b71c90956785.jpg,./images/0363/14ca949c42864d6ea0b0558cdfea50f3.jpg
0363,./images/0363/55c35356222f4fdeb4a49fcd878c7089.jpg,./images/0363/38ef04852e16400ebe77913d6b5c9efe.jpg
0363,./images/0363/283334e32ac9426f8d616cb2823b7144.jpg,./images/0363/670dcb47306c475bb51a52e64ae68415.jpg
0363,./images/0363/54f80c6d313a4efd8291d0d12d3355ec.jpg,./images/0363/9628e45d9d1d49a0ab68ee7aa1e60949.jpg
0363,./images/0363/1e1cb9f70d2b42cba64b191ad75f8c46.jpg,./images/0363/1f5ab392e5d7439d8c177cada1428743.jpg
0363,./images/0363/adc19b3066314a2b8ce0c926b0f24aad.jpg,./images/0363/1d2c29ff3fd4417ab11d793d0270cea4.jpg
0364,./images/0364/ce97cdbfe34b4a6e8940502bbd6a24c6.jpg,./images/0364/2d1bf21adab5445e864845d616113bd0.jpg
0364,./images/0364/783b32e91ce14576af78c03e7d92b6b0.jpg,./images/0364/73c8b9ebdb864daa885f8e1cda2408a4.jpg
0364,./images/0364/0d8cadf48a584fd7a9086b0e014077c5.jpg,./images/0364/11e9d30fccbf475ab7e163f7097f45de.jpg
0365,./images/0365/23d126a07b9d4d78a534e5b857b6822e.jpg,./images/0365/a88a12c016d94746abd5d785062080b5.jpg
0365,./images/0365/29c3e081d598448080e20434f670b2d0.jpg,./images/0365/84e9cd69c9c04ac8a84fc638f1ea4c62.jpg
0365,./images/0365/c726a4e6cb37469cbbf24920d20fa3f6.jpg,./images/0365/b6bdcf7f649940b68d420df55ae5e07a.jpg
0365,./images/0365/c70957f8ff4843a0acebcec16d7b1a5b.jpg,./images/0365/a6e56c6e757a4e7289fda07849ead835.jpg
0365,./images/0365/b795bdd77e4a482b9a9f02e95c6265a9.jpg,./images/0365/e97335fd7a344b92aa05373c048d6913.jpg
0365,./images/0365/166d65ecb86b4a2aa43bcebd466ce7f6.jpg,./images/0365/d3f6e113a763489fb697417c8fdd36dd.jpg
0365,./images/0365/1bd9f3bc370e4ffbba2422a928bd6906.jpg,./images/0365/146b8971cacf41ea85d8125365e2e805.jpg
0365,./images/0365/2b2498763f614fb693e85d70c54ac3a5.jpg,./images/0365/7aa2b3a71a0342ce81dc6a73897454c9.jpg
0365,./images/0365/8811e25b54d2465f96570192cf830ce8.jpg,./images/0365/a469220cf2e344fbb4959af2e3d64706.jpg
0365,./images/0365/d87f3448bed24a44a17360eec737a8c4.jpg,./images/0365/12f53c6e054246b0ad2a92c397d76c32.jpg
0366,./images/0366/dd7168f5275d4e208a9e8e282176edb3.jpg,./images/0366/823a94c4423240248d700587e4bac900.jpg
0366,./images/0366/32ecc21f2dba4052a40c9b9bd123cf2e.jpg,./images/0366/b94e474cf5f8401cbc83e05f5c1e717e.jpg
0366,./images/0366/709864b42849437284fdd6ae0c329717.jpg,./images/0366/7aa2a1cbe3014407b88da9e91b737e65.jpg
0366,./images/0366/98e92389a2e0462fbf0ccc9702b4af51.jpg,./images/0366/2b962d5b1b83488c898203d4ba7e967c.jpg
0366,./images/0366/22594a6ebc8f4fdf9bb8bd06cc75fe5e.jpg,./images/0366/e9492aafa0434ed8a06252d2c34b94f1.jpg
0366,./images/0366/99f9934553ed4ad18c226ea442f17efe.jpg,./images/0366/207e930503e7417886d98bb65936c8a3.jpg
0366,./images/0366/c7279a720e6743d2ab0696bd5e7e37d6.jpg,./images/0366/4d5c091be358421087949730ebf90f32.jpg
0366,./images/0366/79f8b7443b0444f388b44ba1e6e2e62a.jpg,./images/0366/ff3ba9d2e5574797b83746a4f8d6f684.jpg
0366,./images/0366/412153ce63de42a8939288704979ef1f.jpg,./images/0366/18dae99264c944ae830725f49cda6cec.jpg
0366,./images/0366/534e1ae0df684fd3bfa7aee8ade2231f.jpg,./images/0366/be68d201d8da4df5b389dce97845f6da.jpg
0367,./images/0367/d81b8da6024749368746e1e65046c653.jpg,./images/0367/2af80ade515948249e0c6cc2c1242d31.jpg
0367,./images/0367/cf57f116877442debf362ff72c713d1a.jpg,./images/0367/295ec3b4f7a8490e83caf91e96864a16.jpg
0367,./images/0367/c815756b7caa4d34a5e7ce4ef70fe978.jpg,./images/0367/c3a681907a634cbe803eb70f5c6b6365.jpg
0367,./images/0367/ac1a438fe855462a95330ca6f5f93010.jpg,./images/0367/0e0660d4d801498eb31412a19eae9218.jpg
0367,./images/0367/817938e9bbd44408b1d5ecb6bb97abb5.jpg,./images/0367/cd791976df124eb99040c5304811aab4.jpg
0367,./images/0367/bf4dbc262ac740e7a5effb0c3eb37762.jpg,./images/0367/c8ff2eb024b144be9fef95bcf7ae34e6.jpg
0367,./images/0367/808b43c560024ee296c954b9e75f0dc7.jpg,./images/0367/66bba8e438e74baf81d01e83f6dee8af.jpg
0367,./images/0367/399a357dddc54f3dbef946d04235ad95.jpg,./images/0367/2b2c6d04d68e43f7b9d685725bc0ea82.jpg
0367,./images/0367/c3ac85b3176a4b49a671bafdde64f22f.jpg,./images/0367/7d578ea87cc84d50940879ba9925bfb4.jpg
0367,./images/0367/5aa9093c8a074c94a9ab31cfbfd82efe.jpg,./images/0367/ff41bb8bb2ff4eb99a144ccfa016fbe6.jpg
0369,./images/0369/8ec38a8528e74eb085acff3eb13eae09.jpg,./images/0369/0b8d278539b74be1a36a5d7d666d6759.jpg
0369,./images/0369/e0cd490b676b4f55bd9dc99969782117.jpg,./images/0369/4e13a44f0fba4e5e8990613ce1dceace.jpg
0369,./images/0369/c53d9c60fd1f4ea5aa6007fc806b2aaf.jpg,./images/0369/e973183863c24a62bd8ad60e2be02de1.jpg
0369,./images/0369/6c2b02ad740941f0b97da7b9491a623c.jpg,./images/0369/d29cb2e9b0334198bac5321cbb710463.jpg
0369,./images/0369/d61e1df442aa489b98070c5a2bb4a9dd.jpg,./images/0369/e7be54a37cc0483aba01db411274dd30.jpg
0369,./images/0369/ba8d74c0619c41d8a144391aefc1a394.jpg,./images/0369/f06b8598b21f49a89c36285a4d0da8c2.jpg
0369,./images/0369/48dfda7fd0fd4ca1a9c50648f57751d1.jpg,./images/0369/e5549f532db24445a6aa3ce2dd54f869.jpg
0369,./images/0369/d5184e31c428430d998c18b5b57ae08c.jpg,./images/0369/eb9e016929844440a9d8f9e736b65240.jpg
0370,./images/0370/b5ce2a24b4d84541880d5d13c9215537.jpg,./images/0370/d5022e9ac82443e8992e9114a54c2c86.jpg
0370,./images/0370/9221dc152a7d4a75993dcbe28e8f8c2c.jpg,./images/0370/c7ac53c0336d43ea86eadac6ae0ce20d.jpg
0370,./images/0370/c1f86a93736140dcbb247248332e38f9.jpg,./images/0370/795e48fedf434d27b759c9edffe1e22c.jpg
0370,./images/0370/196a373e6a2245cdb3d680232906c5c5.jpg,./images/0370/2b46a55e10bf4a4389c6a812873f0c5c.jpg
0370,./images/0370/396c540b754b49b28850636740ad6bcf.jpg,./images/0370/7e799230905e48629e950845f052e4bb.jpg
0370,./images/0370/eb77014089fe40f09636ba2b90fbf9cf.jpg,./images/0370/90296a1d158042aeb70b501b2b0e4449.jpg
0370,./images/0370/89b6ce30e2d04e44ba648c0c25d085cf.jpg,./images/0370/ef6fe858326e460ab480fcd724d3a4a3.jpg
0370,./images/0370/41d82a0be28c4a5da8834a70c3052e65.jpg,./images/0370/fe6b38cdb5fc4eaa96bf0b4590967247.jpg
0370,./images/0370/462f7f0a2b634162a0c67ce52652789d.jpg,./images/0370/1948f71cf9024f768c9574ae63503a59.jpg
0370,./images/0370/4916988ae4fa4b8e956355459c749332.jpg,./images/0370/1956f876c56741acb1d26e0a093c1389.jpg
0371,./images/0371/4c071d94a77a4c36b4bd8bd80511b137.jpg,./images/0371/846f7dc2ca454a199866d878c829543c.jpg
0371,./images/0371/fae1c94be2c547d2a0f06c65ff70271b.jpg,./images/0371/a779ff9c7545457a9dfae06a6eac43b1.jpg
0371,./images/0371/0b3cbe4f6c914edd98c988d4f31e4ac6.jpg,./images/0371/f1052e4fb44e4ba1b708d0274a3549ec.jpg
0372,./images/0372/83cbb427732a4257b114c0df4f6d052c.jpg,./images/0372/ffff0d87bc844ef2a47ea4bfa48502ce.jpg
0372,./images/0372/852e92a2e87841a7b28b77d6c7720fb9.jpg,./images/0372/9ae9378a75a8470ba38b6bfd9e83062c.jpg
0372,./images/0372/c7d7a4f8a7024de3ad965d1c34eca2fd.jpg,./images/0372/ffa49f17594b4ba0ba89a68d98cd1316.jpg
0372,./images/0372/9c32ff15c3644f0fb33d8e6941af15f3.jpg,./images/0372/c4521e7e0e4e4fae8d0962a8e72a7902.jpg
0372,./images/0372/94b65244ed3048c19374acaecbb9404e.jpg,./images/0372/679ca31a882e4873b4627c94815efdff.jpg
0372,./images/0372/9dd61a6404384089acd13b66b8e02e71.jpg,./images/0372/d0a4d91614db40ed995f22762477d48e.jpg
0372,./images/0372/beb3e5287d8f4fdd81199a1a77ccd387.jpg,./images/0372/3e26e7a8047142fc92acf3a65d58e1d8.jpg
0372,./images/0372/6c8da9328e664f7983b3ba2546815944.jpg,./images/0372/4c121d41f7c642a5af33d84dfd3e272a.jpg
0372,./images/0372/573565a3eaf440f9b295eb498de2f7e8.jpg,./images/0372/f58621a9509e4b82b2bdfaf39d72718a.jpg
0372,./images/0372/7fb3a90d726d46199840ed222ffed17d.jpg,./images/0372/a2069e29fc35416cb20bdc9f280fb0e4.jpg
0373,./images/0373/51056747963b4b27a10b7fcd2c79a135.jpg,./images/0373/06c71705de684e9aa0e29740c67a1b7d.jpg
0373,./images/0373/f28e1bc799554d0ebbdf7a3e8392cb8c.jpg,./images/0373/5b47afc2f3324f2bb3794cd4942149f2.jpg
0373,./images/0373/00ba37856a65441c91d384188946dc63.jpg,./images/0373/6a93f402a3fe4323b376a63ea566a823.jpg
0373,./images/0373/c9cf11c5490e4decb7890e723875ee26.jpg,./images/0373/b59c1985e168457fbabd115f1b280010.jpg
0373,./images/0373/c9fb77def7e54b8fb92a5abb13644a50.jpg,./images/0373/9435af3d293348a4b7e96b534ac4a433.jpg
0373,./images/0373/467d9a2a92c947bca96282085aeddfb4.jpg,./images/0373/890737aaaaac47759a5b7de76518cd6d.jpg
0373,./images/0373/c7047138b58f4bd184061fe5f862ab23.jpg,./images/0373/fc2e0b84c7014e3f99c2ade8581528da.jpg
0373,./images/0373/a4e4e2294ad6456e816d76db659a098e.jpg,./images/0373/2185220493af43099b7f262996007b0a.jpg
0373,./images/0373/a74a7f4c93e9446dbf2e6a2712039ef2.jpg,./images/0373/9aaf6854d0d142c4957c96d2ee564704.jpg
0373,./images/0373/0451fb661ab945ac99e445ce29b2613a.jpg,./images/0373/1b8ab7ce1315446989c2fc8db05f8735.jpg
0374,./images/0374/3db44dd0b0164667b2b1d7698d6f4f39.jpg,./images/0374/0703acbbee0b496eaa1fae1a8b897337.jpg
0374,./images/0374/aeb5d1938832497fb9226eb51ea3cd4e.jpg,./images/0374/b53b3b1929fd43598f1ea070c797dea8.jpg
0374,./images/0374/33fef1b13cd94f47a5d7250b6debb984.jpg,./images/0374/c7ad173cf04344dbbdf9931581300655.jpg
0374,./images/0374/590c230df81249ba8bf4d9b9710382bb.jpg,./images/0374/5d80d3b311f4485dac37044525d1f5eb.jpg
0374,./images/0374/4d95ff3e4ed24b4d83cdaa1acbb39bed.jpg,./images/0374/070b26d4c2c540e4afff3b48752fb877.jpg
0374,./images/0374/7222118dc0844ec08ec32e35d76a70e8.jpg,./images/0374/3158a8e6febe437382ef9a1268917407.jpg
0374,./images/0374/4a35ad63afd54c42a4fe439b1232fda2.jpg,./images/0374/c799f4628a6b4f6a833765220a60c320.jpg
0374,./images/0374/11366c875fe04379b5366c9d8eb3ef9a.jpg,./images/0374/2a8a2d5973a14ccb8f6140f68082b18d.jpg
0374,./images/0374/b2fbb1942bda463ba70eb6611fd90313.jpg,./images/0374/be66e0548c5940549f3f2201b9244c2c.jpg
0374,./images/0374/476e7120a43f4e3db4cef97199a5c4ca.jpg,./images/0374/9d4ef8dd902c4ea6bb8c26a0a6896c6c.jpg
0375,./images/0375/e7f6a9e0d78a41e1b45018ec5e629000.jpg,./images/0375/cb8d43e4e138465a97e51234b51ecb08.jpg
0375,./images/0375/a8a41fe358f14e5fadf89bdd91485207.jpg,./images/0375/0b5a4b4c33554ea08fa8e3bb5ba182dd.jpg
0375,./images/0375/85d8e843a011440a8fe8535a69638e45.jpg,./images/0375/d2d5b5d3ae2a43f6bb6e5263c9bec5d9.jpg
0375,./images/0375/8c9b3700c2954818963ac34b1e3f6e27.jpg,./images/0375/c631083a9aad48b5ba7832b27213c399.jpg
0375,./images/0375/dff44e383bf042c69adf8e33d8dc7c9a.jpg,./images/0375/9456aec3dee740f8a0e1fab08ff61e82.jpg
0375,./images/0375/fe2b717e4b6f4579b27236b3bce2a01e.jpg,./images/0375/8292afd821294b34b763f5bd4725ed2f.jpg
0375,./images/0375/6ea94001ffa241d6aa216853e3601610.jpg,./images/0375/b33201cd891d4cfab6928f691e1b0aeb.jpg
0375,./images/0375/04a57b9f347041e3b026dbef5493ebdb.jpg,./images/0375/89778281b5904abba12286089810472a.jpg
0375,./images/0375/4f900d5bb7234fed982c23ac1cb060a5.jpg,./images/0375/c6f5ef4e2ce0465fa6091c82a7cde56c.jpg
0375,./images/0375/2e770b7111dc453ebcc94cf466b2ae64.jpg,./images/0375/af65a84f7ff8426f8370cc47a42f4e36.jpg
0376,./images/0376/d4a1d57941764b44a739606610c4107a.jpg,./images/0376/c78c38c8009b46a99de8d4a21cf4ed18.jpg
0376,./images/0376/7383cb75d1384395922a4c1de8a0d20a.jpg,./images/0376/ce49c888e4704c7e8e32a9c2dbd46909.jpg
0376,./images/0376/ee4854c3fb2544eba18696f22463cadb.jpg,./images/0376/5292ff90ccd44104a5a4e23e4448cee8.jpg
0376,./images/0376/10427e6e13e04b73964b2dc84f7726f8.jpg,./images/0376/e4a3199fd2c242cd9f308e810ccc394c.jpg
0376,./images/0376/ea5c1802082b41c7a6a8cc44594d6792.jpg,./images/0376/cf41c195c51e41cb9709cba957c4f5d1.jpg
0376,./images/0376/71ead339b38e4ffdb3171ba5752cd0fe.jpg,./images/0376/44ef74c6fc7f443ca199a21952d0b7ca.jpg
0376,./images/0376/446b0c77f53c48ee8e6235cf9fcb4af2.jpg,./images/0376/5cfa520e8d2a4fab8e62cd539b732e2e.jpg
0376,./images/0376/40dcb8a11d164ff4a43d67f49629fcf5.jpg,./images/0376/bef23b2d7e844461b037be31df0f95c1.jpg
0376,./images/0376/f7278c7638bc42b1b3ce5176c218828d.jpg,./images/0376/b683ab39c61545cab85ffcd9cdde243e.jpg
0376,./images/0376/1f9075d8c8f2426f8fc9fab1f982aad7.jpg,./images/0376/3aa42e31d40540e29e60044f61814c94.jpg
0377,./images/0377/3edc0239732b4291b9987e5bd11a277f.jpg,./images/0377/9d462996108a48ac914a67e701a1d4d6.jpg
0377,./images/0377/db18999b24134be19f3b6d616086328e.jpg,./images/0377/063041c3ddf64d19bee207fa80515837.jpg
0377,./images/0377/77e6831dbf1649e89689d3086a9e6cde.jpg,./images/0377/0c6e96d1a12f4c298792dd9119f2b7d3.jpg
0377,./images/0377/86d9bc1a68514eed9cf21e394cf935ef.jpg,./images/0377/3e3d88611a0e4586abe8b3556410becd.jpg
0377,./images/0377/43e03d917cae46baaae4cdf6d13667f1.jpg,./images/0377/7a84ad9180a54660adb3fb53af9e36d1.jpg
0377,./images/0377/b945fdfa3cd74a4093f4a8f915cfc1a2.jpg,./images/0377/948d20ad504742528797afdf988a0aa7.jpg
0377,./images/0377/96b5d4cf107c4fb9a59b6cc811c246eb.jpg,./images/0377/16782db1942a4c469c4a2b989065fc17.jpg
0377,./images/0377/262b4b655a2a424fbb29ea401a0a8193.jpg,./images/0377/fa8a7724e9be42eeabad468c4b3262b0.jpg
0377,./images/0377/59d51bf171424dc28fb365e5b6481315.jpg,./images/0377/7585dd21e8e340699dd59d6d3a4b3218.jpg
0377,./images/0377/e19ef652061c47af8d64081a9bd10338.jpg,./images/0377/4ecfdcc242ca45f0822583bbce8f5736.jpg
0378,./images/0378/bfeba7fc12104003948a5d1308345754.jpg,./images/0378/ba0ef186d30e4f4da528d94c41570bdf.jpg
0378,./images/0378/6cb2fb4cd2ce4a6ab8d547b7f5098991.jpg,./images/0378/0ba28303fc934011af0527493b3c59c9.jpg
0378,./images/0378/b6ab8b02fa73469ba4eb8b9151460fb6.jpg,./images/0378/9cbfcd05751c46a0860c53a4d1fa28a5.jpg
0378,./images/0378/51d6a018fcbb4456bb7cfd3380e48d6e.jpg,./images/0378/3b2ab49564a54e78a0fe39b22495c011.jpg
0378,./images/0378/2419184ad5cb455e8ffcb1c222cee52b.jpg,./images/0378/8f37fd8fcf174a49a6d9d34cdbe5fcd3.jpg
0378,./images/0378/33ac9aa7c68745b79ab2fd388447744a.jpg,./images/0378/0f518196eaed4e0cbac14ba26981d6a6.jpg
0378,./images/0378/472a7b45f31447f98bd1307a6fc75db9.jpg,./images/0378/575ecfdc0edd44aeb82ffa0caa2628bc.jpg
0378,./images/0378/71c8bdf217a94381bfc4b5744741d9ec.jpg,./images/0378/3aeb7d21d19642af97e938998fc852cb.jpg
0378,./images/0378/87642f142808444fa7da4014f1717aab.jpg,./images/0378/ca026474fce645379504e8afda7b11c3.jpg
0378,./images/0378/a7655ac54407475a83251dbd3b8e0708.jpg,./images/0378/d742d77cdf3c4b27b069a0d165904591.jpg
0379,./images/0379/5ba5ae7e81ef4d00a4ddc8ab90d53f8c.jpg,./images/0379/299b3037fe9f46cf9cdcdfbcb6a640f8.jpg
0379,./images/0379/b592b81e02414f11a5f6453fc5a219c8.jpg,./images/0379/6466f1db08c64f6b982a09bf7624cffe.jpg
0379,./images/0379/e492362ae84a413e9bd68e02a982f3ed.jpg,./images/0379/00b590bb84ed4961b4fc5e656cdd7972.jpg
0379,./images/0379/bb041322ac564be3b3c69fe4f9b249a3.jpg,./images/0379/a32ca4d502aa427c8c2ea73f99164448.jpg
0379,./images/0379/839fde902a9243ddbbb30bdc36fb267b.jpg,./images/0379/b81a4dfadd584da4bd583d0ac3b1d945.jpg
0379,./images/0379/fdab6930d4fa4a7d9fd3dd084c3975d4.jpg,./images/0379/66a036bc8c2b431f9f76535df887b4a8.jpg
0379,./images/0379/1d03a8544889476181e2f9ed9d087d22.jpg,./images/0379/638b9421c6a340a4a76a9238669729aa.jpg
0379,./images/0379/8f94eebb620047d7a3cbc92f421bef57.jpg,./images/0379/e37911da258b47b9a45a6c918ec2ce0d.jpg
0379,./images/0379/2df89434435a4b7683ec88057351f058.jpg,./images/0379/41d1e5123d6a4a1489cb1e377128aeec.jpg
0379,./images/0379/1a1f37d9b81f4bad8010694722ba1afd.jpg,./images/0379/3edcad790257418997f43b43c2562b43.jpg
0380,./images/0380/000ef8cc723046a08415e13eb13bbc28.jpg,./images/0380/e143dbaa578c473485008cfae17669d8.jpg
0380,./images/0380/70d5c1ab8e21427da6cd30c400ed6b54.jpg,./images/0380/1b8f5c164a044757807ad3abb1702cf7.jpg
0380,./images/0380/b3dfd819d06746f09540c89fa6ec1af3.jpg,./images/0380/bc9a19cfb4f345389ddfc275f6edc0e5.jpg
0380,./images/0380/ec92fee076e442008a532f3feb26978d.jpg,./images/0380/77f8822fdb1f49c181247a45be5633ea.jpg
0380,./images/0380/639f7520d36040bd8e37db74c3965083.jpg,./images/0380/4f36f79760be4c5bb428b34cba279a87.jpg
0380,./images/0380/6cb8d04b3c6f44aea3d9620ed71de18e.jpg,./images/0380/a63e51c0985e409a8d55a1401e6dafa4.jpg
0380,./images/0380/3a8b4846ba3e4615aa4f69c04aba0471.jpg,./images/0380/63b09508d44c4a65a7fa5c32ef5220db.jpg
0380,./images/0380/ef7f299db67c4fb590f787255acb00c6.jpg,./images/0380/8334e25e1ccd4c80b59ba59106126ab2.jpg
0380,./images/0380/b7b9405a47c448a7981904dcb6282f54.jpg,./images/0380/5e467cf10c694352b87f58839afde4b6.jpg
0380,./images/0380/aa9ca8e909eb46d18e0d88b54ae01049.jpg,./images/0380/75f70f51548b406babb813c202a45196.jpg
0381,./images/0381/c54b20c2301b432a9dae39fcb4d6478b.jpg,./images/0381/f4ef38df712d4266a94f16af65eb709b.jpg
0381,./images/0381/6ff3040244284d02ba034a34a5930cfc.jpg,./images/0381/7de2cf51ac6a437e9339046f21a24e88.jpg
0381,./images/0381/9f89ba01e520458b807c3b3cbcd60337.JPG,./images/0381/6c68579d07ba4e788c27dba81da5b17c.jpg
0381,./images/0381/21dedbcc55d541d99b11f4e4a0f11249.jpg,./images/0381/71d785b8f14941a18742c7a9453d2ac0.jpg
0381,./images/0381/1ba7dd9841184e4ea578305411876e4e.jpg,./images/0381/0ff8adb84dc94517b582f5976b17b421.jpg
0381,./images/0381/de525dcb3cc64c78bf69fdff3df0aa66.jpg,./images/0381/afb3ca4c07804abc95750c7cb841d1b7.jpg
0381,./images/0381/a772db003f264e92ad80cdf2248354f6.JPG,./images/0381/80b4131bd1ca4039acacd4ce545c95aa.jpg
0381,./images/0381/35d5a7a02c4147c897821d15af112d3a.jpg,./images/0381/511d655ad63a4af5a62fcd47f4f1f1ed.jpg
0381,./images/0381/dc098eb7108048b1a797075fe790838e.jpg,./images/0381/889cc0f8adaf45689543a8ede1d44804.jpg
0381,./images/0381/6a713f7a2a9542f68c155904c3810e77.jpg,./images/0381/9c485512b5a9414b943b0684e42b4a78.jpg
0381,./images/0381/9a4c540f6f0f4970907458d5540ebecf.jpg,./images/0381/62073a8059944b64a6ae924167b545f0.jpg
0382,./images/0382/baa82a5f3ef1482a95e0d6585d520d0a.jpg,./images/0382/345abbdbce5347ca85599260f61f6e79.jpg
0382,./images/0382/7dd52d91592e47db80b999925d586df0.jpg,./images/0382/986d4cb961d349d8b7d46362c8bde317.jpg
0382,./images/0382/0ff0ed72350b44a7b7749c0a0828421c.jpg,./images/0382/240714f5245d40329c30d7a9130950be.jpg
0382,./images/0382/71326270b2bc4338887bc63ed7d3dfd8.jpg,./images/0382/75426ca39d864d9b995d8a0f41d20b92.jpg
0382,./images/0382/1ebcbb58a143474f9458c234d6039c21.jpg,./images/0382/e39fa19888df48c48081c4a65388f68e.jpg
0382,./images/0382/702c50ebc8c24e3281d74192d13c57a5.jpg,./images/0382/2f61f48ee5be44fa9d6304c116feebae.jpg
0382,./images/0382/3eb05b9957de4e9d9b456567b697a33e.jpg,./images/0382/b435615bce7d47afba05c2c4c7721b59.jpg
0382,./images/0382/78cb592b1f314fcc8bf7cd3f22fb6c84.jpg,./images/0382/95663c6dd8824c679bb4612436c48405.jpg
0382,./images/0382/7257f17661cb4080aff0b70dc613e48a.jpg,./images/0382/de183d7b5e914294bb01db42792405cd.jpg
0382,./images/0382/b609b38b9ad94055b7ff2cb81040d097.jpg,./images/0382/378efc5d38204213b7a757376e8df930.jpg
0392,./images/0392/c0f61641877d4953946298e8f50f52e8.jpg,./images/0392/0f7ddf058e1d40d5b9b71ab60efc021d.jpg
0392,./images/0392/2a7a6810e7144e949afd24d9646823c2.jpg,./images/0392/afaa20fa7e5542e4b5865806ca4e9e0b.jpg
0392,./images/0392/c3cdcba7f12945739286f7fc182d4f68.jpg,./images/0392/e2f9c707d94844d9ba0f6a4f8395b6db.jpg
0392,./images/0392/a871c665708e4f11bab2cff79d02fe81.jpg,./images/0392/8018210e9fd143ae8bd6394c00245ae9.jpg
0392,./images/0392/b92608ff63404dafb97b71d849fde055.jpg,./images/0392/34cd77202d2d423e9bad184af755aabb.jpg
0392,./images/0392/2645d2f82f714bed88fcbb3b6f7fe829.jpg,./images/0392/af295613952c487f9424e50e01058eba.jpg
0392,./images/0392/60467b3acbe64ad0acc0bb36d8f25581.jpg,./images/0392/ee2a969cb8664a948e5057cdabd93ba3.jpg
0392,./images/0392/8013ecc4543845f1bb3202b00fd3c9ff.jpg,./images/0392/3a07e49cc14a4323b0d664b231592a43.jpg
0392,./images/0392/37cfc14e48d64afeab561346c9cf2718.jpg,./images/0392/8b626645762446ea83640cfce1a70019.jpg
0393,./images/0393/1e94a235961e4fc09bf4c3719cd1ca0d.jpg,./images/0393/e5f4c9b5050749c4bf2f40fb00096b11.jpg
0393,./images/0393/d45d1545ae4b4e558e049db369099a5a.jpg,./images/0393/0f7ea401163b4b43b09225dc9a3e8934.jpg
0393,./images/0393/dab79133d81445b4a3a9f25904f6c19e.jpg,./images/0393/b4caf65ea2b042da9e5c74bd6ac92900.jpg
0393,./images/0393/2d27aed51762405eba6aa786d9cee2ce.jpg,./images/0393/774d247bceba434fbe404a63bb09d7c4.jpg
0393,./images/0393/5dc599aa07064e0bad1fff5e5ed9b460.jpg,./images/0393/40d8373396454f69b17643db9d7715c5.jpg
0393,./images/0393/fb8711350f55476b8b95df22681ae65d.jpg,./images/0393/f9b7f5ed4864478ab75106e0849566fd.jpg
0393,./images/0393/3686ccf5810c407e8efff15ee4d44a99.jpg,./images/0393/9b49c7d33720487c81d6adbf75164b83.jpg
0393,./images/0393/e8fd3c0463f743ad9f4277743f351d2e.jpg,./images/0393/3dfe478d4a474a08bfd8a736b2684d1a.jpg
0393,./images/0393/6b56a7d186a244919462cc4079051579.jpg,./images/0393/150d4ae3a7d2480d861930272fae74d7.jpg
0393,./images/0393/65d5048cf4294ed29c9a403d4fe7087b.jpg,./images/0393/6690af5871e741db93a7fa111139a0f2.jpg
0364,./images/0364/ded1fc291cb34f228d641e294497e184.jpg,./images/0364/0347ab852f18462c856a609c0eca5d11.jpg
0364,./images/0364/1fb503bec6824b3facd8917fe3f82f25.jpg,./images/0364/6ad4576d4408480e8e9b79db40669c6a.jpg
0364,./images/0364/7f3226d2b7f142249296c93bda97f148.jpg,./images/0364/e1e4f6ee8e974feb9e2c4b1e90d75c70.jpg
0364,./images/0364/88a0eb55232a4fd9a45459dfecb670b3.jpg,./images/0364/3b76109b0eb849c296971c72caea9f15.jpg
0364,./images/0364/057ff0e4d5fe4ace9369cb7282acb62e.jpg,./images/0364/5e63e2e23f1b4d3a9168a4a1bae30a66.jpg
0364,./images/0364/3d20829d1eaf4934aa3553cb55c8ea4f.jpg,./images/0364/3c7700ecb7f943e9a8d87dcc33196f2e.jpg
0364,./images/0364/94f76ee31cfc41b6855ba1d82d490f5b.jpg,./images/0364/58147d4770c8491abfbd1caa574c6d57.jpg
0394,./images/0394/519b35f40ef04c598b8a14b7767f9653.jpg,./images/0394/6e88ff4c1bef4ccb987b9c56d255a0d9.jpg
0394,./images/0394/2802623f3ddb4b28950fd349cae5ed23.jpg,./images/0394/22196da8e57e489a8ef1046ed051751b.jpg
0394,./images/0394/b57bd2f5ee03476a8bfbbf01be500155.jpg,./images/0394/8488b0ac4d694c4582bf5f96d2097a1f.jpg
0394,./images/0394/5280121636c14e5fbb6d6e3c3c135a36.jpg,./images/0394/160bc825d72547aeb4c8f8f30ec3db7e.jpg
0394,./images/0394/1ee3eef3d8b54ba499154b43b51ff77a.jpg,./images/0394/8612ed09d44e4641a2d435a684264952.jpg
0394,./images/0394/e81196c5fae24155bd1efea96c662327.jpg,./images/0394/49bfad99426e40878580fafcfbb74edd.jpg
0394,./images/0394/7cc2a7febbdb4342b576d2b550c831c0.jpg,./images/0394/c40008454c05479daff4fd3b49f0f9dc.jpg
0394,./images/0394/435fde2d5241460e8d4fbc43a17a03c2.jpg,./images/0394/6980847b4128450a844f315efd0d3654.jpg
0394,./images/0394/df3ffa5490d643518acc32ea75126d78.jpg,./images/0394/9a3624a5e7064ea68a030cfa584c2fff.jpg
0395,./images/0395/1df6cf69cd044ba79f748d042ee39e62.jpg,./images/0395/7dd9ee16334843b98ac05db46c59a0f6.jpg
0395,./images/0395/2c7d1ae93c3947f8b6fd075182b88f72.jpg,./images/0395/e6a41bd2728445a98f69a6537a7e340d.jpg
0395,./images/0395/19766b30365649fabfd949c0c085c575.jpg,./images/0395/7f045a16148444f39a001b81f0ac5bf1.jpg
0395,./images/0395/00e28b7682514e8c9c311a7d43310e1e.jpg,./images/0395/ac0eb08e0fd3476f9b309b700e247e6b.jpg
0395,./images/0395/bcb091b457b944a193a5f5d5c2201c35.jpg,./images/0395/31f1fe9863d2498dbf37994c2c9382e0.jpg
0395,./images/0395/f4d795fcc88e4db48ce2275d70ae2cb1.jpg,./images/0395/a60311356803474db9c35570a572e6c0.jpg
0395,./images/0395/1928a68bf04d4fabaf91f5626d56ac89.jpg,./images/0395/8ff15884bcf447ea843a0b8628610a9a.jpg
0395,./images/0395/4f909f99e36248c1986bd50dd34a819e.jpg,./images/0395/8eaffd5df51144b0bf453abfe8ba5343.jpg
0395,./images/0395/7273eeb0f69c4d2ebaa9dbf0447a3866.jpg,./images/0395/76a7d606aace446f8f37b2d05daa7d49.jpg
0395,./images/0395/1fca71c6b08244e9a7e4278f89622dbd.jpg,./images/0395/dc91065696404259b438f65205d41e3a.jpg
0396,./images/0396/125cda3bccac4caaafd357258a3aaac5.jpg,./images/0396/778c9621b4254bd59fb8fee741dcf6d6.jpg
0396,./images/0396/28a86ce3645a4bd0b23e773232d65dd4.jpg,./images/0396/dbe4e581450144f78ee9aea627f891b7.jpg
0396,./images/0396/c4e705e1716d4fc3ab9b5e41c44cfab7.jpg,./images/0396/d9705ce99fcb40e5a33521cbf5f2d9d9.jpg
0396,./images/0396/bbfee893f2734eaba8576105897b2c3e.jpg,./images/0396/7da0d8bdacfa45f5a05b72e52a49b041.jpg
0396,./images/0396/9295de55fb5f4f67bc8675c96eb19bd3.jpg,./images/0396/4009b6a272bd43cf8e5300fc4dd18f45.jpg
0396,./images/0396/ee023c373ed340bea809fae9e30f87af.jpg,./images/0396/9212cc46fa984d76ad5d8397eab425f7.jpg
0396,./images/0396/8a5ae9224ac94df281adf8fc775624d9.jpg,./images/0396/fce427804d0b40b0b93b95ad43370208.jpg
0396,./images/0396/f2931d559d0c42a58d7c137660ee4f68.jpg,./images/0396/a36b24a0bd4f4800b4225d1f3ef5bbc1.jpg
0396,./images/0396/1c7dc8e420034a4b8a1dcb1c905c36e2.jpg,./images/0396/9c9b9569ddff4055bf6ba65e3a349663.jpg
0396,./images/0396/2cc832860a59480cbd0aee9247b140ae.jpg,./images/0396/3a88108426a3409caa410282cdda5de6.jpg
0397,./images/0397/aa3f96c69fb04146bc23ae5a0eae2490.jpg,./images/0397/ae35e635cc464290b6898216896047d8.jpg
0397,./images/0397/e742c022047548479e06688db41bceab.jpg,./images/0397/263ccda642404bfa8653919275c335b6.jpg
0397,./images/0397/f5080242b4984171acccc7c81a498b1b.jpg,./images/0397/3de16f6958744502b258e6deca34ac10.jpg
0397,./images/0397/59ae32643ea7495380f760f90e089f88.jpg,./images/0397/3b5f4675b12a4c8d8efe332f312a5532.jpg
0397,./images/0397/ee8a127744914cd19f0195e5e6869668.jpg,./images/0397/fec49665d61a467991c693e0140aef56.jpg
0397,./images/0397/6ee52706a3224106bffc0f61df397456.jpg,./images/0397/cad481135c0b4672aabded659249bd09.jpg
0397,./images/0397/fcbf766ac09b4957bc625fa60dd991cf.jpg,./images/0397/982ba4ca952a437bbffb2cdf8c24c62d.jpg
0397,./images/0397/d3fc354711d5467591c9724493ca645f.jpg,./images/0397/46e8bc74742e4dc9b0e48d7925c73f45.jpg
0397,./images/0397/128a8b33eaf14b19803c08296de84f0d.jpg,./images/0397/406360005349466ea486a4b5f01dd549.jpg
0397,./images/0397/ba95024d34184db58795b46f553c31b6.jpg,./images/0397/d81d3d1322e445c7a2b08a57902598f9.jpg
0399,./images/0399/bfc0e72dec79421abc6582bbe7fb3eb9.jpg,./images/0399/e40587faf4a6443bbf0f225eda15ba09.jpg
0399,./images/0399/501c83c99e1741809ecd0986fce1b003.jpg,./images/0399/183cbd110be44114b109f67f38c81465.jpg
0399,./images/0399/46dddd341f1c47cb8559e3c828555cd1.jpg,./images/0399/50b2d56cd2d541be909cb4448ba85797.jpg
0399,./images/0399/adb66eea4911414c98248fd059e4a027.jpg,./images/0399/43322f6c6c604b908039e4e9b4a4dd55.jpg
0399,./images/0399/3f5c7a49ac7f492a92b351a3eb64592d.jpg,./images/0399/b3b46091625349d7a4739b27d4fc54ce.jpg
0399,./images/0399/7914d3fdeb714025a98ca9aa8c715877.jpg,./images/0399/1be1ef14cdc64cbb864cd22947148ace.jpg
0399,./images/0399/ffc431f4a61f4b9b9de1de000fa27a85.jpg,./images/0399/4fa083e4a85f44da85b7abdab40ffe8e.jpg
0399,./images/0399/569bf647ec16466ba84baa6d1562afac.jpg,./images/0399/9e86e3a688c74910bbf7844fce09d22d.jpg
0399,./images/0399/46aba711a7d44a3a97f515c78a3f2bdf.jpg,./images/0399/e68ecf514fcd4495ad86ef9b5a6ec375.jpg
0399,./images/0399/cbf7cb825e264605b2a1136954669d54.jpg,./images/0399/8a7ddffb99ff4dafbfadbe3ee751d410.jpg
0400,./images/0400/88ac14f79b1a4de988c68d7529f66ccd.jpg,./images/0400/6817abf915b54156880552ac06b1ab75.jpg
0400,./images/0400/9f178a146596438bac4a482540f8afaf.jpg,./images/0400/fe0cdc03fd29448c8b354e61fcf7d1d0.jpg
0400,./images/0400/c5092b6dba214869ac89d13331b2d701.jpg,./images/0400/929eb283d0d2415181ba5bc08b5701cf.jpg
0400,./images/0400/e58341e6d9704fdfa692e3a2d556a102.jpg,./images/0400/43d6f1b925754c08814cd9f7e9e95366.jpg
0400,./images/0400/75ce3469b78f4c98882181ff7d6f3805.jpg,./images/0400/df89b2941546427c9e8c45a9cbdace2b.jpg
0400,./images/0400/9425d6b6b0b84fa3988cef59399fc2fa.jpg,./images/0400/86377eeebc3248b6bdda62f40fc0a02a.jpg
0400,./images/0400/71904a9a863e4bf081b4d34295bdc3bc.jpg,./images/0400/ecf894de9cd34fd7ab6e7f16251b405b.jpg
0400,./images/0400/9c478348725944aeb9437419ddcaed31.jpg,./images/0400/66a6eca863334273a3209164a37348c8.jpg
0400,./images/0400/674b8de1845b4aea8b38e2bf9a7c5b2b.jpg,./images/0400/fd97448c75d34d5dbeae3250da19c14b.jpg
0400,./images/0400/d28507a3bd734ead9e0d93e4eb16a4d6.jpg,./images/0400/babf9f8fca1b40518dca24f739bea6e1.jpg
0401,./images/0401/708c2e927509444f89c802e0fa3a5bbf.jpg,./images/0401/984b9c6f514d4657b8cca15ea8a6e1f4.jpg
0401,./images/0401/8fbd642f54da4f27a458efb5009a4c73.jpg,./images/0401/abcea49e35c24b33be6420e566c506fe.jpg
0401,./images/0401/ceb94e2f31bd49d48278aa4864083a09.jpg,./images/0401/208fca41cdae4bfebbffbeceff1bd92f.jpg
0401,./images/0401/d0491ea796b2442a9211fe5fbf0c2860.jpg,./images/0401/8e269377eac84175a601a6842b30ddc5.jpg
0402,./images/0402/21cde3a1655f4953b936c843867a3b87.jpg,./images/0402/35553fa9a9d94a1985cdaa226480ed61.jpg
0402,./images/0402/49fd83f183234a9680396c383ea842b3.jpg,./images/0402/1d3f78f395704b19a0966dda6e679b75.jpg
0401,./images/0401/b0770eeb34f445bdb1a30d3f1b2d9a1a.jpg,./images/0401/99664447bbc44e7988ca67a1defefc19.jpg
0401,./images/0401/344cf8b2da634838b90473169d1213ea.jpg,./images/0401/421c3d84b28a4b4aa955e7225714ecb4.jpg
0401,./images/0401/9f5700ea14554a6e9b385c71f260cfff.jpg,./images/0401/257fc69458b24a5fae7b2acade8815b5.jpg
0401,./images/0401/d7942f2e03214e6f85e3cea0613f6778.jpg,./images/0401/e6cfa43c76124b029339a3ff9d276c07.jpg
0401,./images/0401/58608ba855e649988f7c1228b3e0f11a.jpg,./images/0401/caf7ca30fd8846e48a5e37401e5b1252.jpg
0401,./images/0401/e58ac6829c074a09944ea49f7baa10a7.jpg,./images/0401/c2e52504b7ee4e528c2c6bbdb1a64567.jpg
0402,./images/0402/daba7931840c4db79e8c4470e896fa81.jpg,./images/0402/237dbf0b427845a0bb47b5fbc6644e30.jpg
0402,./images/0402/c19b1200504c48cb993bf3e59662cc75.jpg,./images/0402/ed5403a6f1ed4f179dc9f8dbc7a39e9d.jpg
0402,./images/0402/f606a41f8b6e4b41989652c883a2dcff.jpg,./images/0402/f65546ff30164d07b1991a798d21a344.jpg
0402,./images/0402/b57dcfc113f34fedae843ee1173b1722.jpg,./images/0402/2022c8f8867c49a4a203015d60aae3ee.jpg
0402,./images/0402/8ce46f12727e42e4bcefc8bdadb1fa00.jpg,./images/0402/8f1cb3521643452fa99eb7ed881f204f.jpg
0402,./images/0402/2fd5ad32bb6c40fca00f197b8613748d.jpg,./images/0402/519307074c2b42409f8f4930d23ecb45.jpg
0402,./images/0402/8dcb24afef7146afb8f31d586eaff7ea.jpg,./images/0402/5129a34fca71433d8b77833e2ef14fa0.jpg
0402,./images/0402/db7e30a17700436ebe8c7494cd94729d.jpg,./images/0402/3d7d4bdcc718487ab720ba4c204836c9.jpg
0446,./images/0446/c6e4c7ea9334404ab3d7369de401e316.jpg,./images/0446/cc15fc6f91bf4cc88284b531f181166d.jpg
0446,./images/0446/e5007b9bf5bb48ef976edb582cf1b684.jpg,./images/0446/b165c2c921e04786a590649c2fed9ce5.jpg
0446,./images/0446/6dd31412a10149c9a8622039e8469204.jpg,./images/0446/a1fba9897bcd480090746e0950d209cd.jpg
0446,./images/0446/6216149e89bf488fa9fd1af194f4d6ae.jpg,./images/0446/3f519b7266464ba6b0847ed6288cc471.jpg
0446,./images/0446/5d0ed5fa12e943d8882608719a886c18.jpg,./images/0446/b7c212e013a541b8a162aeb03188e960.jpg
0446,./images/0446/5c49010a4ca640cfa0c9de5243cbcc94.jpg,./images/0446/0e3e6d6565bc4bfa93537f84a6827b69.jpg
0446,./images/0446/8981d58f48274de1b1734aa13ba21c9a.jpg,./images/0446/f287593951ff4d7a808c4155119db54c.jpg
0446,./images/0446/e496ef3554cd46cda3e329097576beb4.jpg,./images/0446/37b0e71814024d21ba2bec8b1b6237e9.jpg
0446,./images/0446/85665121ab154b6da7a25a1e28b94eda.jpg,./images/0446/c2ac294898ac4c4fb71955d43d88d173.jpg
0446,./images/0446/8d70904dc36c44839f4ebd0b6943757e.jpg,./images/0446/9348214b785e427981dc87678a0b1296.jpg
0447,./images/0447/2dd4b83f1cd54fdb8ed6c01cbdfcda75.jpg,./images/0447/fefdeca8517a46628bbf3f9076649f84.jpg
0447,./images/0447/77cbc479648a41aaa69131ae4e6f8714.jpg,./images/0447/6883ec5df8044ada83d15c732c328ffb.jpg
0447,./images/0447/6a0681d5597040f6a4149b4df0ea4d97.jpg,./images/0447/3e2a04243a874edb96298c1c2d4dd24c.jpg
0447,./images/0447/4ca95493f2714a32b55cae137cbe7373.jpg,./images/0447/1e0546256bce41578fbfa5054b3f918f.jpg
0447,./images/0447/3d903a61d25b461ebc658bcde2a4e6fe.jpg,./images/0447/6db5933db2444144beff202309650666.jpg
0447,./images/0447/a55958b537d54e3e8a219e2da5e9cad5.jpg,./images/0447/bd499b24a8d844e0b24a03c0b392ebd6.jpg
0448,./images/0448/00d580a2b7f342f2b3a516da345093da.jpg,./images/0448/bf5896542be241eda1cb1dfeeff4ae4c.jpg
0448,./images/0448/22b00f435d294324942f34f661511086.jpg,./images/0448/84f9616d7cef4542b40ff717a8e80b96.jpg
0448,./images/0448/60d3d1177142479d99d970a7dba127c8.jpg,./images/0448/e8fea4941fd445c4a06ed5251e9d472f.jpg
0448,./images/0448/ca28deff85624dfba8bae49255aca753.jpg,./images/0448/7044b42445a54fff91c137b0bc3d0b1b.jpg
0448,./images/0448/a7e717d634e34e95981427bc83e86a55.jpg,./images/0448/909a8337ccd44ae8a3a788e620654b61.jpg
0448,./images/0448/f5677b39d59b42cf88378313036a6417.jpg,./images/0448/38a572faabf1455faa7e50bb841b5996.jpg
0448,./images/0448/04a68d43a05e4960bd23687e7e29f513.jpg,./images/0448/7967f8895daa46bd82cc34990d853e10.jpg
0448,./images/0448/a440478a316a4536b67f614cbf367265.jpg,./images/0448/68f4c8ed1c11415289310a3fae30858e.jpg
0448,./images/0448/e4a240fdff864c5d934a7ea6fe84d2c7.jpg,./images/0448/9857bcbac26d4cf3ae72174ffd0090f3.jpg
0448,./images/0448/8f2b64bbb1c841a086fb143742c53b5b.jpg,./images/0448/a7a90be445ff4448aeb0b477db4e2d02.jpg
0448,./images/0448/ce07d5151b5d4dc4840f9b73b3e36606.jpg,./images/0448/663dbce7e52a4d4aa56c6badaf01e1ef.jpg
0449,./images/0449/9f8719217ee448f4a12bf008289e2a03.jpg,./images/0449/080ca0cdcc574d14aead3df07f32a455.jpg
0449,./images/0449/b442cdcf470845a58624fa6b748b51d6.jpg,./images/0449/4476827a584045f7af2ee7edd9c21722.jpg
0449,./images/0449/4c3cd072602247fe9f5328057522fec5.jpg,./images/0449/b8c91b85e3b34633ad77355fdd2bb3a9.jpg
0449,./images/0449/9e246bcfc57a4d3d93cbda94ab2d46bc.jpg,./images/0449/6b5a31031ae14e6fa7ebc5c0d4490b4f.jpg
0449,./images/0449/7cfd24ccfc3747d7a2d32de4627f0da2.jpg,./images/0449/5b58acaf55f64e0c84d238e71f5f097d.jpg
0449,./images/0449/ddc839db675e4fc69d4330f3331f188d.jpg,./images/0449/35e02930076f41d2823c5d3478b6f41d.jpg
0449,./images/0449/fc8113ca713a4def8d65289af451cf4a.jpg,./images/0449/6fe541c625094774ada7d748c9941c43.jpg
0449,./images/0449/c7d02dcc7aba41d19b17287c210b117c.jpg,./images/0449/1ec520207c504c7cadb47f7da43e80af.jpg
0449,./images/0449/1e0e297e9a3440ceaad08efffdd5d44b.jpg,./images/0449/08b02e8f2b2649809e015f572a6ccfd9.jpg
0449,./images/0449/28d6fd3e1ac94f6d84e073e1a8398ff1.jpg,./images/0449/a90a2424922c445e9f6fb4444b2a5bfb.jpg
0450,./images/0450/8cfb927eb1e34e39817575fc602c5b4c.jpg,./images/0450/3a0064581bef4a64bd93d293d3a80e7a.jpg
0450,./images/0450/fc2ea95e739e4ecaafa19816fa5e5bc7.jpg,./images/0450/2ecdb02efd154e83bdd821c54ff8564a.jpg
0450,./images/0450/22e2e1c53b214d0a909ef186b00725b5.jpg,./images/0450/bd4ec784d617406f86918ed53342a567.jpg
0450,./images/0450/361d6d36c6db43a48204835bccc18816.jpg,./images/0450/abc0878fa8a643c8803de3e6230fd86a.jpg
0450,./images/0450/ce787bbffc8b4370a665387c22409c32.jpg,./images/0450/e5947f7a21134e9799ddc66cfb174d18.jpg
0450,./images/0450/f3171d358f0b4d8792cd4b0b707894b4.jpg,./images/0450/75d2695db0244a19a65e00e66087dbb0.jpg
0450,./images/0450/2e47255982ca422396b4c6ce7386822e.jpg,./images/0450/7352e78a51ac4ca0a8f4f13803b04e0c.jpg
0450,./images/0450/b293675d82b84e27bc6b7ae2b40b9554.jpg,./images/0450/90c9596d058c41b9a91a3f49d32cb0c0.jpg
0450,./images/0450/87b1955a702c41219e594359348690e9.jpg,./images/0450/c2f7827f499945ca813b62b32ab5c68f.jpg
0450,./images/0450/c00d980a10f549e1994c77eabb4db899.jpg,./images/0450/a09d91aa22134a62a7f0856ea5388b01.jpg
0451,./images/0451/70a03f85230948b0a84322eafdbaa600.jpg,./images/0451/f58e4d25fdcb4436bec29c0b0306fae6.jpg
0451,./images/0451/6bc5322b11db4e0b8922230739d8067b.jpg,./images/0451/833b1645a3f54998ab89e8e930f584dd.jpg
0451,./images/0451/dc07c7207bdb4f3c83ca8aaa6e35d6d8.jpg,./images/0451/b3b431fd9d914865b92e0c146fdc98fd.jpg
0451,./images/0451/cd134600d2da47a881ef7672fead87a3.jpg,./images/0451/e63a48ab25524c369acdbbfa63cfa217.jpg
0451,./images/0451/526d9bc1cb6e4fed8f39be12f969c9c9.jpg,./images/0451/d78bcd1534524bf1b68363bb9f4f5a55.jpg
0451,./images/0451/1e4826b3c99042d49fd2453ced374548.jpg,./images/0451/e925db7ffd7842028e15049712b5403f.jpg
0451,./images/0451/62914260a5c54505abc5a99e5c90c4be.jpg,./images/0451/bad4a952879545fca355b164cf0ab424.jpg
0451,./images/0451/0bd165cfddc046ebba628de94a3b6741.jpg,./images/0451/15feec39f79a41548be9c9fa7322d0dc.jpg
0451,./images/0451/a88c66f0846b4e3e812b573528dcde56.jpg,./images/0451/80fac94c140d45fdb6a3bb951399aa23.jpg
0451,./images/0451/32c7c5f2a2814fc395851dd29b2a67f9.jpg,./images/0451/3d88e94bb9df4565bac47f8b4b359c3c.jpg
0452,./images/0452/ea9551f68f314d14b75ac70f2da3dbc9.jpg,./images/0452/931d5051b13c4732ae8d95f74b9435ab.jpg
0452,./images/0452/d2d9926adfb64fea804b483a7846f6ca.jpg,./images/0452/73258162105a46b1bd2a4e1982719146.jpg
0452,./images/0452/b84ea5484b234eb1baaddb1a3e5dd2fe.jpg,./images/0452/36ed9bec1f9642dd97dd3a0b9d1424f5.jpg
0452,./images/0452/2bc47db9a3cb44cea3a5c1909b677a8a.jpg,./images/0452/7693646a5f1e4ecfa724ec93b26b1ab0.jpg
0452,./images/0452/f4fd011d46c747bbb763b89fd7f1b82b.jpg,./images/0452/874c82bc248449d098eaa0530fcb7bdb.jpg
0452,./images/0452/4ca65084afe5449b86495edcac86be5e.jpg,./images/0452/4f4d5ab0d87d4de6b1153bdf22878392.jpg
0452,./images/0452/9016eca27b8649e681409741b4a78b52.jpg,./images/0452/7533c4101ce14da6b2e971d718a70903.jpg
0452,./images/0452/fe2cf133ebeb4f95ab2935675ac6a9c4.jpg,./images/0452/43ec772b052541989059f740fc2398de.jpg
0453,./images/0453/8273d62d1fc24f48aeeb04815fb548ee.jpg,./images/0453/8cdf9e79da514172905a1a7f3e3792c1.jpg
0453,./images/0453/780e1bbd502a4e3d97894e9c27973ce6.jpg,./images/0453/85c76b75b554458f9e0a970cfbdf1840.jpg
0453,./images/0453/7dc1383547344cb5964b4317dc4dc9ef.jpg,./images/0453/305f9bc07fe14cf7afbfe4c2da04c65c.jpg
0453,./images/0453/231ed2009f4f4a4495c4375fcb9e4fad.jpg,./images/0453/c1f97cc673e64c528542244140ec729c.jpg
0453,./images/0453/69fff372a7404e609c1ac4fae25ee9fe.jpg,./images/0453/355ae9d5f3c74167894820297bfcd2d2.jpg
0453,./images/0453/51152420e70e44d68edbb23f9dc59b62.jpg,./images/0453/cbac31ff175f4baab186d98db9e7500c.jpg
0453,./images/0453/af7ac8e2c5e04b2bb5e5950a4c94a596.jpg,./images/0453/684928fac93441d2bd0af8e1bb18bbfa.jpg
0453,./images/0453/5fc3a896ad284dd090d1f668e6e97d49.jpg,./images/0453/5ab6113167fe4787a63c92d0501777ea.jpg
0453,./images/0453/8aec94ef4b624ccc91ed30a9591393ad.jpg,./images/0453/ee10d11665134dfba1988b4d05d73082.jpg
0453,./images/0453/83436583e4344de5a7c110ab7f619ccd.jpg,./images/0453/a8e4e4c21212445c86ceb0db89027444.jpg
0452,./images/0452/989c8634e7534faeae5d07c5db6653c5.jpg,./images/0452/04eb2da4c2554dd69bc7ea107fb5607d.jpg
0452,./images/0452/0fb8f692c05c4eb0aa642aacbddf2a41.jpg,./images/0452/6cf9b06664fe430281b751719e4079d4.jpg
0454,./images/0454/ddab000f05af43a693fb7c52bace19a4.jpg,./images/0454/86285c6d7bda4a10bb4df43a829a4d74.jpg
0454,./images/0454/49d4379c46044cc1bdc386a0d5e3b9f7.jpg,./images/0454/6c2c8c6104a148f3ba0c7bc5587e7fcb.jpg
0454,./images/0454/8fc9333085a94496a12537678f5d86a6.jpg,./images/0454/41732fcfa48049baa9da83d9cb1b03fb.jpg
0454,./images/0454/af5190a2f0d04e66a49e9d49c908c634.jpg,./images/0454/42376d92c3064731b154d2146886a374.jpg
0454,./images/0454/0cf6f70839744b368628e76565b4f929.jpg,./images/0454/d6c0e83fc9044dc9a3229204132cd74e.jpg
0454,./images/0454/3edc59f2715b4ff5b80e74ce1220fb41.jpg,./images/0454/8ccf6023b88043f0add969af9ca56e1f.jpg
0454,./images/0454/4a04c0904d47408cbc7588fca9426e76.jpg,./images/0454/1c269e7da2e04d999c9e695ed287eaf3.jpg
0454,./images/0454/5b9cabeaa0f24a578fb66f633af3b1be.jpg,./images/0454/13cdbb43ff3e41f48bd8d537e003a5ee.jpg
0454,./images/0454/783d3b42ceef4cfe99573c1a255c65de.jpg,./images/0454/858ca70f152146f5ba0a9b032d4d917c.jpg
0454,./images/0454/d75f2f1d9950435aa3c0958f6d3ef375.jpg,./images/0454/f783620426c44fdd97df1bc43cd22dde.jpg
0455,./images/0455/88a1b81f0edc4ebeae66dc0134d8cea6.jpg,./images/0455/58b25086c18145d98d2de8cef9395bf5.jpg
0455,./images/0455/ca9f4bf8d15d423f82cb6e122c732937.jpg,./images/0455/a4802be852424c3bb3755e6a30118cfa.jpg
0455,./images/0455/a096f8e6c307465d9cc8723cc328f3f4.jpg,./images/0455/b72132cedd84401e971db99034d73292.jpg
0455,./images/0455/fedd806586b4420c9c808b62484bd52e.jpg,./images/0455/a414b349765f4f9283b3baed714005b0.jpg
0455,./images/0455/f0f6141efdca4e7c9b412ec8e826a682.jpg,./images/0455/59288caac5d249e79d633179ad899976.jpg
0455,./images/0455/7707b6466d064289957eceab1e40e5fa.jpg,./images/0455/3a810eda7d67472587f5299b5132c32f.jpg
0455,./images/0455/3ff27408507d4cd48d9460aedd452b1a.jpg,./images/0455/39fd3ebbba3d469d81feda6c7718551b.jpg
0455,./images/0455/a84f6be0f93e4dd59877cea9cff126e8.jpg,./images/0455/f4abcd3936ef41ecb6f4d8d2a97490d1.jpg
0455,./images/0455/5846ce70f04149f3900e1e8e2c761b9a.jpg,./images/0455/82959bde32f44a599b3455c4d29d600b.jpg
0455,./images/0455/f74aec0b7c974767922afd398df52f1b.jpg,./images/0455/d3d205d139a54b9fa13702cc243bf57d.jpg
0456,./images/0456/4d2e30e324ef4153ae553f1293bde1f5.jpg,./images/0456/19ec32569c334d9881746444fd8207bc.jpg
0456,./images/0456/f05912b243904109be43f0fb1ee8235d.jpg,./images/0456/8d475420fd844dc989f6b15015e882d1.jpg
0456,./images/0456/021ac9aa26c94d958a886bc6bd9a5ed5.jpg,./images/0456/0e9d318a8738401090060740ef5182ea.jpg
0456,./images/0456/031bf15140284dfca37787e145389c25.jpg,./images/0456/f5fac2b15996419bb0e5a3330641c6fc.jpg
0456,./images/0456/e4b4ccac91784806b24b10dc904cb819.jpg,./images/0456/f2acda7032114ce9810bf1e9492482a8.jpg
0457,./images/0457/68e4ecfe511d49609367f89d2026ac7c.jpg,./images/0457/e96b5220e9fb4c3c86a7919e7a340918.jpg
0457,./images/0457/aec3947b315d42c3977cc88ca5c1f5f5.jpg,./images/0457/8bb0a816d72f4132bfaef50470ab72da.jpg
0457,./images/0457/35f64e3c6d354b51ae1096933806fc91.jpg,./images/0457/29b1ed7c4ac442d38548c9ab5b189758.jpg
0457,./images/0457/6e0c814e7293472885bebba6e6a1fb66.jpg,./images/0457/9577d3a0aa814660b19def3f352516fd.jpg
0457,./images/0457/99ef66da01cd44b590d80a6c035a7c03.jpg,./images/0457/82d3941464254dc99c320b0e88c4ba9f.jpg
0457,./images/0457/492228b03ec54a7f9ba7e67537eae620.jpg,./images/0457/021d62ce5f924d579e05bec9116c586b.jpg
0457,./images/0457/6c845f161f7d4d9a83a7ac9e99fb7ae7.jpg,./images/0457/6d194cc34a354a24b9f0c7db84f5020f.jpg
0457,./images/0457/d8f3560833b64050bf064cc20181c980.jpg,./images/0457/2861e2a8eee54a46b0034b705f619297.jpg
0457,./images/0457/415ded7ff5174a51b5b4c76d30523ba2.jpg,./images/0457/0660044959754a9caa049069ab3126d5.jpg
0457,./images/0457/258124efeb98443e8ff8429580be6786.jpg,./images/0457/1d59a904801240e3b77c30bd2408495a.jpg
0458,./images/0458/243c12bbe67d40c1ba40688383ed3914.jpg,./images/0458/83454d911ea24c7e8178a3fd0bac375c.jpg
0458,./images/0458/9d64a3fa94674dd79a3f2c43786aaf73.jpg,./images/0458/c47f2a7796a54bcabaa9cb4f85d0b668.jpg
0458,./images/0458/0e6b9bdb43c14405a3f23fc1c8bef561.jpg,./images/0458/347e1808a9a04499bac8d2163fdb2d39.jpg
0458,./images/0458/a6bc752e13314691bd5641eff092b0d9.jpg,./images/0458/ae9f563b0ada43aba38bfd9d413b612c.jpg
0458,./images/0458/348c1efd2d104a2a92709ffddca4b9fc.jpg,./images/0458/8b2143c0c1864a4f819a3120b1d2638f.jpg
0458,./images/0458/91ed47d5a0644b6ab0bec3daa16e0c76.jpg,./images/0458/2b636e5a995b4b89a40d09dac2a92c11.jpg
0458,./images/0458/576024dc3c9642aa9332949829ded8a6.jpg,./images/0458/5db9611cdbdd4780a1338292ebfaf20c.jpg
0458,./images/0458/b1e00976f4514c6b83f4388f5d2ce156.jpg,./images/0458/856e173f38794689ab9181b6ff4934ae.jpg
0458,./images/0458/fef5cdab540b4d53b590987e852ddecf.jpg,./images/0458/37a5e84eabe945f0ba3870fd57ed1a88.jpg
0458,./images/0458/2dd78758e12b4dcfa31da235d998f4f7.jpg,./images/0458/901307ae883940de86aed5a0b2521066.jpg
0458,./images/0458/b73690688cee4b77b6b8f792dc76119d.jpg,./images/0458/df8f3912af844b778e77464da7a97d4c.jpg
0459,./images/0459/8520dbd031af46d28b9981b5d8e3ac3c.jpg,./images/0459/4256d40ff5a2460b898a649fc7aba09a.jpg
0459,./images/0459/fb2ebed39398452e8c2d73e83ca4b972.jpg,./images/0459/5997c424c35b4b79af1abe148551fb12.jpg
0459,./images/0459/0cc4e5c127fb453b85352186229d8abc.jpg,./images/0459/280b1ad13bbb41eaa59accf8ae8ace33.jpg
0459,./images/0459/c6aba6dace5244108d8390ceb986b026.jpg,./images/0459/8d71c6dfe9bc400084289457d78d3101.jpg
0459,./images/0459/a23f870e60324f56b1463c87202c2287.jpg,./images/0459/da8e80b96a2c42aea36ff17cf1ba4826.jpg
0459,./images/0459/03ebfa384f7841dc9bf594dab4f30258.jpg,./images/0459/4fec43ef32354c3596dcf60aa5c47efc.jpg
0459,./images/0459/22cfe935bc7c49bbbf53064d24551dfb.jpg,./images/0459/6c93e39c82e846aaa499541dd2b403ae.jpg
0459,./images/0459/acb4bc14de6e4bb1b4bc8c0676d06e39.jpg,./images/0459/e7bbce4be0d94652998f365a804ce9d7.jpg
0459,./images/0459/39cf8caf8c434f3ea1cac245d34c33f7.jpg,./images/0459/39fb4e966e804313b63063dc0bba07f7.jpg
0459,./images/0459/9e2760497ec54e2abb7c920807f17870.jpg,./images/0459/62b9263fb9d24410a8fa84a1b77ee5e5.jpg
0460,./images/0460/d66798e87a98492f98051e3fc59562fb.jpg,./images/0460/684bee61543f47b08f0745cb096fd1f7.jpg
0460,./images/0460/e7ed16449b4347c0868441388b556ed0.jpg,./images/0460/35a425c6698b49788aece430f5620a7d.jpg
0460,./images/0460/82f1ebac045d4dfeacc21de07d28e53c.jpg,./images/0460/35cdf130024e4459955422f9706aac07.jpg
0460,./images/0460/cc2e8eeb0cad4bed9c6d5fa7a8ceacf6.jpg,./images/0460/8239bda741e84984bebe71fe723ca99f.jpg
0460,./images/0460/a8ca544a3f7048c59b89c3548aa9dad8.jpg,./images/0460/8319fba0d24043eea81edfbe5a3c9d7c.jpg
0460,./images/0460/46acb4fbfffd48e0b421be318ae5f3fe.jpg,./images/0460/7d8b17c29f444cbba499c4bd52995bb2.jpg
0460,./images/0460/aea3addba9d44b3a8c4143baf642d692.jpg,./images/0460/593ca208b395465d878cde5e1319ff86.jpg
0460,./images/0460/77562e159b754021be9ec933dc1711c2.jpg,./images/0460/4da40ca5aca94c07b73143d1a6af9e86.jpg
0460,./images/0460/28a258d2550242a19de7314877893ff1.jpg,./images/0460/b26979fe203746e3bcbc1d58a4b3b13a.jpg
0460,./images/0460/447519532ae3483291a8ba0207b5481c.jpg,./images/0460/7f0d87c522fd4b658452351afd4f2123.jpg
0461,./images/0461/f0da3719ba8d472aadaaa17331c2f3cf.jpg,./images/0461/9b95c8d949a24786ae1d2054448de32e.jpg
0461,./images/0461/23c50fec036c47a3be4c3a84d9bff0c6.jpg,./images/0461/680cd39888a54f65ad5639eaf3fc7617.jpg
0461,./images/0461/0f6a17dd6cb94e12a8136803cb5379c5.jpg,./images/0461/0f676cad11b74a76bffd101849491538.jpg
0461,./images/0461/d73a964acd174aa8b9181b81ed7731fb.jpg,./images/0461/5a3319012d2c4d0cb39e68216a836194.jpg
0461,./images/0461/e88ed9c0147e4dad8f5c0305ab47ad2a.jpg,./images/0461/eec89f6ec7934df092299e335d7b81a5.jpg
0461,./images/0461/7b3b2c9ddb8c49c4908ddbb2db28e020.jpg,./images/0461/96d1120e9bfd4062bbaba6d29d07a8ac.jpg
0461,./images/0461/04877ecb15324aa2850ca389ac417ea8.jpg,./images/0461/7b1783ea56174c7cb306f63e73c49cd2.jpg
0461,./images/0461/b9f0db889ed14510a6e39d74d4311d69.jpg,./images/0461/44019f02d7504774956ad06907fba6f3.jpg
0461,./images/0461/750f789aee46421eac2443860b4c4bf6.jpg,./images/0461/87a2acaec5564b139374a5a0e508021f.jpg
0461,./images/0461/d5ccfff9df5c4b138ec98bf25e20cbb8.jpg,./images/0461/fa6c955377f4432abf46183ef38dec1f.jpg
0462,./images/0462/a18bc978732440f69f6e946a4aab6db9.jpg,./images/0462/f5ff6dcffc3d41249eb4eb0f5059f3b6.jpg
0462,./images/0462/57cc46d07982450886af486aebb3a4a5.jpg,./images/0462/16f5fe53d90f43c3b77d9a47b3cd7b3a.jpg
0462,./images/0462/6109d4a96414478f8fa256dafa6dd091.jpg,./images/0462/71fbe219edfb4c1097927e95db8ce1ed.jpg
0462,./images/0462/b40cddc871bb4885b994c32719a421e5.jpg,./images/0462/7bee75214ba340f8afa226487c02202f.jpg
0462,./images/0462/0f9deaf4ee97425f932d226264172083.jpg,./images/0462/6c1c844ce5e04122a543cc90b3d27d6a.jpg
0462,./images/0462/9c1fcfe0488c4dfeb72e18f7c973b082.jpg,./images/0462/b04eb714642d43c18b8d6c74da8430fb.jpg
0462,./images/0462/9d73f8dbcbb34aa591d5febb510f72fb.jpg,./images/0462/d42a1f0742b54dd48ee0de0e7f88880f.jpg
0462,./images/0462/f441bdd1d3104dbda4211178a68229ab.jpg,./images/0462/2e02bb0cde41412798f37a359223d6c7.jpg
0462,./images/0462/b96dc3d71ada40dab9f8a9939a3e980d.jpg,./images/0462/9d0f2cdd5a894550842e2b7f3613f56f.jpg
0462,./images/0462/740d165980b54ff58ed6d20f21d99ba8.jpg,./images/0462/db6cd5d6fe1141c6bc08f8e1e92a7608.jpg
0463,./images/0463/f56dff233c8745aaa33dce3aecfb077c.jpg,./images/0463/1ec75dce0c29442ca8dc3a546d71fc01.jpg
0463,./images/0463/34b6381968e144dab341e0095415ce67.jpg,./images/0463/461fc57729e34b5181141ae516e8dc69.jpg
0463,./images/0463/cfb2be2105c74eb4bb47c41d78da5a63.jpg,./images/0463/972e56d105604fe6b6da346b9af4e535.jpg
0463,./images/0463/fc064acfd7f84e35b93bce78f6f234b3.jpg,./images/0463/9a1f8b21dd28435b883d30d46412bb5a.jpg
0463,./images/0463/834d211b688e47ff8a73e2b66c1b36b1.jpg,./images/0463/fdda347010a241d29fe2e9ad08fdc9ae.jpg
0463,./images/0463/8e06356a60994597b1b5b1aa97b375e3.jpg,./images/0463/cf04ddd633824d9bbacedc9436c436c5.jpg
0463,./images/0463/f09ae08f25864196b0a092a748bb6a28.jpg,./images/0463/7edff71a4c5e4a1eb0118df9ddc67ed0.jpg
0463,./images/0463/995c44f2a294409cb12c7345f43b48bf.jpg,./images/0463/a282ef93180f45069ce305adf4a89374.jpg
0463,./images/0463/ff2201ebee314cfd92934cbbccf82880.jpg,./images/0463/de16661030354d2d81d2b12ab13d64b0.jpg
0463,./images/0463/61927952c7b74c49ba7c5bbdd31a7d74.jpg,./images/0463/29f29abcb59c488a925448f727b81a96.jpg
0464,./images/0464/49f25b27724247428deae2cda82e6ae4.jpg,./images/0464/e5ea2c067e504e2a9e3a643a58325a71.jpg
0464,./images/0464/85919fc62bfe4e78bc6c954190d2f448.jpg,./images/0464/2d93cbfffd4248a5a6ccfe42b204ca0a.jpg
0465,./images/0465/1c70806612744fbc85d107be160e7896.jpg,./images/0465/eb710e47378444a6a26a64b36add8e5e.jpg
0465,./images/0465/99447f78951b404fa71c6d488c34ab14.jpg,./images/0465/0a540f15c4e2410eb9f619f7910b01dc.jpg
0465,./images/0465/2565b522f38e49b783b9463f4bdcac1a.jpg,./images/0465/d3239283e401400da11bacd638acce31.jpg
0465,./images/0465/c36389b308ab4da7bfe8f640d01d1095.jpg,./images/0465/e19fa3b22af14a97b7608fafde6b070f.jpg
0465,./images/0465/74d56d2c61194d0b9c691183a1250221.jpg,./images/0465/fa9285ff02764284af712be35bb2eebf.jpg
0465,./images/0465/bb4b010729924198963841ab01dbb41f.jpg,./images/0465/1bc5510932ee4b36aba13137a4f0250b.jpg
0465,./images/0465/67bb2c00d3684371aa024aba756dc0a3.jpg,./images/0465/11e5689385564b24a40c3914a3a33fc6.jpg
0465,./images/0465/e5f3fd1102fc4a99b180e80319956d1a.jpg,./images/0465/2e5d139a31874788867658481027551d.jpg
0465,./images/0465/b5381b8561a5414b887b2796e8b3dac2.jpg,./images/0465/4468e86f212f4cba87a008393e69223c.jpg
0465,./images/0465/ad38636db2d54caaa82693ba92c56fba.jpg,./images/0465/f73640ca8d86472ba83c4d849ff708f5.jpg
0466,./images/0466/35f8c1b267a74a36b31e7ee791b270e3.jpg,./images/0466/d8682efba234432aa78388b12972953d.jpg
0466,./images/0466/61b7a7d81c114060b6d7d8a6a5ab948c.jpg,./images/0466/056cd1fe98da49a495e638803781b285.jpg
0466,./images/0466/515f23f9c33143259b132759aa25de6b.jpg,./images/0466/fde04f3470e345e8b2d2e32397490574.jpg
0466,./images/0466/b66f72e5bc5941fda8926a7a742befc3.jpg,./images/0466/2f97738068334788b4d82b33165738d8.jpg
0466,./images/0466/44c141eb044041249a574900918c86ba.jpg,./images/0466/15e2e91469654e92b51b51a4de19034c.jpg
0466,./images/0466/b0490e1c1fb14a6ca0fcd26e1afe151f.jpg,./images/0466/00ed8c34baab4170bab88013461825f0.jpg
0466,./images/0466/8a4fb9d1df48459ebc189da20ab12b04.jpg,./images/0466/9fe0d2f993444ec6aada17c9a6a3ce2c.jpg
0466,./images/0466/1023eddb6c9a431ba7a496bea5dccd97.jpg,./images/0466/5bf5af769b4242258facab6c64dee8d3.jpg
0467,./images/0467/566dab551760470e8660abaa64f8e0a6.jpg,./images/0467/a8339d6234784385944ca59ee4af7743.jpg
0467,./images/0467/874ea89ddd0d4446928becb81ab46324.jpg,./images/0467/4b62f3d1aa3347c4b36020121eb21a73.jpg
0467,./images/0467/bf43f342b04a4ec0b619cd9fa0c51e6f.jpg,./images/0467/de7b85e648c646c7b22e8c41762b8d03.jpg
0467,./images/0467/0b51c1e722e0430db568b42ffe467c3f.jpg,./images/0467/1fa27a6d466a4001a5e5345ed40b118b.jpg
0467,./images/0467/b1a8a13fa0e042529704f2afc69ff595.jpg,./images/0467/fd57f7c8199c497986f6d6d1c5b92738.jpg
0467,./images/0467/4585140c31d042c3917ccda64ca19933.jpg,./images/0467/19b6d4911cbc41c187420c3bf441a6b4.jpg
0467,./images/0467/701395ea60804bdf99a425de10605096.jpg,./images/0467/062f8e2c968042c684914cb184d8f102.jpg
0467,./images/0467/90997a95e0c04bd6abcc0edb221a806a.jpg,./images/0467/2d3de984b7e34d5a949ffbddd8959f64.jpg
0467,./images/0467/416e15adb761411f8117bcac2b5dcb51.jpg,./images/0467/72c13ef6bdeb479388ca889b96d41ce6.jpg
0467,./images/0467/6bff952be9de4e17814acbc8c97b76f2.jpg,./images/0467/7a61461d676d4da3aa2be0d57b374f81.jpg
0469,./images/0469/284444216e3b40f88db65dca1f99f4f5.jpg,./images/0469/f38608a2270445b2a9d97b48307b00cf.jpg
0469,./images/0469/b54cae184c654e3cb8aae2c679a7fe67.jpg,./images/0469/7a9e67a4695c4064a4ab96a3b3ca03de.jpg
0469,./images/0469/ce7f2e79361d46fbad1f4a862d3bcf59.jpg,./images/0469/a1a7dec8456643f5a3a91954172b02e0.jpg
0469,./images/0469/11275dfc95bd4fffba887ae98d3295ed.jpg,./images/0469/ac5c9c429c7849068caded501026ddcd.jpg
0469,./images/0469/9e94ac2cbbc04ba886e77da80e5f8be4.jpg,./images/0469/87069d98f7164330a348c5a12054362f.jpg
0469,./images/0469/57ffe0ff0bf348738c3485808ade4cb4.jpg,./images/0469/e2870a1274904df48f3116dc584dea26.jpg
0469,./images/0469/21fc055d0bc64f4b968b9cf983514c56.jpg,./images/0469/f4bf174695c3413da0e8fe3dc397b2b2.jpg
0469,./images/0469/312c8ee05ab846e8b0a2078c4d87da55.jpg,./images/0469/f90e698315ee4444ae748133f48a24e9.jpg
0469,./images/0469/b9a509e3d6834cd8829076bf7995482f.jpg,./images/0469/d541caa13bd14de493227b4cfcce7960.jpg
0469,./images/0469/670e0a0ada204248b4ab881cb496acbf.jpg,./images/0469/b681f06e83b146abb1c023d682125949.jpg
0470,./images/0470/8ad8c8f9b9b64039bcf268e75c1204d4.jpg,./images/0470/c143b6a9960e4ac59a1aa8d3ca6b8d0c.jpg
0470,./images/0470/de8c9ddd45804ba2bd1c1f9816c4566c.jpg,./images/0470/a790bdb7742749208033234c8086af59.jpg
0470,./images/0470/2f3553a6f9b04137b40cea4751c215f2.jpg,./images/0470/0807fa322d7f499a82232d7660fbef18.jpg
0470,./images/0470/e65717893ebc4141a21c979bdec579c9.jpg,./images/0470/bac3aad8662845a8bf26005553085ec0.jpg
0470,./images/0470/6532e3df3d6d454ca506eeef4f8b070a.jpg,./images/0470/7d31cfa7d6eb43f1b8c549382e959b9d.jpg
0470,./images/0470/319e84d326f74ca2aa05c89fa2e380ac.jpg,./images/0470/931336a93d394745b20f6d44c5ff6e86.jpg
0470,./images/0470/acd2ab0b3c594f22a5ee44f5b04434ba.jpg,./images/0470/8d3b3ce3189e4da1b4a1d925bd739203.jpg
0470,./images/0470/85d5d7fe94ab4d49be416643a996f051.jpg,./images/0470/0da6693081b94e20887b08d5aa18665c.jpg
0470,./images/0470/9386d8dee9aa4be8a5576f4b81fc6d3e.jpg,./images/0470/cc8bee60719743ac9eff91c4f1eaaf3e.jpg
0470,./images/0470/441c6f17cfbe42798ac2c69c62f784ac.jpg,./images/0470/83b68ed84f9e4e448fc4d3baee4e78ca.jpg
0471,./images/0471/de59bed3520d4f369c95dfb0e30b2c9d.jpg,./images/0471/0dea5b50fa0644bdba616692ef44b7ae.jpg
0471,./images/0471/3616ee8021fc4d5a8cdc7b92ab7e20e5.jpg,./images/0471/f0283f2ef03f4b3ab65bf28381fb1894.jpg
0471,./images/0471/9fa829976e8c41c8bc445fb301cc02f5.jpg,./images/0471/0fc0e17b612a44e686725d2ccd41972e.jpg
0471,./images/0471/6027d037d8b1462d8c06a017099522a6.jpg,./images/0471/f0f711aa5ae4448eaa9e8a198550ec6f.jpg
0471,./images/0471/b5723b91c7b3492f933fd53a02d8b8b5.jpg,./images/0471/c8f816afadf243c4ab1aad747abe8824.jpg
0471,./images/0471/9d6a048a5aa7483290de74db3b773aec.jpg,./images/0471/9c71b77a332c402c97aa8d72f54f2234.jpg
0471,./images/0471/a894cd94b7144652b20c6ad21024035b.jpg,./images/0471/c355a53b8c424a8c92252a5724c4c2ca.jpg
0471,./images/0471/eb1f469ac23a4ed488c7da1b1b5cff35.jpg,./images/0471/b6c9b398c5ce4b5ba4ba3365d05dd979.jpg
0471,./images/0471/040f2f668d0b43e0a85e711a8a3ea375.jpg,./images/0471/36af87a9161741eeb3e126ec6b657400.jpg
0471,./images/0471/e989800b0d5f4cb0bad23b03145411c6.jpg,./images/0471/62f305661b5d48638da208304bf3bd2f.jpg
0472,./images/0472/d8feae1af4464a71bba6f646c346d8ab.jpg,./images/0472/dc8a06b224f54739aa3a10ab002cf435.jpg
0472,./images/0472/53c0bea84b0942a5a4fa729fe02a9b93.jpg,./images/0472/d972dd51585a42e3af723fa591dff959.jpg
0472,./images/0472/fb110712270040fc91f0e8a8fd46fc20.jpg,./images/0472/fb9c8d602d4c422bb636560328397c9f.jpg
0472,./images/0472/f0e36302c5864ebfae860949fd051a6a.jpg,./images/0472/b65ba28917824b0a84b538284c75c496.jpg
0472,./images/0472/2eb1d4d35ff14cc2a2160ad7fdfd40ab.jpg,./images/0472/4e5c8ea89cc64da7ad758c10066c91d1.jpg
0472,./images/0472/baa420c6cfb84321b4cbc3c14b5d6625.jpg,./images/0472/b47d1035f83d4eebb0ffc882334e00a9.jpg
0472,./images/0472/b72b55d187374d6cba7ed20b209d5a37.jpg,./images/0472/0b41ab8e1d4f4144bbc562de24a84ec4.jpg
0472,./images/0472/fe7cd08e74fa4ad7a69f276f148d0fe0.jpg,./images/0472/0b32fbcbfbd04d22b0e3330c4e52b346.jpg
0472,./images/0472/815575aed13341b4af891a1232589e1d.jpg,./images/0472/c10a21becacc4d258e8b681cb2ffc826.jpg
0472,./images/0472/ca643f4b57d14ff6870362d24c28c144.jpg,./images/0472/9a06fb3909354656a157cb69b327eea3.jpg
0473,./images/0473/7f30ffe2adba48fe8187973f32b0c92e.jpg,./images/0473/334630a56ffb4e2c9dd85d0e30adee3e.jpg
0473,./images/0473/a6c59dd0b5744a9582e35a9b1ee0cf70.jpg,./images/0473/aed5766dd8704a4eb5071b0fe1f59e67.jpg
0473,./images/0473/f350267cf137486fa832cd9a66912940.jpg,./images/0473/f8087d309fe54a76bb51670e443071e5.jpg
0473,./images/0473/a97b81b860314ff598871dd73ba1cbb9.jpg,./images/0473/917ce74ac433429a85a37ec09b4aa36d.jpg
0473,./images/0473/1e5186e5e6914708bd8862914ca4bab0.jpg,./images/0473/af1094f4d16a4e77bd860349c3ea5c8c.jpg
0473,./images/0473/27b325d9c9d948b7be4a378667d4a546.jpg,./images/0473/db5556fe1fee4debbde96ab857a2304c.jpg
0473,./images/0473/799b3267523b4ecc8ccb281f55725458.jpg,./images/0473/3aa5d92cd2bf439abffa16234f01da43.jpg
0473,./images/0473/e335c4225b894454ae23aab922d8f37a.jpg,./images/0473/2a8bf7be72cd4ebe8c9fbb052acf011d.jpg
0473,./images/0473/6f90ed2fae764e3f90ab132f644c0318.jpg,./images/0473/b2d293c682c84665bff792c742acd293.jpg
0473,./images/0473/1d80e401d70e4c92bd19b50c41d00054.jpg,./images/0473/a99ccc050d60416eb23b4fbabd999c36.jpg
0474,./images/0474/9a04dc1266e24829a51979311a1835bb.jpg,./images/0474/f2213ddddcb745e3a202d7127400245e.jpg
0474,./images/0474/52b4bcec6cc049f8988a7d708147c6fd.jpg,./images/0474/4be0395d0b32418a8ff7db684a0fbb5f.jpg
0474,./images/0474/4f4d7c2697fc4a8d859aabaab1aae19a.jpg,./images/0474/63fa8761b0914c1180ae3310967c0329.jpg
0474,./images/0474/b1f35a3b31e64fb4bdc1cda24cdfd9ea.jpg,./images/0474/c704734ddcb04867a05dc9cc64683486.jpg
0474,./images/0474/551f524b27ca429ab2989a7370f1d526.jpg,./images/0474/ea8c5261d8274371862f075a9703a91f.jpg
0474,./images/0474/c48fb6d595e7409a93fc80d5773de3cb.jpg,./images/0474/fbce439f4da44979bb0389dd6344564c.jpg
0474,./images/0474/55c3575121314486a5305f107941932b.jpg,./images/0474/0bfa16b45add4ec2bce9fa93fc808927.jpg
0474,./images/0474/7990cb577f0942c884f380ea2abf9b44.jpg,./images/0474/9066e3cb363d4b8389386e0dd4bd7065.jpg
0474,./images/0474/be930f45394445e79b7edbaa4872a700.jpg,./images/0474/87115bcb2be7400db2446d33bd80438e.jpg
0474,./images/0474/1917a2d4bd3946ca925a10617ca2c84f.jpg,./images/0474/37ba5ec5943740fc87610b5033dce410.jpg
0475,./images/0475/44be91086d17434d8bc7e343b4a5a20c.jpg,./images/0475/2335436780b6448f8b79f3edbe04e705.jpg
0475,./images/0475/ac16ca908c384aee86e69b0f43c93ca7.jpg,./images/0475/1d64af0c35ce4763b12bb3932035409f.jpg
0475,./images/0475/eb3ff826bedb48ff98b2fd879e0a0513.jpg,./images/0475/6e7fc09959fb491296a6cbe3472162bd.jpg
0475,./images/0475/84b0c3bb4d6e4335a2a1d3f1f6e35e5a.jpg,./images/0475/fbae734251204dc8a9969d3bbad3a99f.jpg
0475,./images/0475/5a1fede669cd418b896bffcfbc2d89c3.jpg,./images/0475/9b3636f92a6c48529713740a2c6b2fc2.jpg
0476,./images/0476/1e187314d6e948b39f250e4a12b28efc.jpg,./images/0476/4e4194eb77a84a748f222a37beedeb6e.jpg
0476,./images/0476/f2fdf9c74fc74853b3da137eb19d4364.jpg,./images/0476/4acae38e23284fafaea9afb1b3060c05.jpg
0476,./images/0476/c7b4b04044034998938f990cdc358430.jpg,./images/0476/139c98c9b0734399b7646deb08db123e.jpg
0476,./images/0476/d2cc363096ae4266a1414f70322371ad.jpg,./images/0476/535be3af747a484b9bafee6728a28012.jpg
0476,./images/0476/768abca6d24f408e985079bf8f18b770.jpg,./images/0476/9739e5d6a45246f7a325e13998287ea1.jpg
0476,./images/0476/8bc50878af8f41e68e30e5bf6253401a.jpg,./images/0476/32f90fbe87fb47e9a9a25d7144e23762.jpg
0476,./images/0476/04d21ee66ae54e93af4c7f87207caa20.jpg,./images/0476/181d8c85002e41a0920ad9dcb623b85d.jpg
0476,./images/0476/37e8c096235b42139dda81a2cc06d0e3.jpg,./images/0476/d8431520d0ea469fa6ee5bd601ee1df4.jpg
0476,./images/0476/cd54b17011924637bd5a815411422e40.jpg,./images/0476/39fe7da3ac4145b8a3fad7796f21b653.jpg
0476,./images/0476/e12ee48cd97542fc9dbc3d38e47e3736.jpg,./images/0476/8378014104114296983645af91506930.jpg
0477,./images/0477/840627a293bd4091a7a37983c4d5671f.jpg,./images/0477/619020090cc949139e99f7fbba7944d7.jpg
0477,./images/0477/ef253cdb403841dabd44a741122e8002.jpg,./images/0477/35649e0932924d6ea22a9e9116e11340.jpg
0477,./images/0477/80c845928bb242c5bfe2ed33665c782c.jpg,./images/0477/0ce067699db048b2850d869372ebef20.jpg
0477,./images/0477/292ae4d6f06e4acca6cc1c6e6185811f.jpg,./images/0477/6eb7a9d276384f88991bc74c259a82ba.jpg
0477,./images/0477/be78106bfee04093bf7c3de090fa3ca6.jpg,./images/0477/9488a0cab8e14bbd9aa4a24995402a29.jpg
0477,./images/0477/85a809add1fa4f97b943cd11ccd0b8e1.jpg,./images/0477/fd94b2315af141f9aabe91b9efcfe21b.jpg
0477,./images/0477/3d07ca9ed0d7497a8960048d7c60b02d.jpg,./images/0477/0427270b0e104458b7fe110415c6e67c.jpg
0477,./images/0477/e5e03eccb547480badc2cb08c36aabbd.jpg,./images/0477/9501663144f04175afa232b5e1ddfba8.jpg
0477,./images/0477/3bcdd143bf554d6eb04c225776ff639a.jpg,./images/0477/54ad145c512e498ba626df68133f4c6a.jpg
0477,./images/0477/822b2b5bd748475f885f1d44bd5ec7fe.jpg,./images/0477/6ace46f0b2f44a9d9bd7fffdb9bfe98f.jpg
0478,./images/0478/129e81fc09444ebeb0c877c001017255.jpg,./images/0478/918b97af79e14f7aab1a8e27b65d6fad.jpg
0478,./images/0478/8fd4401ff41c4a12bd82371f508eed35.jpg,./images/0478/55d87aa4144d4fda8ae9ecf391607953.jpg
0478,./images/0478/edc5ed8f264c4ee48a97800181cc32c8.jpg,./images/0478/619ddda1d59f4839a6c237aab815ea41.jpg
0478,./images/0478/05282e2105704c648550d154f787aeb5.jpg,./images/0478/e7fb7509ebd04531a28ab9f890fa0ff6.jpg
0478,./images/0478/48674dc6b38146008f0a0b061eb670ba.jpg,./images/0478/0ad2f9120afe4ef2903a846139d8aec9.jpg
0478,./images/0478/3c2c802b6ee745f69e9fffcd6d8367d8.jpg,./images/0478/4d18da49844940dd831e95bd63f1dd59.jpg
0478,./images/0478/4b2170d4be2a4b36aa22363bb92b52c5.jpg,./images/0478/e0bb338df1dd469cb79a9ea8ab4c1088.jpg
0478,./images/0478/cc7113b2286347fa837487c369f73cf9.jpg,./images/0478/985c4ccf1ded4a06bc1adbd91133e175.jpg
0478,./images/0478/de0643db69204d4387ad6f50c3693a05.jpg,./images/0478/3205fd3159184623a68c56928f59b13f.jpg
0478,./images/0478/2bc48a9eec604db7839f57b3fc46d565.jpg,./images/0478/9df7848efee9429690aabde1e2bc8463.jpg
0479,./images/0479/2624c5b8e4a3460385a8897671d03e41.jpg,./images/0479/552f724c493949b9a949d26a44603c7e.jpg
0479,./images/0479/da8ebb7667c449edac18d0e0cc4afbce.jpg,./images/0479/c6c2fff6d41546faa74cb8b13260537e.jpg
0479,./images/0479/09d09563fac442a4b8f8019443484f0d.jpg,./images/0479/b6fa5654e19d4c11b0e293429c5fc09a.jpg
0480,./images/0480/d8a92e41aa184ad29bf70bfa00792c82.jpg,./images/0480/5ea4b442775e426097ad19aeba23e159.jpg
0480,./images/0480/1d40567bca004a7a94527f40f90e8ad2.jpg,./images/0480/3a0996c257c04d4298b0482fabf9189d.jpg
0480,./images/0480/7c760bd4595c43e5870b7fc6bc1e6ee2.jpg,./images/0480/5b57ccb040f84c2e90f50e5ad6ec9c21.jpg
0480,./images/0480/ccd1ca441023452aab5ece058f85d569.jpg,./images/0480/2dbe67d167ae4e709b9cdb8b8d4b92f6.jpg
0480,./images/0480/a7f54771356b4f09bc3911f581cb493c.jpg,./images/0480/5227c2c3e4e548a4811594c326e14839.jpg
0480,./images/0480/33e226c04098491eafb0274d96c576e8.jpg,./images/0480/355d67c1ac9a4334b70541ac3bf9af8f.jpg
0480,./images/0480/f41f07730ffd40ea8ca0a377d01f5e7d.jpg,./images/0480/209abf5ad0564a85be3ce9be7d0b1b93.jpg
0480,./images/0480/f8913a8c06604ccdbcbbf08c90b9deae.jpg,./images/0480/f69dc23ebc784ec7a980173e11964862.jpg
0480,./images/0480/8364c8d1888c47638d1ece83e83eaefe.jpg,./images/0480/f268d5e8347f461389b352f685632a9c.jpg
0480,./images/0480/78879280a2894e46854d79f5a3adb3f6.jpg,./images/0480/0598412f867444e99a0c94a94299f10e.jpg
0481,./images/0481/54c1bb5c822c4e03bf2d0df07235a513.jpg,./images/0481/7409ceb5179646fca24d4a5438b6ee7f.jpg
0481,./images/0481/ee1c2950e3db4da0ab17da70cceadaac.jpg,./images/0481/c81ac16a8f7c48ed9b06f5a0e83192e1.jpg
0481,./images/0481/ca6c082148a3461b839adb3051ab6dd9.jpg,./images/0481/c50433d094704b9e95996d08e3d82df5.jpg
0481,./images/0481/1d1f94fd365c4996aea071273a71525e.jpg,./images/0481/51ddd261148c4aabbd26a0874c58bedc.jpg
0481,./images/0481/6e82facf2d8d4167b2d61ea5d952d605.jpg,./images/0481/f0415aeeea8a4dd4a90338e5e787bc05.jpg
0481,./images/0481/d299e9eab5b9422c8433c709fd4bc36c.jpg,./images/0481/4ec7642def5a46fa98d574be3895a67e.jpg
0481,./images/0481/983e8b989e864564a89f75622b000bd1.jpg,./images/0481/18d9f108c8464114b2fdfab25c09b7ef.jpg
0481,./images/0481/d061a41a5b1b402bb5d73cfa248bfbed.jpg,./images/0481/57f4b7a1332d480398420acff2683f04.jpg
0481,./images/0481/a31eb8a54cc94c7eaeff5b7b2e83b6ce.jpg,./images/0481/c168d34c85a0417c898105d524d38e95.jpg
0481,./images/0481/19a143278b67404da8ddfad44741b83e.jpg,./images/0481/0036de3180514bc5aa202b93b5598235.jpg
0482,./images/0482/c43089b6d6244b5b8400e5bdb79eec45.jpg,./images/0482/7261a67a8d6b48fab3e2b559ab474419.jpg
0482,./images/0482/081303ef467f4b7aad596091f6fbbda9.jpg,./images/0482/26d46bb286544b03aaba9338b0ada89d.jpg
0482,./images/0482/d407033d5a62426c9404558d1eaf5634.jpg,./images/0482/26517c2e43554b5eb3b74d6e662e3872.jpg
0482,./images/0482/62da22c683fe47b98623eecc9126dccb.jpg,./images/0482/153207c470ce4be6ac7993920a786228.jpg
0482,./images/0482/c6d688c98ba54bb0b94490281845b975.jpg,./images/0482/d0ef1971a870463490e33530bbf6936a.jpg
0482,./images/0482/4efc406f333b4d5c992f56b34c2e050e.jpg,./images/0482/ba79895e74ff410982e8d23d470f2e74.jpg
0482,./images/0482/6b25423623bf4da88040a9d4e6ffb1f7.jpg,./images/0482/7c0616f4a6e34935becd5305739a258e.jpg
0482,./images/0482/1c58be4dc2ed4b30954cff8de60bf703.jpg,./images/0482/a144584d0d8d4e60ad3fd78a9a4725fe.jpg
0482,./images/0482/90f07b7aa9f3412380e5d2532e2e5056.jpg,./images/0482/e888feb8aae6419682b8e7908077aabc.jpg
0482,./images/0482/655104b071fa4d14aa8a2313b5b43f7c.jpg,./images/0482/92b59e0ef74c4a8fa5921ec973a11055.jpg
0483,./images/0483/aba8d5d1e059452eaa1b76627ea6bb89.jpg,./images/0483/6acbbb5771e74348bf195359611fe88d.jpg
0483,./images/0483/78337ef0a8e542b6b328f15e0cb24bcc.jpg,./images/0483/a235da4a771d4833a1def59bbc3816d9.jpg
0483,./images/0483/e143be0f5c884e36b244e6deb486a3c8.jpg,./images/0483/30a7500bd65345ae959f701eff09b0c7.jpg
0483,./images/0483/df9c95ee8d434be5aad12bf1e1c498fe.jpg,./images/0483/142a2a618d5e49e58fda8484c12e098a.jpg
0483,./images/0483/38c8f63c46b44e82ba38428d1f9f50d1.jpg,./images/0483/dae0a4fa975748088b7b4f0d89f72705.jpg
0483,./images/0483/c7376edd721449eba86aae986e1113a4.jpg,./images/0483/2c808f7c17ea495f800b4a86411ab186.jpg
0483,./images/0483/2ed4b8778e31402d97e57114bd53f661.jpg,./images/0483/7b43606c06004c5aafe4418650f4cc00.jpg
0483,./images/0483/86cc1a8f6a3a40c8935bcf351ea377f9.jpg,./images/0483/210848dfe3104eea9f388972d6c5835f.jpg
0483,./images/0483/d3ce671d910d46489232b8a71e1eb7a7.jpg,./images/0483/fd3b78e18aa84918a7a09ae9374b3afd.jpg
0483,./images/0483/35edc794c0a441deacee48ddfd6894f1.jpg,./images/0483/7987689ac0da4f2ea4ecdb452a269c27.jpg
0484,./images/0484/51334d5057634d90b7f154e6bddac0a0.jpg,./images/0484/d41de664cbc64944b21682edebee23f8.jpg
0484,./images/0484/ac2a0643e1644960aab449230ed91038.jpg,./images/0484/e8affe44cf1f40298505d4b7ada1c1f9.jpg
0484,./images/0484/45d5fee52070492cbb11b318c1e36e77.jpg,./images/0484/a812349dd5f64fc6a595ca80e4e32bf0.jpg
0484,./images/0484/2c24e64574c4412db32705746c638d94.jpg,./images/0484/3e889d2e9bbc46908f72705a61f99ab4.jpg
0484,./images/0484/ac9501e14594456d8890c8179ee769c7.jpg,./images/0484/22bd6da6e0fd44c99651d8531b6d6715.jpg
0484,./images/0484/c923143cb1f04d19be69d78c97912d65.jpg,./images/0484/90cc6e220a7344c9bb3c06476a8a63bd.jpg
0484,./images/0484/36940d887f924c79bb435cf672095054.jpg,./images/0484/62080e7bdd494fb38230a6ccf7d5c9a4.jpg
0484,./images/0484/525995822daa4057b058c127e1b40953.jpg,./images/0484/f1274a241a584740894e92f47a01f8af.jpg
0484,./images/0484/be6753235d714b6f9981e63bce679a6b.jpg,./images/0484/764fabe368044f0fbc87fcf5b4c0f50b.jpg
0484,./images/0484/20e9f54211b24b0fbd6dd4db862e2356.jpg,./images/0484/0baa1ea81bc349c685fabc8aa1d8662e.jpg
0485,./images/0485/c9a2962a2bd54b41ace7d8f5409e2eef.jpg,./images/0485/3ea359d4570e4b0882ab357fd3e318ad.jpg
0485,./images/0485/35494ffff7184da082afd3d390074dff.jpg,./images/0485/cada4e69d9ca44ed923e347a596182c5.jpg
0485,./images/0485/442704460bae42bda2ca350b08ef72fc.jpg,./images/0485/468f9db026e34996a63b9e964c2b9a8b.jpg
0485,./images/0485/305a9f07f5e84dbc937f902965a47992.jpg,./images/0485/8f8e528ceb854e4a9834bd80de9388b1.jpg
0485,./images/0485/1480e51e0f2e4c9f85c1530d7ce2a683.jpg,./images/0485/65ee162cf6a3486181976a8dbe552204.jpg
0485,./images/0485/5a55386a50414c3290d3fa8cb2ba44b7.jpg,./images/0485/ac8abf1ab3e94341a7c3817acb0a9975.jpg
0485,./images/0485/ad194a9f80d942d39f436c5fcdbc9cbb.jpg,./images/0485/a85d2722bc3242298d0653961958b776.jpg
0485,./images/0485/d0f672e5b37647589da9f80f187bd288.jpg,./images/0485/9bad8c7793dc4f7a846b022de0c18c86.jpg
0485,./images/0485/3775e629e31a4430b1f39ca6f53a015e.jpg,./images/0485/e184355a17004eeeaadc895c81d2c9a1.jpg
0485,./images/0485/a28d4d66c525481dbfbfa005f8d32301.jpg,./images/0485/e8b51bab0e5e4320b8c3f91897fb0305.jpg
0486,./images/0486/04665a5fe52d46d496307d75292f3494.jpg,./images/0486/1e49472e63ab47ee9124508d2047d2d6.jpg
0486,./images/0486/01cb2544722f4d7d8b462a97ec674b73.jpg,./images/0486/d5a4110d63bd4a5fbb73ec06328eea94.jpg
0486,./images/0486/cdbc085ec411444296d2af4f25c972c3.jpg,./images/0486/9db9cc3c5fee4f379e94c41fad4cd681.jpg
0486,./images/0486/d411c0632ee04f5099d71ec4bbde1ca9.jpg,./images/0486/7cf2700252754c9887d63b1c000c0699.jpg
0486,./images/0486/9fd25f6d36944d7b91602d18b15f41f9.jpg,./images/0486/55862170e25847efa75c647df67dbab9.jpg
0486,./images/0486/3c71b439548846e0a090675f3c7b9072.jpg,./images/0486/4221fe6a695a4783ae21ccb3dc04fdc1.jpg
0486,./images/0486/3717401d94e848008edc80eb905446b3.jpg,./images/0486/f624236e66fb4841b18c017566aa491b.jpg
0486,./images/0486/695f921c41554a63930146b4a077e1c8.jpg,./images/0486/aa02c5064bc24a73a1ca3bf6c858e75d.jpg
0486,./images/0486/33b4f3933fec46cdae164cec7a0e3641.jpg,./images/0486/f555b238c9dd400da332c7ffe352133b.jpg
0486,./images/0486/ad548aecc5164ddcb8e0fa4047aeb045.jpg,./images/0486/81f532cee2f34b1b8146570600019af7.jpg
0487,./images/0487/addca64f18f1461c9852216ca208c8dc.jpg,./images/0487/f7623853f6be46929f20b7f7664f91e4.jpg
0487,./images/0487/1b6e656dd342487387819885215b83be.jpg,./images/0487/45f03b8c0fef42599230a236e2877001.jpg
0487,./images/0487/107cd50e03fb450dbbd31135eb315ad6.jpg,./images/0487/c992d1afcbbd469abc0b4070ed667568.jpg
0487,./images/0487/023f4eef657c4de58fb0b3f988f07e9b.jpg,./images/0487/4e6ff07b65f54b91b923a4e0fa4a9a2a.jpg
0487,./images/0487/d5eb415c840a4f86a8d4ccfb35661d7d.jpg,./images/0487/af83cc91726947bebb4a119d357a9a7c.jpg
0487,./images/0487/6b1f71d6111144e18b41cd2e3a2c49b3.jpg,./images/0487/2a223c4a139f400dbc0760d159bb3fb7.jpg
0487,./images/0487/9547c2df43594f97aca67d89f52a9d5f.jpg,./images/0487/63b5dea9011b4e308bc7dbf2e7cc1497.jpg
0487,./images/0487/ba66970dd23a4b199ca106ecbe895757.jpg,./images/0487/b2c7cf6a7e914bda97ac80e20b5f2112.jpg
0487,./images/0487/9fe15cbf054d40709eb7683f20319f12.jpg,./images/0487/a8516e1605a8471e93f2a3e512096f4b.jpg
0487,./images/0487/7075676c07e14ddcb691d6e0066a5e24.jpg,./images/0487/ca70f02d93804da2bb10d411df279ee3.jpg
0488,./images/0488/bac6a0ccc9044455a4db5d7731e0e0a5.jpg,./images/0488/45b907cac38d49de961003e019d598b1.jpg
0488,./images/0488/d19585db624f43e7846ef8070a495b63.jpg,./images/0488/ac8353a938884c0fac4612d842ecb188.jpg
0488,./images/0488/d8fa902f5e3a45558a160c3f9a19a1c5.jpg,./images/0488/a4cde12b1ab04f5687ba13a80b76386a.jpg
0488,./images/0488/ae9c8170e0e14c34a1a2c2ea9b785817.jpg,./images/0488/4dd3f172750a459fb6c0b806872d6930.jpg
0488,./images/0488/de319d4c9719479580292c2f1fa7244f.jpg,./images/0488/dabec3dff96c47e0b0e33b5521ed0cb3.jpg
0488,./images/0488/23182133f5b34912840e54c92f30af4d.jpg,./images/0488/ddde59442ba349eaab5ea4bed8cec396.jpg
0488,./images/0488/2c8f7b64e81445fe9726927bbdbf3765.jpg,./images/0488/13950458ca9949ccbf6c40d57ddfb0d9.jpg
0488,./images/0488/2efeea9970c441c7bdcbb94b73e868fc.jpg,./images/0488/58a2819b6f4a4b9ba56377fb0241b099.jpg
0488,./images/0488/642dc6ca059a4fec95b445bb25a34bfb.jpg,./images/0488/eff7c473265a4087b6c9527a204960b7.jpg
0488,./images/0488/1a4c72b48f8442e5a0f8221266931ec4.jpg,./images/0488/09a47bf0d80a45b9af9eee00549d15bb.jpg
0489,./images/0489/5f2a6f0f76394f6da1e4253b6de65ff5.jpg,./images/0489/248ef42192b044b882a11613c772bb49.jpg
0489,./images/0489/41f67776a69745cd92cc003819e1743b.jpg,./images/0489/00c0f68a64cb40e4ba5d9977c15cd947.jpg
0489,./images/0489/ce26026506a243e0a55a7cc019cebad5.jpg,./images/0489/b110fb9585b94e1691116963fde8e6f2.jpg
0489,./images/0489/35b535d76cdd4992b0121712b3dc7060.jpg,./images/0489/b2ead6ea3a83477aaf9d2d43022ad121.jpg
0489,./images/0489/39c8186abf554d368d52837f4df999d8.jpg,./images/0489/13ebeeddd9cc48eeb9ffd257f9e768d9.jpg
0489,./images/0489/c5c397833d9744b893b07e31d6228f60.jpg,./images/0489/49f05a9ff8d044dc8d62e09cd7223332.jpg
0489,./images/0489/c74df9ec128d47a9a2af527e4223b7a8.jpg,./images/0489/6e3d1417e5bb495f8597f92f05d83d16.jpg
0489,./images/0489/f55a0643404a4d9f9d1f0c58606eaedf.jpg,./images/0489/d6d6f96abfdb41f8a01f5955ed763a5b.jpg
0489,./images/0489/b9566722461e435d9eb7c1cf89b45bb9.jpg,./images/0489/d5279f39d83d47d0b2424bf00d92d9fd.jpg
0489,./images/0489/7b415f5373fc489ca8dcdb63a9b0c81e.jpg,./images/0489/22e4c54d48aa45629bb1bbb5cc7d20f0.jpg
0490,./images/0490/c00118e01c504682ad682c5200f85358.jpg,./images/0490/adfa4d2016f04d6b81e164859e6ffdbe.jpg
0490,./images/0490/ea2a5d60e5be4747bf3c87981191dbf2.jpg,./images/0490/83430d75b8a143f3977f5a08035e78e8.jpg
0490,./images/0490/89bffce3ff2449fcb3e8b2616b01b913.jpg,./images/0490/6121a5534cd8464c8f34688ed243a7c5.jpg
0490,./images/0490/83000a3198df4112a66b3b50e2031c32.jpg,./images/0490/509f5dcf72ff4745b78af146922e742f.jpg
0490,./images/0490/93b83ecc648349f68a10f6b1cc3d937a.jpg,./images/0490/b4e07893f56649d9ba846a8fa400a123.jpg
0490,./images/0490/58a4555fa9134006b050b990c4a7518a.jpg,./images/0490/46d9b3bdc8924f78925cbb78f9e33633.jpg
0490,./images/0490/49cb20fcd4a54dc1896b2c64a4b7fa4c.jpg,./images/0490/6c7abf004e1c498abab8288a73d7f64c.jpg
0490,./images/0490/9eb31942e769420f89be1cd51f5b2596.jpg,./images/0490/954a4ae3118d4345b39cfabf699bc62a.jpg
0490,./images/0490/82bdfafa940045dab6be967e564a938a.jpg,./images/0490/12897d4770414c45891187970d65f9a1.jpg
0490,./images/0490/109071406ce949a7abfff91ba592cb3a.jpg,./images/0490/bbc61c30a6bb4d298afc8619e02a79e7.jpg
0491,./images/0491/c1fecb7b884e4891bc84266111e6124b.jpg,./images/0491/92de12e287cc4d3597702b1b5534d242.jpg
0491,./images/0491/f814a574f2b94ab0a4d543f495ea166d.jpg,./images/0491/a83e3e0e98cd45148e98c36349a5f46a.jpg
0491,./images/0491/3d03549c9ba14a9ca9242313c05b90e9.jpg,./images/0491/bd5dcbb1a0a048a5ae1bcd5998ff58c5.jpg
0491,./images/0491/b92b9209325b42c1b6f24f18ae3def91.jpg,./images/0491/82f9c18856fc4869a5385c3933338cf0.jpg
0491,./images/0491/78fdb80483664439aef58033651b8d3a.jpg,./images/0491/95dbeeeefdd54bbb9e00b83c30207fde.jpg
0491,./images/0491/9753c167e71d410eadfc35905ef77f98.jpg,./images/0491/ae4499e3facd4a15bf781516cafa21e6.jpg
0491,./images/0491/1be888620457420aa6740631c31139c9.jpg,./images/0491/c229f9ab547041938c14d2fd8f69f852.jpg
0491,./images/0491/cbf995486500404dbb37861e53bbe74f.jpg,./images/0491/3696c35c177c4cbca8becbafcc00d722.jpg
0491,./images/0491/9450aba7e90c4f5a9404d9b822af8360.jpg,./images/0491/b341ff72a4114289b2cd724ec40dfd23.jpg
0491,./images/0491/9ae4b1b0b204443f853a607859ac9657.jpg,./images/0491/42b49d6f6a29410dab4a7e178dbe5023.jpg
0492,./images/0492/ac8630e2c38549039d4b5bb53abc72ce.jpg,./images/0492/f1c8ac8d3cfc453393fbebd16acff075.jpg
0492,./images/0492/ca92573a97e14b25aa1e87973f2517a2.jpg,./images/0492/ed72f18886024e559c8ba989df6dbd8c.jpg
0492,./images/0492/6c232829e42f4a4f8706d70f638dad10.jpg,./images/0492/d8a505f85d64451e839b272ed612e612.jpg
0492,./images/0492/d0c8d8d564844c90bb0ba14b20930eff.jpg,./images/0492/5c37ed9354e04249857fee84880d90ac.jpg
0492,./images/0492/aff567de563b4f8ab9f2b700e3bffeb9.jpg,./images/0492/f4f26238fab84337a5e3746dad90e46e.jpg
0492,./images/0492/f9a422b50fb54a0cb48bf92094686150.jpg,./images/0492/0d7694f162364497904004db21c434d9.jpg
0492,./images/0492/07610118e40544ef9df6807cb114e9b0.jpg,./images/0492/4be0e0f047864668bcc29cb978261f6d.jpg
0492,./images/0492/f1f9ae3d4dbd442eb80d939c2f1ea9dc.jpg,./images/0492/8fce1032b7e14f0b8391edab67aa6771.jpg
0492,./images/0492/0a9f9f5777f24058a2ac6b8a6530a285.jpg,./images/0492/56b75a6f4d474a20b612408f964058fa.jpg
0492,./images/0492/00c884aa1dc84702a0d84f5f0a34b216.jpg,./images/0492/0526dd93510847b68176e0c9b2b7ff7b.jpg
0493,./images/0493/b48942a84ce04979b563f1e562e70694.jpg,./images/0493/c45b9486bcd3441ea2df453dce995129.jpg
0493,./images/0493/5711a5cc980b43559cde8986cfdeb994.jpg,./images/0493/dc274e68e56e4a4da994ab44bf9a7b3c.jpg
0493,./images/0493/7d1cb28eb65542609f0a8672c6d335a8.jpg,./images/0493/2d3db3b481da45b4abec5c6eefb9c8fc.jpg
0493,./images/0493/6d2a270153024cd5b25ca9b28f5120c4.jpg,./images/0493/61cb176ed1914ea094686c5e409fa7bc.jpg
0494,./images/0494/8f11d3efb0664f078d6e9d6768964d7d.jpg,./images/0494/81f5a91f29964fb09c0ae3066eedb034.jpg
0494,./images/0494/a1fe8786d42b47afbf223d930fd26106.jpg,./images/0494/ad6c6a46be9b459a982ee25c64c17965.jpg
0494,./images/0494/91fa47f4adcf4770a42db5753cf40314.jpg,./images/0494/824e433829484dfaa9b538cff4cf9544.jpg
0494,./images/0494/b625cfd06f764935b6bf2a9007cdebe6.jpg,./images/0494/97581722253c4469bfe15cd3a57344a6.jpg
0494,./images/0494/59b4e6e865594a6ba4192e393c477a79.jpg,./images/0494/c7b8e02628f2420288d7d68e0d956ccc.jpg
0494,./images/0494/851f47e1ea344ee59aabfbbe37a420bc.jpg,./images/0494/098e6d64d2cd4f5a89587495aca05694.jpg
0494,./images/0494/8306df0861654546b0350bd0b2a7687d.jpg,./images/0494/272996467d3341849444baa348eb4f36.jpg
0494,./images/0494/b27c6288ac574b919afbf2a5c27798a8.jpg,./images/0494/816d26dc1e824b6aa89caafa95bfec86.jpg
0494,./images/0494/75070629a4434c83b2827234a796861c.jpg,./images/0494/2a41d793579d4c5a866e49b80eb87c11.jpg
0494,./images/0494/29f095d85be845eeb4524ca89732154d.jpg,./images/0494/74d6bec6736e4d14ae8d66363884af12.jpg
0494,./images/0494/21c18d09cad449d89b29e1d959dc92e8.jpg,./images/0494/8e31054ad15a47b4a769171326a4988e.jpg
0495,./images/0495/b2cf57a69de541ffb237a6e411a39453.jpg,./images/0495/a4a6d49ad39b45e29431b8c8b986eb50.jpg
0495,./images/0495/f1ef714ff827492fa28e7070084eb7d3.jpg,./images/0495/03126240f9974b259e1c0bc142af7edc.jpg
0495,./images/0495/5a1a13abfdad42b4a065874002240cf5.jpg,./images/0495/72f24863841e40e9958c29b94fda1733.jpg
0495,./images/0495/f7807531c9e248628349d4f06b099684.jpg,./images/0495/a72f96a4bc4f4f13ab140295bd9628d3.jpg
0495,./images/0495/20b834fb3a554bad89aefee3cfd92077.jpg,./images/0495/d62b385b3f4d4d67add7e3007eb22901.jpg
0495,./images/0495/8d016c7d88604830961f783155ffdf5d.jpg,./images/0495/6901ff501078480c9c9c7505d21c835b.jpg
0495,./images/0495/3ad69681ec694a0ea3fd45f473335c49.jpg,./images/0495/3d51619fae054ef6af3f3e74cbb72407.jpg
0495,./images/0495/27feddb08d564d5ea4b77a67d4520ed5.jpg,./images/0495/4a77cc5ac9e14a3db44be681b74834f5.jpg
0495,./images/0495/d88227e06abe4f0aaf5bafabb040df99.jpg,./images/0495/96958dd3810740f09c7961e509676f41.jpg
0495,./images/0495/38c7f3e845ec4079a401795c3ca3e503.jpg,./images/0495/e47baadd45a74afb903a95fc52c9a504.jpg
0496,./images/0496/8557ccd9010f4284932471354fdf377d.jpg,./images/0496/15122b54f03b41de8cf53ab4695a2a77.jpg
0496,./images/0496/5fda2191640e473bb42d176dc54c5316.jpg,./images/0496/ac2fbd5193714f919c5009e82a7aff85.jpg
0496,./images/0496/296aa32e391640af91402f5d25f257fc.jpg,./images/0496/3e51e312810442a094027daa6a86367f.jpg
0496,./images/0496/be50aaa7d2f64c0abfc73b3f4b8a6e04.jpg,./images/0496/7f8aac717429489b918ed6028a07b3d8.jpg
0496,./images/0496/9b538e4f14274c33880639193762ef6a.jpg,./images/0496/77af3bd7b13d44a892103958854bac0e.jpg
0496,./images/0496/bccfbdeccb8e4778b0b9ab1ac883b544.jpg,./images/0496/33b81f175fe1492e9332f21188951dbd.jpg
0496,./images/0496/9809fbb530ca4bee8130ef35e24f18bd.jpg,./images/0496/7da9a14c54f24f85ba3334155e3250eb.jpg
0496,./images/0496/c2051a6b4f994edca3c3c20cb5d5a278.jpg,./images/0496/e576099d58a844cf95a8aafd87faf85d.jpg
0496,./images/0496/81205d97cf734860a3b765969a85b736.jpg,./images/0496/09c145f7856545ce9b4db13d54ce28e6.jpg
0496,./images/0496/928bf2edfbe74174b590827d5ed090f1.jpg,./images/0496/17fedc1b3ea54321ad8c262c3d04cfe9.jpg
0497,./images/0497/67872a5c2ba54942b815c5f6032c065d.jpg,./images/0497/0f85136da6ba4300aaf415a47b56b272.jpg
0497,./images/0497/68123d6abe71404fbda46b516e12c6f3.jpg,./images/0497/05ef241134f2443187b3b993d7700692.jpg
0497,./images/0497/6def0d3275be49a0ace87a03a958a8b0.jpg,./images/0497/5e506a9386324d39aca8764d333532fb.jpg
0497,./images/0497/ca8a171b93384cf5a8c738dfabc9cb86.jpg,./images/0497/a66b8487b5e14956af9db1ccfa92543d.jpg
0497,./images/0497/a12918dc8ba54c508410de9749571a9e.jpg,./images/0497/d424bfd8f4a04237996b2c05d6db27cb.jpg
0497,./images/0497/82696d789fdd43c0b9fd41c3c3ab27a9.jpg,./images/0497/76b779a2a56d46c3bf62de8cbf7298d3.jpg
0497,./images/0497/9e338c9d0fb1420fbb76d77f9510b10b.jpg,./images/0497/3629170c3d6b44dbbe610f46007a4523.jpg
0497,./images/0497/d5f3a4f9dde5494ba13a9d7892ee3a79.jpg,./images/0497/e2c506b4b9524d199c0c015bbe949d69.jpg
0497,./images/0497/b515f9fcae8c44b7b5648793ec0f7265.jpg,./images/0497/a3c33307ca7b45d8a051ce59d479037e.jpg
0497,./images/0497/5b29ba0d87f947b6a179f3902c9d9082.jpg,./images/0497/2e30243ce82a4e71a3fe337f1c3d7549.jpg
0498,./images/0498/26172a8c3e1040969683e5e98d5a92ff.jpg,./images/0498/8d8f063a8b39436da3a9ba809327944e.jpg
0498,./images/0498/5c9e4a3210eb4deeaa02675e6bd41b4e.jpg,./images/0498/d669e4cfd7974a6a8f4c3caa2ae7af41.jpg
0498,./images/0498/fd2ff09bd21f4649b85013eb904d1dfc.jpg,./images/0498/e643dece6bfb4813822b53e325d9e005.jpg
0498,./images/0498/02f1d25cc24740ecb98ab264a7191b8e.jpg,./images/0498/006d15d8b0de4c2292fec80e94829e8c.jpg
0498,./images/0498/ce556e324ed94b928da207e8a87b6260.jpg,./images/0498/7ea941a76af74e0d8186c7e73d419d6c.jpg
0498,./images/0498/2bb8754551294ede9ba34e63f5d8b97d.jpg,./images/0498/b1b01fbe850c46098aecbf1996d090c5.jpg
0498,./images/0498/d4ce6fff2584449c8f4412ff2f368bc2.jpg,./images/0498/33198bbb63a34507855f391c69b72326.jpg
0498,./images/0498/40f477f9d3e74b1ab5b54700a0c9b2c2.jpg,./images/0498/5c94556a041b4824b6cd73b7c050ce79.jpg
0498,./images/0498/383391898ec34c8c9bb1179902d18666.jpg,./images/0498/6ad2322e48634657a3b518889b329a84.jpg
0498,./images/0498/41281548de034253a5787488671c43b1.jpg,./images/0498/8532043a00a943fab28e9e5c40acf019.jpg
0499,./images/0499/dfe69897d88a4bf6a14e6ec4e0b99208.jpg,./images/0499/f9e3d0c92793450db966dfd3f2c9c0b2.jpg
0499,./images/0499/802b8080a0e14f02b237cec1da524ff8.jpg,./images/0499/d2d2b7b00b364abe9d53bc63a4dbbd52.jpg
0499,./images/0499/cd2e12f19bcf4069ac7f876debbb7a8e.jpg,./images/0499/b0eb5a1500124122bda40e2ebf5aaca7.jpg
0499,./images/0499/6307f91e9ec54c53881a614fddab524c.jpg,./images/0499/7a5e9737e73a4e5bb6ed2ba90ea29b6f.jpg
0499,./images/0499/8e8b6f3a169c44a99c22da2136d738e5.jpg,./images/0499/8b96e09bfc8443dab5e0128320cef04e.jpg
0499,./images/0499/9f507878b1ac4dac9db86b879416d487.jpg,./images/0499/a64b836111514271a40ac01a42c02517.jpg
0499,./images/0499/306b29720a0a4f2e98ce2026250b3622.jpg,./images/0499/d0f4cce787ba408faa5c1d71fc439935.jpg
0499,./images/0499/6d4d8c8f52434d54bf3976258b4c5289.jpg,./images/0499/98fb1e7d4cc34bedb742c357f35e3941.jpg
0499,./images/0499/b8094fbac66b4fa3be32c265dc1141dc.jpg,./images/0499/9d2b121c3f184908b1d8da6c9a5b515f.jpg
0499,./images/0499/3852fc064be546c99cc381879ae11b37.jpg,./images/0499/6033b45208484f11ab2e563e5455215d.jpg
0500,./images/0500/7f8fb86f7caf46cb83af07fb708e956b.jpg,./images/0500/57c0c1457f514f78b155d1a4d0a9ba9a.jpg
0500,./images/0500/faea2cb7bb744bc287a3d5fb782b8504.jpg,./images/0500/b4284949f1444437807a3a54331a067f.jpg
0500,./images/0500/df73de0a8b6a45e2a80f1b768c5b7c78.jpg,./images/0500/de807da0018c485498955d4eacc21caa.jpg
0500,./images/0500/b8727fdcd23b4a9cb26979fcca8c7d5e.jpg,./images/0500/fac63d8a8bab429c98c774eccb14d80f.jpg
0500,./images/0500/4b1b801cd45a4b4ba1475ddd834549a0.jpg,./images/0500/b3b79ad2c9b8436aa30b437076b27191.jpg
0500,./images/0500/b6a8837db5cd4e71ae5b2cf2bff2cfb2.jpg,./images/0500/d0bbd6eb188941b8a8f175306e2d290f.jpg
0500,./images/0500/544c60e331b14b50a921160f3b7503f7.jpg,./images/0500/db5f5154130b4e28897d6e3edb1f228e.jpg
0500,./images/0500/1a4e290c0c824e889537043e8e705e72.jpg,./images/0500/34e0b386f277422383b8e7771b5bcf13.jpg
0500,./images/0500/25ad15b77cee445eb8a05309a384509b.jpg,./images/0500/20c2057464bb471a9cb12f7711f785d5.jpg
0500,./images/0500/b7437ad3c2c947eabe1bf8d93fb50a33.jpg,./images/0500/6ed6572138bc401eab92054e541c9501.jpg
0501,./images/0501/bb0d0ee3f1314ab8b4bf706721f90edb.jpg,./images/0501/882d8c8a358845778cbffaaec9ecf4c3.jpg
0501,./images/0501/77853732a6ae42f6a411c05e7dafa6b0.jpg,./images/0501/ea049b944ce04a4886520d3cf700f8b5.jpg
0501,./images/0501/056eab3a0efc417db42ccbd798846c2b.jpg,./images/0501/7bbdf7d72c9f47a5b71e883d611a9096.jpg
0501,./images/0501/a5e99f3063eb4d519bd96b5714fa009e.jpg,./images/0501/1686c8d827224c91baf8193ea48504a7.jpg
0501,./images/0501/1d06f5e4d07c485ba9abbd1ccfc8ed28.jpg,./images/0501/b9f9bffecb58415e8f39ed8211fb7bc2.jpg
0501,./images/0501/17bd96f895aa4187800212aa66793df7.jpg,./images/0501/ae022924c00644e6816784ac1a9cc715.jpg
0501,./images/0501/5ab895c163e24f66a8647c141c55e387.jpg,./images/0501/4f819013a4d248debaf820149d28fcb7.jpg
0501,./images/0501/b0a3952b618445a09ab5ad3512503619.jpg,./images/0501/888ca3a2662940fe8959d6b4f6927bab.jpg
0501,./images/0501/9bf3108290504200a897c7b512cdf7ae.jpg,./images/0501/e99a308a204844af8c3b5fddd4d30af5.jpg
0501,./images/0501/4b4d61577b364ab3b4009ab5d6e3059f.jpg,./images/0501/863c333e318143f5b229bf5beb37144f.jpg
0502,./images/0502/25c09c2e276e43f9b5fa53030b6078da.jpg,./images/0502/be16cbbde72b49a98837e9de9d735e71.jpg
0502,./images/0502/c449a6b860b848ab90cb92d4b4a39e8f.jpg,./images/0502/d3be32f5bb074d48a240b96b9abc179e.jpg
0502,./images/0502/6576f387bb5c4f46be33453899708732.jpg,./images/0502/8667204267104df396ac11e0d3a99d91.jpg
0502,./images/0502/98d508a34fb64d23b7ce24fc1d77be01.jpg,./images/0502/bea05e33dad64875b8dfa8e100eca584.jpg
0502,./images/0502/97eb9dade17e429caf41ebe058854580.jpg,./images/0502/92abe2e9c29944f3919c4c7e2b9e13d9.jpg
0502,./images/0502/a21f5199cc194727979af4878fd14fd0.jpg,./images/0502/5a4697d9ffb24032b16c0758e0803d9f.jpg
0502,./images/0502/953915e4ff994557bb17e407b06eec25.jpg,./images/0502/1e52e25b41ba4f5e9eb376d362d470ac.jpg
0502,./images/0502/857a768df3394750bb645d980beb7eb8.jpg,./images/0502/2281a46da3bd4c589ed11bbf5eae8b6d.jpg
0502,./images/0502/2c9b4c1ca5c34882b7658dc330ccee57.jpg,./images/0502/3a0b73e111ea4f98880471bed4248f7a.jpg
0502,./images/0502/766e5f75c8534c4882ae9f46d435353a.jpg,./images/0502/091f66fbccb54b12820d1ce87abfdfcf.jpg
0503,./images/0503/568958604d604602b10ec49bc6e0840d.jpg,./images/0503/6e1b7cc2599542f7b2290a0477c20944.jpg
0503,./images/0503/df62769e7f624927ab5d49a0665ccdc3.jpg,./images/0503/6fe8d35f871c48069b76204f240cd105.jpg
0503,./images/0503/0ed6e56004254c75ba4605ea8e256d50.jpg,./images/0503/d694cc29177a468190ff24e80d3cf349.jpg
0503,./images/0503/e66b8ad73dc04264b28061a6552632c9.jpg,./images/0503/6feadf4b247f4b3199cd15a42ce1a157.jpg
0503,./images/0503/cb7a0f4adf6943c0bd127b4c12f53d22.jpg,./images/0503/311a6f04fd87485a9390f08367457d07.jpg
0503,./images/0503/bf1583a7a2fb4841ab0c3cbbbe1f1563.jpg,./images/0503/1d4dc00d57bb41cdbf1bc2eb11f52996.jpg
0503,./images/0503/320ec42c6ccc477cbea3d5237fe016ac.jpg,./images/0503/d7be87e4eae748149c41f202bfec2f39.jpg
0503,./images/0503/a25277f15a3f45d59ac7935ce8732e38.jpg,./images/0503/3f350962ec304e8e94c92cb31fe747ae.jpg
0503,./images/0503/ab4f3eb2f08544fc92fac5bccd95bb53.jpg,./images/0503/e2f14c726f7b42eea5b44fd79da16c97.jpg
0503,./images/0503/cc3c3227c4db45df9b075e1738283c92.jpg,./images/0503/aa3a30c7a90b4289af75bf5bf4c1a30f.jpg
0504,./images/0504/a8c5bf8a0b70469290afae01cb42b29b.jpg,./images/0504/dee4f948be324d43b4904a27d81c87f0.jpg
0504,./images/0504/99a83eca39654737a14c68839281ec0a.jpg,./images/0504/90aa1194ca2e41b7a2c6ee53abf8f37b.jpg
0504,./images/0504/57dee803b7024e42922dce823a42b2ca.jpg,./images/0504/fbe32447d3904f25980b4800fa53b22b.jpg
0504,./images/0504/b51f3d896d76478495a6a07d018eb55a.jpg,./images/0504/a5bb88935111421aa321d31519e74dd0.jpg
0504,./images/0504/123151d3eee2411bad762d9884d1c40b.jpg,./images/0504/d696134a00c14023af5bef7796958b44.jpg
0504,./images/0504/711271dc101e47dab07e88e0d3d9b6c4.jpg,./images/0504/ec157cd60f93454ab10d1e34a6fc1ac7.jpg
0504,./images/0504/d2e6079b56de450fa52ae8267f5d5ef0.jpg,./images/0504/7285da4db7864997a764d6f9b6ab2ec5.jpg
0504,./images/0504/8f805627de2f48bba1a813aa1d012eef.jpg,./images/0504/07418438ab1b40378b7d8b5ff84bbafd.jpg
0504,./images/0504/c9ccd33324794c3cb8659eb349fff208.jpg,./images/0504/3e46c797ee0541da8c73717f93b0a8c7.jpg
0504,./images/0504/903d95df55a5469c828b8eb0d5535aff.jpg,./images/0504/b5d91263623141d8bdc261677ea396d3.jpg
0505,./images/0505/93515010383849fe86d88dce5bdbaaec.jpg,./images/0505/ab58158ab2974996808b00facc0c1785.jpg
0505,./images/0505/dccc4676008a415eb448e253a10df52c.jpg,./images/0505/891f97ccd66a459e9099c98de55f9e76.jpg
0505,./images/0505/fe83383d4e0b46ddaad92ac18176c63b.jpg,./images/0505/0e6b1d765ccd49d0840a8ffc307ad3f3.jpg
0505,./images/0505/c24c5f81c5144c2ab3b65e59f5b5873e.jpg,./images/0505/70b3d0bcb90e4ee49351ff9d23546081.jpg
0505,./images/0505/cc5febfb24d54642885f0088979706bc.jpg,./images/0505/8528f0e18c0545b090f05c6d7148a112.jpg
0505,./images/0505/e9e2cb5cd520408182d72a88060695a8.jpg,./images/0505/37c611acc9c84910890784afe58b74d6.jpg
0505,./images/0505/6696d914d06e4050b38cf31387456ccd.jpg,./images/0505/54136cf223a548a4aa16d7b20ef4bfc1.jpg
0505,./images/0505/ac0d5de7588f4b0cbfccaf2504a785ec.jpg,./images/0505/ed2dfe2917e8426391e3748bcbe86577.jpg
0505,./images/0505/9ffd7ca45fb84288b585609834c717cb.jpg,./images/0505/852a886392ce435f922177f56549800b.jpg
0505,./images/0505/936aac7afd69479c931a12a3ee418a99.jpg,./images/0505/38530005492e4dccb8e44c755ffa8d93.jpg
0506,./images/0506/8f6848a5856744c9b1498b7f654bb8ed.jpg,./images/0506/e59c9e2afb324d86bbe0c289aa9812e7.jpg
0506,./images/0506/ccbd4d03762c405587c314650d60e516.jpg,./images/0506/61f79923d5a440c99d764e7d3c882e68.jpg
0506,./images/0506/dd28d14414434a4aba8139141016e334.jpg,./images/0506/0050c61fd1fa4618873a9884abf8d734.jpg
0506,./images/0506/b7c0252156c94f55898292fddf292f0b.jpg,./images/0506/ee7512afaa25481d811925ba6b4fc590.jpg
0506,./images/0506/56ab532b153843749110cfb0cbe7272c.jpg,./images/0506/769368a2b8404cd7afc3aad2b04db211.jpg
0506,./images/0506/ad9a5c2646ce45e5b08767f6d36dbb6f.jpg,./images/0506/77a275818d864b1f851630f9c7cfe406.jpg
0506,./images/0506/8a0748ca5c4e4c968afc2aac34f7fe62.jpg,./images/0506/2e1cceaead244717a5c3d55da7e61c4c.jpg
0506,./images/0506/13c2f342220c4cd1836a736aaa6d0fd6.jpg,./images/0506/63c4e9d79a5c4c29a63e7dcc3279a424.jpg
0506,./images/0506/aa287b40698f4d8e99f4bc57a9829766.jpg,./images/0506/7df9d22c6d0f46b786394b3b1978416b.jpg
0506,./images/0506/e93a09d9b05d4487bd416bef18cabf72.jpg,./images/0506/37abc8f8bb3543d3bddbdd9ad908dee6.jpg
0507,./images/0507/5d253caa751f4fbc8e7d06d5c2f918a1.jpg,./images/0507/62dec7a7db0b483c8b01798b15a4955d.jpg
0507,./images/0507/43e2292337eb4e8eadddaa71b7a24fb7.jpg,./images/0507/330376b3ceea454397b49b210bb1e330.jpg
0507,./images/0507/ce2bc5b765c54e07975656f7b3d188be.jpg,./images/0507/8b8bdf99bc1a44a784b6974fb7903d3f.jpg
0507,./images/0507/0894d2bbf4e941b89f8b040662476e55.jpg,./images/0507/3e2977cef7c84bf0b6b876b267e3f0ea.jpg
0507,./images/0507/9b91171fab1c45549cf95b0feaa2898d.jpg,./images/0507/ed44d4f57a584396a063cad750aa7040.jpg
0507,./images/0507/00f1c11e0641405baac9680413d5bf23.jpg,./images/0507/52e44ece6b1a49a089b4835750562e76.jpg
0507,./images/0507/e86f27bfa7474c6dbcc6800ccdb7788f.jpg,./images/0507/4ae3678ec1d8442bb15df01e8039a77a.jpg
0507,./images/0507/ce98b8407f9246d0b8c28c19ab01e85f.jpg,./images/0507/9dbff882ed654286b98e602d2292ba49.jpg
0507,./images/0507/1f1d9f03ce624713b3e96342ecb0d38d.jpg,./images/0507/2374129c69b0402b98cdb10c116d8e92.jpg
0507,./images/0507/b26c743816f8434f9885fd0d0fe6b456.jpg,./images/0507/2fb3ecfe72374ac8a158b597a90873a9.jpg
0508,./images/0508/6d0d7d1a00a7421bb456f13741f29f4e.jpg,./images/0508/aa86720ea1204e11b0af8565c6b05591.jpg
0508,./images/0508/18341954bbc043bab0da103636ec371b.jpg,./images/0508/7ae2c455c8004a93b8c14403d1700b54.jpg
0508,./images/0508/cf34d3d88cf5431e94f8e716d15eaa5e.jpg,./images/0508/a3a7adc8e7184eaf9df5e7e184630476.jpg
0508,./images/0508/56290de78f4346029872a387a1a30e3d.jpg,./images/0508/68a6b5adb2b244d38f1f56053eaa4d41.jpg
0508,./images/0508/125a74a850694bd0958ac55894d39cfa.jpg,./images/0508/7655c9b91c1d4b2a81c60aeacc6dcc32.jpg
0508,./images/0508/aa71c07a92c345ac991a8f7a5a655a86.jpg,./images/0508/bb8b2f40541a436882a8c0f3acbded6c.jpg
0508,./images/0508/ffc9256d28fd425fb971cf1119c48aa1.jpg,./images/0508/a443fc1c113d423aacb262755ccaca31.jpg
0508,./images/0508/b1fdaa4238bf431da14c029cd43b9887.jpg,./images/0508/07fc906b44d046c6bde4ba90d7aef34a.jpg
0508,./images/0508/69b2e888fb7243298fa286374d760afe.jpg,./images/0508/75010ff764fe4a4482012d678fa3970c.jpg
0508,./images/0508/9ea8a1d0d1d942fbbd3883ef683f704d.jpg,./images/0508/980aa12308ac42b38371b80f5a6adfb8.jpg
0509,./images/0509/7c79f369e4d247b5980d2915934458b1.jpg,./images/0509/4a603fe641b5497ca8ff27c6b71c247f.jpg
0509,./images/0509/bc8d90f7afa34d2db679c4669b749e3d.jpg,./images/0509/19bb1d5e3fcb4da9a7c991b845adbf3a.jpg
0509,./images/0509/6d3e098144ce4226ac42bac5b02824c8.jpg,./images/0509/34be34c354a44fd494c11a16fcdd80b4.jpg
0509,./images/0509/7ad364ee476e4071a54563a92206568b.jpg,./images/0509/34b32c9ae98f4d86acfcc49c17359b07.jpg
0509,./images/0509/10265fa8e48843cf8e71768c0ca60e10.jpg,./images/0509/b5338c13c3114054937ba078fef799b9.jpg
0509,./images/0509/4b5663bc0b474a8596649267cc47ff83.jpg,./images/0509/9080201219454b278818163588a20930.jpg
0509,./images/0509/37a42f3d4357424a9c6c7d4c14b5e3a2.jpg,./images/0509/36c713f3492649b08ab2d1c2f4b47f62.jpg
0509,./images/0509/6750c3f1badb4f3ea34f59dd9abb2ebb.jpg,./images/0509/fe7c387e33174ff6b48dea0793eabe9d.jpg
0509,./images/0509/36777582489945e289bc60798e8ea06c.jpg,./images/0509/b19dc8c087b24994b54d8f820c89d612.jpg
0509,./images/0509/f119e85e7c63455492d17b51cac9d981.jpg,./images/0509/86b603f942b54490bc5cd973e0c5e5e4.jpg
0510,./images/0510/720051db39484ef1872198a3c366a7da.jpg,./images/0510/906684afeb44444bb747b2756e7f3fa1.jpg
0510,./images/0510/ef2a961e47654ba0b247bf219ffff9bf.jpg,./images/0510/8c6f03657f0d4c2ea20787e98b24ca63.jpg
0510,./images/0510/a9d7e8a75de6442184ea669b3177fa35.jpg,./images/0510/053e393373ed476585c3d8569b97dccf.jpg
0510,./images/0510/97d42d00db6949558d18ce5f31303482.jpg,./images/0510/88fb2d15d06c4d13a795fa0701f5500a.jpg
0510,./images/0510/3f943ae2a87648ccb7b37ec8621fbf66.jpg,./images/0510/18fdba17c4934718b796c23f3a831a1c.jpg
0510,./images/0510/6f6b622867b841219ed8c0b063774c02.jpg,./images/0510/cfbf5e13e6ca4c019d506303914d038f.jpg
0510,./images/0510/137d594147f54705af37a490e0272b60.jpg,./images/0510/06af190826554d6e82ff00528317545d.jpg
0510,./images/0510/70924e7756c943e79d510901b865f58b.jpg,./images/0510/5cdf8fe9f94d4ac4bd9a8205434cd0f5.jpg
0510,./images/0510/dc63dcd3138244dfba8e05f3165fffd3.jpg,./images/0510/718593d68bdf4686b662fd42b4d10282.jpg
0510,./images/0510/0d89aec9061246a5a10deae8d2d1b91e.jpg,./images/0510/5ebf4d5845e6402093fdcc5520f9249d.jpg
0511,./images/0511/bc3c97974ab74d45954df3469e62bce7.jpg,./images/0511/badd3f4cc55c4ffa8b47de065d420de5.jpg
0511,./images/0511/a70e2950076c442795c33a3fcb9595bf.jpg,./images/0511/e917c55777b745eababe7456c2f34460.jpg
0511,./images/0511/a79281962bbc4f64a6cbe3f1b705df49.jpg,./images/0511/017c12bd64454715981216a2ff0debf0.jpg
0511,./images/0511/ea89750f99d84dee8957c8e8f3d9c601.jpg,./images/0511/180674f93f5f4387a2dd106cddf44f17.jpg
0511,./images/0511/1af301e808be435390ca13f35e3d737b.jpg,./images/0511/f5b61f41fb8f46448555fc3e11e227bb.jpg
0511,./images/0511/fb5411215c1540e6b144d4bbf8ef204b.jpg,./images/0511/8c8231c1fe7f42bca23e4a168370b472.jpg
0511,./images/0511/0f3e5a5125a844d4b1b5f29c9be49789.jpg,./images/0511/87782d0cd6924e57ae114a951d81d1f9.jpg
0511,./images/0511/3ec9ad5816c44e9790a525c02ea1c26c.jpg,./images/0511/46c11ec2581b4e0983843242a2105f92.jpg
0511,./images/0511/473fa52295584acc9839412f238f6687.jpg,./images/0511/00874293f6c34c6ea61308bd13b39982.jpg
0511,./images/0511/861ce5bc95124c43b2d5aae58cdb2604.jpg,./images/0511/ab440db7de6c415db74ebca868050b27.jpg
0512,./images/0512/9dc22bb33a17491ab354c75616b0d983.jpg,./images/0512/502df26b5f7241ba9c0f8d38efa7a3f4.jpg
0512,./images/0512/8d2dc127437a4352a1affab3fb495023.jpg,./images/0512/94fca52919c046229d516c5ee7e5bc1e.jpg
0512,./images/0512/969508940f67483a9377ae7fe5912916.jpg,./images/0512/76aa17839ae24081b3c5f8384e3d9f84.jpg
0512,./images/0512/4f43b85886b945a2b06a61c79848b394.jpg,./images/0512/c7e7814d5c3542c5a7cf832723d6316b.jpg
0512,./images/0512/8cc2bef45d9a4d628811e3d76e960233.jpg,./images/0512/8d269b75ae364566b600f4b43ca8f569.jpg
0512,./images/0512/bedfcf735c674823a0603b1c84a0a375.jpg,./images/0512/205f9b3691d348e2995111028f277181.jpg
0512,./images/0512/153bfca8a99c4fd38b6fa15b019b6b8a.jpg,./images/0512/0ddbc5b722ff4dc88e6804ba0162f067.jpg
0512,./images/0512/c341e1f691874be79e41700fc98ad9e2.jpg,./images/0512/f538d270e04f4604886a80e546c8052b.jpg
0512,./images/0512/da3cfcd81605408895c10736da27feea.jpg,./images/0512/f5ca2f2892ae4be8bf2de13db65f61a3.jpg
0512,./images/0512/139a372898f7495bb074db136bdbb5da.jpg,./images/0512/43c63ffbe7d14645a7f5b5d67a8497db.jpg
0513,./images/0513/59e547236ca94e689b931589e1ab6b16.jpg,./images/0513/6bfd83ba1bf946bcbe1eb8ed7cf52c65.jpg
0513,./images/0513/94f5886bc7b943ac8279f531c2784088.jpg,./images/0513/60f776ea799b4f16888b3596d28b6ef8.jpg
0513,./images/0513/a2ae62088ad443faad304e2acb6357c9.jpg,./images/0513/894315d7059d48ec9b9a5c099fe8ed02.jpg
0513,./images/0513/701e36f028b145228e573d8b8efbd721.jpg,./images/0513/b9f8d89841a549a5aa476a9e252d4cec.jpg
0513,./images/0513/ccef4162034446448a2e6d07bd479faf.jpg,./images/0513/d940d5cf160d4c28b812ad18bb1e5e4c.jpg
0513,./images/0513/96a870215f3148dba7bd8784b4092632.jpg,./images/0513/cde98d5525e54c8d9f3bb6bc44ffd8ca.jpg
0513,./images/0513/673e5df5d8ed4cd49d0ee9b44176b217.jpg,./images/0513/bd880d1817794032ba9b5f2b22c9de38.jpg
0513,./images/0513/711baa90a4c54412a3c8c5a0858d1b9b.jpg,./images/0513/8901de9417524075af4163c36d4ef1ea.jpg
0513,./images/0513/6734b7a6f2d44bbf99bb25bc77e66cc5.jpg,./images/0513/f24f5e6152494871952df1f05d345490.jpg
0513,./images/0513/d37f4af5f45542c89b65f864fb43b254.jpg,./images/0513/208f71b90181475c942dbb826bc3bb3e.jpg
0514,./images/0514/06a4220d27b64b6094dd043dbc035fcd.jpg,./images/0514/7cfea266b84b4944b3c6da32e79f35d3.jpg
0514,./images/0514/4ebe625bd31147bd8efd4c21def29ec9.jpg,./images/0514/a3bafee75b284d90963480941dd6832b.jpg
0514,./images/0514/bd3afeefb5044eb6a29354e0f86f4e7f.jpg,./images/0514/a87dbc64c72f4f06a3eb1e26285e9157.jpg
0514,./images/0514/1fe7f479ae1445a088ef6f147e8c5658.jpg,./images/0514/1c6cae69d1a841d38a8f7e348e30235b.jpg
0514,./images/0514/a73ff9c2ee9d4c44bfd95ac8443cff37.jpg,./images/0514/41b21ad5fbd0493e923e27c3dc698b6d.jpg
0514,./images/0514/887ae8b1c0354c8d95638ad922454ece.jpg,./images/0514/1c873bed8dad4cd0ad6adf90938c0a24.jpg
0514,./images/0514/ee364eb8074f4038ad7f3e633a5268c5.jpg,./images/0514/d4f5b6006a8c4dfb8301c3733b592820.jpg
0514,./images/0514/e101d036b7eb49e7b1bd78454c6e475f.jpg,./images/0514/a246685700324d928a7ff529deb18ff6.jpg
0514,./images/0514/adad8ce5c9104667a607c5b7fd9ad2e1.jpg,./images/0514/c61a558cc7ca4903860e8ab1fd95c60e.jpg
0514,./images/0514/455c14a973da4498b94d70083fd73472.jpg,./images/0514/013de732becb4a889439c0520990aed6.jpg
0515,./images/0515/f3097eb43855430fbd897fa8e7451518.jpg,./images/0515/b7e92e26e2d843c6ab10974b050774bf.jpg
0515,./images/0515/db64e371a99c4d3189f708c1221ec6bb.jpg,./images/0515/c49b8493a7274f06bcdf3ee0e2837092.jpg
0515,./images/0515/29576958c2b44f3bba1f9765f346b018.jpg,./images/0515/ac70c978adbc440cb8b5ac897e44c8e0.jpg
0515,./images/0515/59ead4dce01e4850914c6e92d17ae95b.jpg,./images/0515/7759f6de6cd141348d9e2d1abbfd3f31.jpg
0515,./images/0515/1ddfa9946f3046eeab68826d12fcac49.jpg,./images/0515/afc8335fa710446ebcc88d680c461207.jpg
0515,./images/0515/5d0f5a3dd0a04af78fe66152124501bc.jpg,./images/0515/0fb37d6770624689b37400200db69046.jpg
0515,./images/0515/c4812067d81f4e658aad931d32743cd1.jpg,./images/0515/0cb7adb944864e63b03cca902d5684ac.jpg
0515,./images/0515/488e353b30654e0d86cb42dfc2b88902.jpg,./images/0515/5d0743bd6f4448839d5ffe8d32e5d36b.jpg
0515,./images/0515/e2f0e5db0f3a489ebee6c7f036e80bec.jpg,./images/0515/c89266db115f46de9efbb5721aa148ce.jpg
0515,./images/0515/1a23e50dbef04875af94bf8d34cf641f.jpg,./images/0515/350236399b424a1483894369f52c22fd.jpg
0516,./images/0516/41274371329a4fd0a4f706d677b4f086.jpg,./images/0516/a80011765a9249a5aac9ce68e2d007cd.jpg
0516,./images/0516/eff122a322ab4658a849bf234aefed21.jpg,./images/0516/9aa7d97525eb4009af4e7566501160a8.jpg
0516,./images/0516/a8cfbaca469b44419812f4ea81369a74.jpg,./images/0516/39ec2fcb66a44587a0650546c0806542.jpg
0516,./images/0516/55cb7f9a771d4e1e806591f8a018869c.jpg,./images/0516/92630e53b0df4b56bc48952cea6d1cf1.jpg
0516,./images/0516/417e3bb441484502abfa4931bbe53455.jpg,./images/0516/ba4f15b96f594ef4a3f739e0af5c6686.jpg
0516,./images/0516/d1af612ec76347bf9bb84b77bee1dbf4.jpg,./images/0516/25bf543f4390490da78280b139d40f10.jpg
0516,./images/0516/b560cd85dd5d4166a456b903a8ce7d50.jpg,./images/0516/ba93deae2c434aac9b48ef941b428d35.jpg
0516,./images/0516/aa55ee58fdf44761ad48cf74211564fe.jpg,./images/0516/ba133f8c803a4efb81fdfda6284f69bb.jpg
0516,./images/0516/3ad020437fd540c5a37fe273b0701a76.jpg,./images/0516/fdcd58a9afab463bad467f7e05dd87f7.jpg
0516,./images/0516/22739f9036e14869902e425348250106.jpg,./images/0516/a41d6b1eee2f41288ea5d5bfd7edc102.jpg
0517,./images/0517/4e51c58d33ac473f9e7dfdd98343ce80.jpg,./images/0517/85b690d0f231445e9dde8a24017c3867.jpg
0517,./images/0517/3146bfdd63b940aebd6c904b2210e53a.jpg,./images/0517/1d61cbd6d8fb4ce6a87e169545d74562.jpg
0517,./images/0517/53ae3c13faf84b6eaf8c305f4410b8a5.jpg,./images/0517/75189e8f9efd4b728243b67c2693c6ca.jpg
0517,./images/0517/dc264f4f818f4c828211213a40281f4f.jpg,./images/0517/b1b019e949fb4180a09464cc9f35a49e.jpg
0517,./images/0517/2670eb481e92486a9f91460754dd122c.jpg,./images/0517/18e6b7a690774668b5fd43aa1c3443e8.jpg
0517,./images/0517/007497dd5bb5475483eab628695d7df4.jpg,./images/0517/8ad09e574e8e4024b8444adc895c5af7.jpg
0517,./images/0517/9af92ee9edfd4cf3bf3ec7fda6dd3dbe.jpg,./images/0517/c1635c6d053349418310450356ba8a78.jpg
0517,./images/0517/78902b2423b442cbb51c1826bda495c6.jpg,./images/0517/ba055b598020470ebe3fbccbb7639663.jpg
0517,./images/0517/68f2a145d45747369dc9a5087b249282.jpg,./images/0517/d3f1e8d1929448cc86c3118f8c531344.jpg
0517,./images/0517/34c811d311a145b3bcc0db5da8fa0d76.jpg,./images/0517/c2fb19a6f0bc458e8b50bb9932d24073.jpg
0518,./images/0518/522ea3c72bca4d768042a34f95043739.jpg,./images/0518/a3d12316fd5c43ea97bd78fc59d7eec2.jpg
0518,./images/0518/1466de42ab774d13b3e2b3f01419202a.jpg,./images/0518/16d2d3c385c94c1886b47b456c5dbe42.jpg
0518,./images/0518/1963b9f157514e0c87fe5217f7c0bde8.jpg,./images/0518/88a821d7d0194753a79e0867728be290.jpg
0518,./images/0518/7c37e2089e2e414999c2a83e64c345f1.jpg,./images/0518/274a67e4b05149b1abdd3dd0df160b70.jpg
0518,./images/0518/3ec434211a364c688fd15a25de8e4b08.jpg,./images/0518/855a194ccb2b48ba898ebb39f4bfebee.jpg
0518,./images/0518/d49e6b0a20a446009ba8a1e66c067e00.jpg,./images/0518/d4af23cacede4e74a269e7d669d8e4d0.jpg
0518,./images/0518/1c2ace1883e84cf987a94aed307c3ea8.jpg,./images/0518/57e874dbedf6401b9ae2d93ab8ad876c.jpg
0518,./images/0518/7d3fc3b6421445388f811f2efc2f3083.jpg,./images/0518/7acee93516f8402b97b94767629af695.jpg
0518,./images/0518/591f583d9667446391625bda5fa19178.jpg,./images/0518/c584d43c80574a59954afb7d5646e98b.jpg
0518,./images/0518/2b0cce89cdbb42a4a9caeb253e1035aa.jpg,./images/0518/fa03f384c27f4bf589dd6e0b172f8aaa.jpg
0519,./images/0519/eb8ef3126106480e8835333df4d7ad7d.jpg,./images/0519/bb9dfd87a7814369bc8bd5f4aece66b4.jpg
0519,./images/0519/cc6d049a803a4d09ab07f0a8b01cec99.jpg,./images/0519/6c34b6bef04847eba93be092676e376f.jpg
0519,./images/0519/7018748909844a9c84d5c26ecb86b728.jpg,./images/0519/6550750f852848dcbe8ee40b00b42fb0.jpg
0519,./images/0519/ad2e5a8c41c74cd8ad66b27b707f1d81.jpg,./images/0519/7f5b6b2f6e6a4ce787228493d4d3acaf.jpg
0519,./images/0519/cccd025e8231486dac6ce60dc07d92f4.jpg,./images/0519/e283b6885f8045c88d0f2c5a140db450.jpg
0519,./images/0519/52f93f7058ed45ecbf1487a0938995b3.jpg,./images/0519/80f63ceaa3ec4f15a88114b08ede72df.jpg
0519,./images/0519/e51b23770b5b462785e00c0821e56199.jpg,./images/0519/8d1162fcbb424153ad3f9a6952b2b879.jpg
0519,./images/0519/12b7cc8b24b744329b0cfc32c302a4b8.jpg,./images/0519/81fd6b2adbd64e6bb1bc7a73855393fe.jpg
0519,./images/0519/4278146d5320407b849f1c92cad4990d.jpg,./images/0519/ce983bafda3d4619ae5b60bb8bf8331e.jpg
0519,./images/0519/4a39bd1265914369922975d01e1ea6f6.jpg,./images/0519/baa2d1ff9f0a4ea4974e0ff60056d4ca.jpg
0520,./images/0520/e958fe1b5a1b4dc0bfdea7d4433cf6cc.jpg,./images/0520/fad1114e40a04329a16e208cda317e25.jpg
0520,./images/0520/9f186c0e37e14ae4a3efa2b473f7328e.jpg,./images/0520/db936f123e624f4d86d5af3f3f593a12.jpg
0520,./images/0520/344fe8f25142493e924a35592fc4cc24.jpg,./images/0520/ec7852335859416cb5ca8d119894d6c9.jpg
0520,./images/0520/caae82d8766c445fa3ed0751a711637d.jpg,./images/0520/67f6a4505cea49f5a5ead81192906016.jpg
0520,./images/0520/ab706bf8e83f4d21a7284b0b02d80d18.jpg,./images/0520/519a52ddb5814409ad105ff2912d06ca.jpg
0520,./images/0520/4ecb89dfab264aa7bd360133c1c83ee8.jpg,./images/0520/ff44aaa3bea048f7be93145c7a9fa5ad.jpg
0520,./images/0520/a8726dc6fe54492d802ee7bb3ac76fd5.jpg,./images/0520/6d7c19f947e54ff495c4730745e4c655.jpg
0520,./images/0520/c1e9c2ec604244bf969eb8b5f440d308.jpg,./images/0520/8b944fb372f24161a0cba36586c3ebad.jpg
0520,./images/0520/6da888893d1043b4bfad634214129bda.jpg,./images/0520/d90b3e0d847e45e5a7f92d507ca476b4.jpg
0520,./images/0520/bd1b8e7fbc2945d89452a24c3506cb45.jpg,./images/0520/9f98d5199db642c6830e8570e74a238c.jpg
0521,./images/0521/d66a729b4149459f8abf296dafeb4500.jpg,./images/0521/a6900bb696e84571885e741af3ae7381.jpg
0521,./images/0521/668f14f0b843449789ee738c889e02e9.jpg,./images/0521/ff088c77131d4ec5a107894abb89b11f.jpg
0521,./images/0521/b4115997c229423f872998df3edbaa4a.jpg,./images/0521/f28ebc96f53d4f27ac95c85cabdfa91e.jpg
0521,./images/0521/a827d6fa127f4e73a00fa520ca0c0934.jpg,./images/0521/3bfffb923c0348c3a6ff04afe5609e69.jpg
0521,./images/0521/37f524873be242a486010cde504688e4.jpg,./images/0521/0ff5d705c57a446a80fdaa2494a8458e.jpg
0521,./images/0521/6242dfc976264a419047cd8da8a8989d.jpg,./images/0521/a375964ba40d4ca890becf26b3472fda.jpg
0521,./images/0521/f87a6913fecd4b95a52ef6c394588c50.jpg,./images/0521/99c0ffd8eaaa43a5a10ba7151c8a5a92.jpg
0521,./images/0521/e8686fa144544a9ba49fd606579100ad.jpg,./images/0521/60098e325fa24ebd8601b8166730cf12.jpg
0521,./images/0521/01b00733a2e4416cbfd766e601caa606.jpg,./images/0521/fa5c093f53c44a14a4158976f42bcf19.jpg
0521,./images/0521/5ccde9c01c03418c83b8348b63e0368a.jpg,./images/0521/cb880af7c33a428a838af90f00744ca6.jpg
0522,./images/0522/f256f5b413484b91afd0af8482baf328.jpg,./images/0522/9058cff9297642f7b3f05c76182f082c.jpg
0522,./images/0522/8b67b812c43b4715b537e8f119d54673.jpg,./images/0522/53cb9287161b42749db4bc8f36b20fb1.jpg
0522,./images/0522/5c8ebeec35f74e60aebb0f68e5316d21.jpg,./images/0522/765cd8bcf86a406caa77fb3dd219a39c.jpg
0522,./images/0522/9d1ef9f43f294b149643e2d4ee3316cf.jpg,./images/0522/03dccdb0d824464eb3916f456cf064c5.jpg
0522,./images/0522/13c4372b18384c5586aaaeb41a77c0dd.jpg,./images/0522/36e8f3700b7c4b38a478ab46613edcb5.jpg
0522,./images/0522/c181db439795424da963ce199389688d.jpg,./images/0522/571867f11b8242f29e8f1665bc0461b1.jpg
0522,./images/0522/1615a4505f564cbabb6181f1ea491c87.jpg,./images/0522/ce0c5919787a4260962773bf67ad3a5d.jpg
0522,./images/0522/236ad5930e904ca58802972e99769ce6.jpg,./images/0522/038c61b86f5043da9035682fbbf1d56b.jpg
0522,./images/0522/ec0b67ffd36f4f9bbf82496c9a861891.jpg,./images/0522/080cc363f7804655bdc0f70d846966d7.jpg
0522,./images/0522/836cc0846efc47e1a8f36ee3fc297b6a.jpg,./images/0522/94253d39aa0c4a7298a41df27f5e725a.jpg
0524,./images/0524/99f8762405bd4f68bfda46613ca44ccb.jpg,./images/0524/74801c9980c543b38592cbf5cb2cc77c.jpg
0524,./images/0524/b62353c13ff0442b83718c9863eeeed6.jpg,./images/0524/4cf891954adf447ea11d13f98105db48.jpg
0524,./images/0524/478c39b261ab4f25b8d4f4973e3ea69a.jpg,./images/0524/18640473c7264e35bf460fb25216e374.jpg
0524,./images/0524/1ee019bef86449f8805f10dbbff4e4bf.jpg,./images/0524/bacde6744df44cf5b9f7e6d5943ad716.jpg
0524,./images/0524/cd830173752e433489ba548490dd0c6e.jpg,./images/0524/1638863a2b094ba98282fff2a655cd46.jpg
0524,./images/0524/cea350244afe408a991a56b254d6802d.jpg,./images/0524/b6210dbac8f54cea857504799195a359.jpg
0524,./images/0524/e787102a9dbd4b51b14113ae75057b30.jpg,./images/0524/d26a2d9f97384c9f82323f46507bdcac.jpg
0524,./images/0524/c4584dfc304546a4b7f8db281d6c745d.jpg,./images/0524/8dc90e770c3d4a13b222bfcee857e30d.jpg
0524,./images/0524/48379df10903406eac3139d57139ef9c.jpg,./images/0524/b10446b9da274aaf8ad46db872f572de.jpg
0524,./images/0524/eaf75ad2702a45888d4de9c7d07d5817.jpg,./images/0524/d0f1cae0c323423cb421c5d884b5b0f7.jpg
0525,./images/0525/06e5021ca51e46929fa868bc405dde97.jpg,./images/0525/3fdc37cc1fa84712a1bec98cec2e923f.jpg
0525,./images/0525/38a1f273f46a437e8deb00af626b0eaa.jpg,./images/0525/41db2582f52b4dc497e7cc801009431b.jpg
0525,./images/0525/e9ff7e505b5b4ea68f972cbeb3437263.jpg,./images/0525/dba7e0224c544a09b8adf0c64c1c270d.jpg
0525,./images/0525/5346cb9d02fe4ae3892f121d0fd7039c.jpg,./images/0525/f1e09d3f17d34aff9b2a31fc5f08db5e.jpg
0525,./images/0525/ddf5f6bb803b404381b25dbf0c42689e.jpg,./images/0525/b5f32490f5264a3fa47087654f24544e.jpg
0525,./images/0525/460536b0c5184eacad6693b3f40b74c6.jpg,./images/0525/7d04deb39ad24110a544e5eacce61735.jpg
0525,./images/0525/de644dcfe5fc4788bef94de1b25f1c76.jpg,./images/0525/318ad96e78484fc0840c92e38bc3aad5.jpg
0525,./images/0525/3fdd549c486b41b891f90ee14faf3fa8.jpg,./images/0525/469b3b9fa9664816b489e9f47a99f42e.jpg
0525,./images/0525/f1db3116d31c4b57bdad10e834c6d119.jpg,./images/0525/ac12b5e73f30483cb8f2a0a197fd1f43.jpg
0525,./images/0525/86fb5f3601e04357b57e3507c69e693b.jpg,./images/0525/82ef7f8fa0f24281957c35dd516d53cb.jpg
0526,./images/0526/4bf344b7652a4d829fbd3cb9b71ed54f.jpg,./images/0526/49e8f86f970b4a2cb57ca8a5d83fbcf8.jpg
0526,./images/0526/2532aa07b75548e29ea8a92a64d81d00.jpg,./images/0526/2be453391b7a48498f1e138ca953e080.jpg
0526,./images/0526/9068bc4da3c1481db2535ed4fd92dff8.jpg,./images/0526/155ae6ce504c45f48c8dd0f1d038bde3.jpg
0526,./images/0526/52733a2bc3e84db4bdda30b60ffc136a.jpg,./images/0526/d6c91c0d06a740f1b8f1c71c82394c64.jpg
0526,./images/0526/0d7dcc4202084d1194c73e008048dfda.jpg,./images/0526/f8ccd3035bc24be4abb5398c09c6be2e.jpg
0526,./images/0526/40d9fe368ad94d619e2363b8a8ed818f.jpg,./images/0526/6d07e717d44f4c658af2bf5da48258ef.jpg
0526,./images/0526/cb12edcb562b4b77b5ee06c639c17a37.jpg,./images/0526/4aafc29824154731a1a2343a75db99bc.jpg
0526,./images/0526/c5b6e8eafbd8440eb415331bdc9b35ec.jpg,./images/0526/ad1b658e75b94a4fa0d550795e9a3b87.jpg
0526,./images/0526/97ddc18fbaf648859a9917a8fa16d1b3.jpg,./images/0526/dd46bc27a90f42f588b29dad10abe9dd.jpg
0526,./images/0526/48b17a4a3a08497881e22f0c79915f3e.jpg,./images/0526/ef0e6675d1e7496181c59d35ac1116dd.jpg
0527,./images/0527/2dd04e8fc04946a2b43279c38ddd4ac9.jpg,./images/0527/967f01672d854452a57cb601ecd21663.jpg
0527,./images/0527/89ab5a03af0c4c6d9513f44fdf422657.jpg,./images/0527/6583d7d2ef774fe48b567020ffecdcd4.jpg
0527,./images/0527/10499592300b451bbb2018528940ea47.jpg,./images/0527/fff0b2c35ab34c64b160a77398fe5a46.jpg
0527,./images/0527/7d17bc5f66314c15a6619ee10d7dc888.jpg,./images/0527/2f5174c2c9e34c01a8fa39598af276b0.jpg
0527,./images/0527/29064889b792467c8ff27fb530856157.jpg,./images/0527/3c29e021833c4540ad73ad6f8ccc44c8.jpg
0527,./images/0527/c42d1368980f44afacdc696e1743c4b0.jpg,./images/0527/49d473e8358147f1afb3a4eda9bb01f3.jpg
0527,./images/0527/2746c0c729e3448e814285a8cf5b3258.jpg,./images/0527/f61eaef74c2b4b70a56a05ac847d354c.jpg
0527,./images/0527/4c211eef67c44a45b29d60fbc3da2bdb.jpg,./images/0527/e15ae7767d9b4ccb900bea13d8a69609.jpg
0527,./images/0527/7dbda8c7d2d14cf48c9f0d27c132bd8b.jpg,./images/0527/d5810498ff35435bbec110ce1561ce09.jpg
0527,./images/0527/e0baf8a7163a454d9bba33024ec33c50.jpg,./images/0527/72ed0eabb23a42c48755508413ca0892.jpg
0528,./images/0528/f81e2d4fedd74f76be13ba9b6fa54480.jpg,./images/0528/afb9a2864b4b41f4aa4a41f4a63ad7f7.jpg
0528,./images/0528/06d301a445f94bc1b33a4410f5bd68f0.jpg,./images/0528/617d78eb38b94e89b82bb1d568f24ccb.jpg
0528,./images/0528/e668464ae4eb40fea659acd0b520c27c.jpg,./images/0528/b1548dcd24ef4bbcaa90bd2c8b6d5576.jpg
0528,./images/0528/df35fd115ef645c78f2781d98df8de3a.jpg,./images/0528/6277bcb406864e7eb1bf04b34f1a179c.jpg
0528,./images/0528/00975e7fbacf4dbab03b691c15db577c.jpg,./images/0528/507966bd28824a968b75d1f771b61f78.jpg
0528,./images/0528/d7046832f01a4af4ab8d90373d6acda2.jpg,./images/0528/a64c5747d484494ca626ca7c2d9fce4d.jpg
0528,./images/0528/e5776cf36dfe4494bcb9f1f673203326.jpg,./images/0528/857293aefeb14819b0ce0cc4475e9849.jpg
0528,./images/0528/4247cb1b1c9c47579b22f07e1837b869.jpg,./images/0528/ae3bb48bb6004d189a0948583888c7d4.jpg
0528,./images/0528/7855a4c3aac143a48dd1670758bde958.jpg,./images/0528/880869d3a2a54283a0638029dc8a52c0.jpg
0528,./images/0528/874155350cb24752ad68a7fb5d4bcad5.jpg,./images/0528/d8adf8091b2744bba2de0891ec89b8c4.jpg
0529,./images/0529/0a77115889c24fc3ad42a95ff15917d9.jpg,./images/0529/c80fd58d800b4a1790325a3e9617ae2b.jpg
0529,./images/0529/15e6f06e3f7145db89bdffb2f5ab8542.jpg,./images/0529/8bda72749e994d319d30e0dcd175a53e.jpg
0529,./images/0529/0a527971f99540b383fb7e0e010473cc.jpg,./images/0529/ccd8de99901e44e79dc2497f5cab0313.jpg
0529,./images/0529/d5bd14c7a7e84cc3820e362bfd8ccb61.jpg,./images/0529/ffd04d1d9ed64e26989173282f922d4d.jpg
0529,./images/0529/566b1ca2afc64db995a3a96d0c097d72.jpg,./images/0529/5e4d41c8789e4b4cb9e4f1cfd839d32c.jpg
0529,./images/0529/d2b50ed76db64102950d3c0700ddc8eb.jpg,./images/0529/c509f126e1d84f29957d0959cd63e9c0.jpg
0529,./images/0529/c2a8ac72c01e4988aafe90847aeb7493.jpg,./images/0529/33c7c30338e44d1392322d7b6e09696c.jpg
0529,./images/0529/c5c8bebb99fe47be865c1d6f77934269.jpg,./images/0529/ef6f209bf81a409abf833440e5d32f61.jpg
0529,./images/0529/3fc6c1470b13449c8dc23b55cf82dcc8.jpg,./images/0529/1f8323d8e3ba46ee88755dfcebba46d0.jpg
0529,./images/0529/d5c6ce2ca1b947c3b96f19e2613e2214.jpg,./images/0529/b31a685629a146d1b5143719d072f4b0.jpg
0530,./images/0530/76079f18aa404e3c98ec4869a80b29e5.jpg,./images/0530/60a8e9a4b88e4a38807442bf2b154d82.jpg
0530,./images/0530/a671a89124874c21946f8ad4239e3317.jpg,./images/0530/742ad367e8184b41a140d3170770b0bf.jpg
0530,./images/0530/f00ff762e440478b8a65e8723e8c2e26.jpg,./images/0530/53efc88d86094c4d8d0dfda15c4de015.jpg
0530,./images/0530/73b55825f56849c591feece9c66ea474.jpg,./images/0530/0b73e9e337c5486daa9cd57c3625b724.jpg
0530,./images/0530/930c06f0341d40aea9158d47254993b4.jpg,./images/0530/dc093c8e2be7434e875f10a930d3cefe.jpg
0530,./images/0530/1065a9bfa38c44b8968888aaf7a636a7.jpg,./images/0530/87e37c2a1cfb40ebbeb920dcc98435f6.jpg
0530,./images/0530/878dbc4b840f475a994131da1d5173dd.jpg,./images/0530/9e725fc1b776412fbb99f98bb2c11a63.jpg
0530,./images/0530/a91358baed42492abb7dd4b5ef09369a.jpg,./images/0530/62da06615b44444590cd57b0379c84a3.jpg
0530,./images/0530/c7fb41f07adc4f10b4775c32a9e2371c.jpg,./images/0530/765e3494bd0141abbd1b3edb27c83574.jpg
0530,./images/0530/c2e774615678466e9c848e2384322750.jpg,./images/0530/7610d387511c4dd58e39f93d7e5bb366.jpg
0531,./images/0531/a3b2ebbeba704d49a01970e38880df83.jpg,./images/0531/0e72174e4b6743768f8ad2801ab26c0e.jpg
0531,./images/0531/349436ccbeac4da3bf6532ff66fb5f2a.jpg,./images/0531/3f1e509493704c408c746c2456ffdba3.jpg
0531,./images/0531/61f12dae765349bf97d49a5f7e1a2559.jpg,./images/0531/b443650a89474204b5326bd746fd8f6f.jpg
0531,./images/0531/7d6d5f4e42bb434b90b93bc13b7e59b7.jpg,./images/0531/d2bcd4808bbb43d8ad9450c073ec6f8e.jpg
0531,./images/0531/e4545581daa246b891234f1a570e6198.jpg,./images/0531/abcd44b775194023ae281787128befb5.jpg
0531,./images/0531/7515158be559412c876e569815631dfb.jpg,./images/0531/148d40ce70e74400ba1303556292a772.jpg
0531,./images/0531/f8849e88a27345ea80ca826684bb5322.jpg,./images/0531/92734b78d8ca4210a58fc5c1f106af71.jpg
0531,./images/0531/1dfe25c500d745769e73186c5a48689e.jpg,./images/0531/ec1ce014c40d495f854347ccb26d7f16.jpg
0531,./images/0531/bbfb3c5616de4ced9d0f7aa61f04cfcd.jpg,./images/0531/18d4aa55b34d46a69453ea08a769e9e9.jpg
0531,./images/0531/69f5bbe10e9a4bbcb6a2432317e57db4.jpg,./images/0531/3ed5c58d50e94acaaa67343fadf77e3f.jpg
0532,./images/0532/4ff39a66d31b4e5faacabccc8ba3c8a6.jpg,./images/0532/97cba487f44c4c7db0f34b2a7e3ddd4e.jpg
0532,./images/0532/95e05d71d126400f8ec19027f5d1a40e.jpg,./images/0532/c38aca30b81b42f69a53b8dff103d7ff.jpg
0532,./images/0532/5be06ec6ff8845b38bd14254dd5654b6.jpg,./images/0532/3a5557a98cfa476aa2eb0feb13bb215a.jpg
0532,./images/0532/1e50d6b91c254dc2a0a0bab9b511e2c2.jpg,./images/0532/53b8e7c0e7284de09b8e3e6a0ec1831a.jpg
0532,./images/0532/2e861b31a9094a2c9213c7158cbd3084.jpg,./images/0532/d3bcd35646b44914995ad75dcd4f337c.jpg
0532,./images/0532/8ab761217bc74ea1880c525e8149d03a.jpg,./images/0532/ca45364b250346b6afea5d7ba622bb26.jpg
0532,./images/0532/cc300e8b34be4614bd24a1a12e8ad2d8.jpg,./images/0532/178ae02dbadb485fbc42e3f3d785b848.jpg
0532,./images/0532/74cafab5977f45c2a1cf90ad8a24d2a6.jpg,./images/0532/8fc4959c840f4e26931340e9e19dec6a.jpg
0532,./images/0532/d66a424a24e34018ac943e3c6eedc570.jpg,./images/0532/e0fe9af5372a49fe91aeccc993f9ce90.jpg
0532,./images/0532/df844727afdd466299cdbfb96208ceac.jpg,./images/0532/6e64bbbc72814d0fb7bdd0de1f326a86.jpg
0533,./images/0533/86ef5ccb881b4794a19a5c2305442e79.jpg,./images/0533/dc4027d066b646f0997bd616d5eeb74d.jpg
0533,./images/0533/6153d5f8ae2a45db8c71dc7129112499.jpg,./images/0533/6c8d9109aa1c40e9b1586f52b295c063.jpg
0533,./images/0533/916893dde09e49079544bc42e1e2c39e.jpg,./images/0533/a5457846b7c94b52b1878bc47d8e4177.jpg
0533,./images/0533/301daca0dd7e4c068a09ab04785e8a8a.jpg,./images/0533/af44e359994f4c47a880ca030757420e.jpg
0533,./images/0533/301a550d059c46788e01240ca494bee1.jpg,./images/0533/6dac69e5b4224b9c8368c443dcbb93dd.jpg
0533,./images/0533/43618ca37da04a969c74c9984e407cfd.jpg,./images/0533/0caadc7965ac4c43984a2be9b4186429.jpg
0533,./images/0533/0920e4e3c7ef4818940a291468db13bd.jpg,./images/0533/112ccde1f4784f7f9b7065876ffe589c.jpg
0533,./images/0533/a5137b28267c4d47b0c192dae1a069a8.jpg,./images/0533/f302ee1eae16471a86649f9587e6b83c.jpg
0533,./images/0533/3c0cd89304004e24aab08c352140aac2.jpg,./images/0533/3f628874592e41388d600d0cb85b327d.jpg
0533,./images/0533/df33bc3bc50e4762a0b80321b0a46d58.jpg,./images/0533/5f251fcf9874444e95b3974e4ab2d99a.jpg
0534,./images/0534/e5176fb246c6483392d53cbe6560c7cf.jpg,./images/0534/d96dd8555a4b4a158a01e67acc817fdd.jpg
0534,./images/0534/2d1e552e4bc04899b297c4db3a838569.jpg,./images/0534/88065959822b47768a4c06fb6dc7d6f3.jpg
0534,./images/0534/a2ddd550d00a492d92d27b0471b43b2b.jpg,./images/0534/0c2b8651d8c84d7e8b9c073e68cb14d0.jpg
0534,./images/0534/d44da646f4d44b53b58e80631276f4a2.jpg,./images/0534/d3fd4f410cf9488280b03560625f4186.jpg
0534,./images/0534/758a522d691544dbbc8b0eb63c8a628e.jpg,./images/0534/4d1fb850156544fca06316eddb15a47b.jpg
0534,./images/0534/5237bed6d2e74505936ba58fb3ef7cc9.jpg,./images/0534/5637c3ceb8214b4cb426688e494c1299.jpg
0534,./images/0534/6633bb842d39406290734f1df2178dd6.jpg,./images/0534/d92cad857c644d5cacf81b27421aff1a.jpg
0534,./images/0534/0c29ea43f38b4574b2142cfde46847e7.jpg,./images/0534/4c579ba4ebc34ce9ab93cfefea422eb7.jpg
0534,./images/0534/f4ce0cc238f84962842b7e3f9bc9cc84.jpg,./images/0534/3cc603296e434f9abc7d7bc4a466b2b4.jpg
0534,./images/0534/f3233a3220ac4fc183c65693099065c3.jpg,./images/0534/04ed22596e5645b1a002efe9f374e50d.jpg
0535,./images/0535/00716713c79e4b3ab906957473f44f19.jpg,./images/0535/e01287cc45e748d2a1c12152bedeb625.jpg
0535,./images/0535/a81978f8029a49c89be28fd98a74eff7.jpg,./images/0535/c2379caf2a01495ab78bbae8e227fc11.jpg
0535,./images/0535/2b4b0e5d6abe4391bc6a8810db1ebfed.jpg,./images/0535/5ec5ea5bed3345a88b07d9e70b99d713.jpg
0535,./images/0535/21a39d9ecdd44439b46c97a717b9a734.jpg,./images/0535/ffd07702bcad453c9ceade587a49e626.jpg
0535,./images/0535/0bda7fca71fa413aa52dc42f175e65bb.jpg,./images/0535/8cafab7f157743378e751d5fed974528.jpg
0535,./images/0535/2909d1746f834bac98446a111ba44d38.jpg,./images/0535/69954dd21947453a9434cc4bce81bfb1.jpg
0535,./images/0535/9fc27fa706ed47c09fcafa69db129e01.jpg,./images/0535/7abaee586f6441dd91b137be822bd32e.jpg
0536,./images/0536/b1bbeb66caac4a21a8110288f78a7ea9.jpg,./images/0536/486932e73015470482a275f67066df87.jpg
0536,./images/0536/f8be778a20ec4c47a3bf0c3f39ddcbe7.jpg,./images/0536/714a4e356a544f2884c960b5c6dd9ec6.jpg
0536,./images/0536/4fca106857df4dc0bf1abba8df679cca.jpg,./images/0536/4864255660f64ceb96182743ed3cae6b.jpg
0536,./images/0536/c24f19033c3949029368714f45a97272.jpg,./images/0536/1051cf3e337e4b668023cb319582c088.jpg
0536,./images/0536/eb8ad28eb91d474db56e28535bfc5e0e.jpg,./images/0536/43e5618e299d4b57ac36c4d024a1c32e.jpg
0536,./images/0536/1c1d8b01102246ad92fc346068c4fec5.jpg,./images/0536/6f7de35b100b40ff9ac977d843bffe85.jpg
0536,./images/0536/75a60edfaca0431ab03113ed1351f6db.jpg,./images/0536/02c17f41304f401a905d92db7f9cf386.jpg
0536,./images/0536/c3c2810ac1044306a3e58a21f02c597b.jpg,./images/0536/0a063131c5c1467081edb0389784ad12.jpg
0536,./images/0536/9b763517e007431d9a92ab083a02fc1e.jpg,./images/0536/c39b7b014e8f49b89cec4546dd94dff9.jpg
0536,./images/0536/e53dc3086840402798e0937caaa1b165.jpg,./images/0536/a22eddb0dc764ce78d408ce939c39ba6.jpg
0537,./images/0537/15c1e988cf484a318f01ff35fbcb0edc.jpg,./images/0537/c4cfc6b500dd479abe1a970961dca14f.jpg
0537,./images/0537/51a53f2fe86844028caa59f19b310581.jpg,./images/0537/2eaf860aacce4263bd274a4d43e7c261.jpg
0537,./images/0537/107ad98af2cc4977b46c8ccf7c06d694.jpg,./images/0537/861b9e90078147bba333a7b2455abccc.jpg
0537,./images/0537/9c2131659f154565b01130e5cd7b2a12.jpg,./images/0537/d69664ebef354031b11e2698a8b2b781.jpg
0537,./images/0537/75ae890d8a4948dfa40a98fd0ca5ab27.jpg,./images/0537/7cb7f72ec45b48408e9ca02711d931e1.jpg
0537,./images/0537/ff475e03d4c44ef3add313f46f28a642.jpg,./images/0537/32606851b9c146e1b626d277f9b4c9cf.jpg
0537,./images/0537/666eab36a0834ceeaa749f4002c133a1.jpg,./images/0537/0be627c908504247baa351e82edc7f13.jpg
0537,./images/0537/ecec1e0513e341cc9c9ffe86ba41a41a.jpg,./images/0537/c4e36bf962d845859b5aadcf5bdb27ef.jpg
0537,./images/0537/c788a72cd21548e6afe1a522ebdd65cf.jpg,./images/0537/f39f655182374329b14de3ed6e78fdba.jpg
0537,./images/0537/8d29085f887e4469b0575bb975f9dc8f.jpg,./images/0537/555657a2f0f34834bc6af920ba32322a.jpg
0538,./images/0538/a5fb28bf2f514514a5ef5eb6e8bc8951.jpg,./images/0538/b6d459b30fa74bfaa6b1b01614efb537.jpg
0538,./images/0538/d7758ac793ba4600b9dce03863e416f6.jpg,./images/0538/09390776290f4bc4a3e25a036144020e.jpg
0538,./images/0538/234a2db096354aabb7b59bb6aae00c91.jpg,./images/0538/05ffb744452643b2b97bcc0172afb95e.jpg
0538,./images/0538/83c9dbb5ba0b4344aaa105d3d9aa17ac.jpg,./images/0538/ea8c6dc786054b5687324dbc989c6b42.jpg
0538,./images/0538/3d2e48f0628f41c6879e961ca5213790.jpg,./images/0538/61edc31cfdd149bb9be5801aa006cacb.jpg
0538,./images/0538/4d7461618d4f493c9bd185d8559e08d2.jpg,./images/0538/22ea50b4229943eaa177cd0a3167fcbc.jpg
0538,./images/0538/3c680d89f60a45f5bec39f3a792dc487.jpg,./images/0538/90950e5fa3a1418b8ddb0938d00a17d7.jpg
0538,./images/0538/551ff7ffeee343348f9fc9453094eb06.jpg,./images/0538/633689f7b1cf4531a19afebdeb2b0d2a.jpg
0538,./images/0538/4c4c4bb4d9ed460a859c55290c48e7a2.jpg,./images/0538/5bcb23c8589d416e9586ab3c78c82134.jpg
0538,./images/0538/b021c89aa16f469a923fd198fb1a1368.jpg,./images/0538/bb616015201e46b39c9106af50fd63a2.jpg
0539,./images/0539/68a6c567f8cd41bcae8e3f6a14da58b5.jpg,./images/0539/689370b92c474711b8243bb23dd3fdbb.jpg
0539,./images/0539/e685916c3013430581569871d4271142.jpg,./images/0539/35bfd8282c2f4918b0db7629ca8479ae.jpg
0539,./images/0539/81db2d3a4cf34ab78d1de84d35a10c8b.jpg,./images/0539/009032637ea949bd8c4e934ab87006ee.jpg
0539,./images/0539/3a2e508f963e449abf8a849d7925d911.jpg,./images/0539/e7c7c765df39451fa210a66e98de4cab.jpg
0539,./images/0539/eb31fdac801842238c524a90a089a9f4.jpg,./images/0539/e67c1ae5481c43f5add294217c47a6ab.jpg
0539,./images/0539/eaad2fc69ae6431fa13fa54d7d791d5b.jpg,./images/0539/2e5800f92c584c87b1d7ef69a719fd99.jpg
0539,./images/0539/3b4676256dac48eab6b5b9d5f4f4dbe0.jpg,./images/0539/cc994362922c4cd4847c55b60905ad03.jpg
0539,./images/0539/2d3c682630be4b668e0074b5189f6fd8.jpg,./images/0539/e9e922d0202749699b320f3b0a68ff56.jpg
0539,./images/0539/8fc6fb20d4694996b1b54aa2e79f6c58.jpg,./images/0539/32659907e2b947bbb9472a1a8ba071a5.jpg
0539,./images/0539/a4248f194ccb4541983d80ac5f13dd9e.jpg,./images/0539/8db04b327ae943099d5094bcb2f8850e.jpg
0541,./images/0541/a2ed076345ea42c281ff90bfab5cda44.jpg,./images/0541/5daf9a16c0eb4bc395cfe9daf1bef527.jpg
0541,./images/0541/1f4801fabe424c09b5aac7ac69c6dfb2.jpg,./images/0541/46d1460a0d174d9797184237aebe5a57.jpg
0541,./images/0541/c627bceb53174edeb0288542632ecfa0.jpg,./images/0541/83ee98d69c4c41a0ae6bce7b483716b9.jpg
0541,./images/0541/7a501457dd0347d688d78dd4b5d8eb8c.jpg,./images/0541/6c5c5508f41a4ffc94157bd779956394.jpg
0541,./images/0541/e002e667a81c49d2be75f156461dd2ff.jpg,./images/0541/d2deef5ddf3d4bc5a9ce90f2c30b1f6e.jpg
0541,./images/0541/272579a8c54f4e3d9a96f6c2f69869d0.jpg,./images/0541/65fbddd752204d1790727b61b368d6a9.jpg
0541,./images/0541/5453388f76314302b73eca2cf362c566.jpg,./images/0541/5bc34a8725994468a88b39c4a879e3d2.jpg
0541,./images/0541/0a2bf7ce0f204a8fb422650b99bb93e9.jpg,./images/0541/ee8c8dea658847d399d2d55b2f97b325.jpg
0541,./images/0541/db523f594a274239bb255ed26d3d0150.jpg,./images/0541/9a0529c9280344ff94d26255bebaca62.jpg
0541,./images/0541/5b410d12529a4557a0efbb9bf4a7152e.jpg,./images/0541/4207c8cfd6e744b99d0f738079044af7.jpg
0542,./images/0542/54bc1d2c7d36435ba323d1c458617075.jpg,./images/0542/fbeb43328e7940c282a7f818825b3267.jpg
0542,./images/0542/879d7b6aaf38414887da08cb0d86c68f.jpg,./images/0542/2604fe93980343608e249a1af99fa1d3.jpg
0542,./images/0542/fbc6264348f74daa9ac97c4b0e1e458e.jpg,./images/0542/aaedba879d2c491e9152b2fef38ae0e5.jpg
0542,./images/0542/f574b79b7f184bbb8f16703d8430274f.jpg,./images/0542/a46a95325ba149c5ba655e56b3e4f6d9.jpg
0542,./images/0542/e97497fa3453496381d81742bdb8c19b.jpg,./images/0542/c68aefe3e941442ebaf150b6e679a6b5.jpg
0542,./images/0542/1b8708aa030c478898db736da531369b.jpg,./images/0542/fc390e6e1cce4b429d2cedfce1c7579c.jpg
0542,./images/0542/6126c6b842e342919bd1f5c301f1ec05.jpg,./images/0542/553bed1d4a284edab54ff9ba8fcef040.jpg
0542,./images/0542/f7f96030080a495287679216e183e7b1.jpg,./images/0542/f22ecd4121c7482bbca7f42e81699289.jpg
0542,./images/0542/23d4b104e374423586519017d272966f.jpg,./images/0542/9cf67e49da6047a0b7f3f8b9a7b542eb.jpg
0542,./images/0542/ad2bb7348a3b4b16b33a8f09c9a0ca0f.jpg,./images/0542/2fcf6f1d3ebb4e3e840b6f7ac3e1f9a1.jpg
0543,./images/0543/1a5cd0e5736b42c68c0c50cd14ff5a3d.jpg,./images/0543/862a631cc77a40ab8ea8b459bab78205.jpg
0543,./images/0543/4b0009b51e8f4371aa76eefd21dd7a66.jpg,./images/0543/9a43f43b18534c6f8f9fbb677c18ea73.jpg
0543,./images/0543/0676dc0f001c4351804566f244e8a97e.jpg,./images/0543/136b1c8c2a7b46a5b5f0cfc4e55135b2.jpg
0543,./images/0543/f7cdf04ee46f4bf39e2d00f9621eb77a.jpg,./images/0543/6fe5741031514614b124a419b091d843.jpg
0543,./images/0543/84be2a75b35d481b9fcae5610262a21a.jpg,./images/0543/54ff36e6ef5f4fe4b21c986e5fe0cdd3.jpg
0543,./images/0543/f59da824514b4602aad642d5ed5091a9.jpg,./images/0543/02fd352d64ad42ffbfd55cc9b8df4dd6.jpg
0543,./images/0543/71375d100e6e406d9420e74900ecef3e.jpg,./images/0543/5a9f0d571266418a8c9c4a4a062222af.jpg
0543,./images/0543/d46165b68296491ea869e82f3948e88f.jpg,./images/0543/45446d575c4c4377892e0caf86394ec8.jpg
0543,./images/0543/43860f8967e54160a8f4dff6b8bebc04.jpg,./images/0543/d9cf8fd46b2145d7a9a3777b3cb8d3a2.jpg
0543,./images/0543/45da10b4c05248689e6294f5c45931a1.jpg,./images/0543/a58ae8781db9455e97ab8d71162c3696.jpg
0544,./images/0544/33cb94b0008f46f29aa02cc000f0d45f.jpg,./images/0544/d2541c1cab5649ada1e80fc2c6e503b0.jpg
0544,./images/0544/266fef45c7124f7b94417d780f6aaa9a.jpg,./images/0544/f7eedef759c34ad5b3acb545a43a6df0.jpg
0544,./images/0544/4e17fcfe56b0456aa90c2862dae3979e.jpg,./images/0544/a282c95e319d4c3694bac571950cc3dd.jpg
0544,./images/0544/eefb22f34fa24b1bb55f96baeee3c70b.jpg,./images/0544/c6b17b715b5446ec80263ed868514ccf.jpg
0544,./images/0544/8ba4a7019b174a92bb97a069483a3452.jpg,./images/0544/9a17ebd52e2a41ad94fc9125d8186287.jpg
0544,./images/0544/fa1087e5c9114e33b8d8483e18d9df88.jpg,./images/0544/2faf1137a9904d5e8786540c5e6ec3d2.jpg
0544,./images/0544/6b7b9a6bda88412ebf0fbd9b6e5dd57c.jpg,./images/0544/c3930e3608444961b041152ac9574236.jpg
0544,./images/0544/2cdc0e2ed2fa4e348939d501320e12ae.jpg,./images/0544/373eafafa66748d593aa65cc89699055.jpg
0544,./images/0544/14915aa8c3be4c188b33869ed77907bb.jpg,./images/0544/3a8cdfe88f664f96b2a0a4a8ce9f27b2.jpg
0544,./images/0544/8ace61ee9a954704a05b62e6138060b0.jpg,./images/0544/ac0f4328073341808205362e05cdfe48.jpg
0545,./images/0545/c5a0cd206f0e46d0b1e746bc4b140b2b.jpg,./images/0545/c2cf80c880b84192b42cbc5252fb2e18.jpg
0545,./images/0545/d8e30f4b402f4e0f9c4fefc22e24f5ef.jpg,./images/0545/d1eabadf9496454aa383e9b052b9e8fe.jpg
0545,./images/0545/b1864112167d421d8e3fb1885c9367a9.jpg,./images/0545/120900443b914b8e982d4180d0468fe7.jpg
0545,./images/0545/69eadee7af1e44bbabb672c65c147570.jpg,./images/0545/0921e5a62aff481984d0739dd58d6a2b.jpg
0545,./images/0545/7fff4a07fae44570ab9fcdd1ee0aab0f.jpg,./images/0545/a0697a5ac51342ef886d13f205be5fce.jpg
0545,./images/0545/6f1ceda666484d6fafec9238e90ebac7.jpg,./images/0545/4d1a75ebde064e74aefe50717a4ea70f.jpg
0545,./images/0545/e4514953cd3f4607a378470666aa740e.jpg,./images/0545/97aa822ece914246b766a090db89cd4e.jpg
0545,./images/0545/a9cf1ded9ef84b69b6b8ef84af11393b.jpg,./images/0545/41690e927e2441d68f3cb4c286c9d113.jpg
0545,./images/0545/97a13c49e3594737ac0aab095e0bbdc2.jpg,./images/0545/cc709ec5a8db4501a673528629ed7deb.jpg
0545,./images/0545/8cba08a181fb431caba2cceba195d569.jpg,./images/0545/2e637c3b4c6f4a41a6f06c95c03ab55d.jpg
0546,./images/0546/ed77e407a78a475d9e2841f648505909.jpg,./images/0546/1e8be44c4387454d8cd84c7dabf33581.jpg
0546,./images/0546/4c9071a6f62f4997acd39c0b495ff8cd.jpg,./images/0546/674316d5396442d8a6b369a228ad57c9.jpg
0546,./images/0546/39df0103c7bb4f0b9876ad7e9ba53586.jpg,./images/0546/d9c39b9a453f44e9aa9e8a62a3f24d4d.jpg
0546,./images/0546/ee73583293d34999a3d74ff1c4d08428.jpg,./images/0546/f6ca5faf51e34d6fa33e4ab99b85c9ba.jpg
0546,./images/0546/782717dda88440fcb1eabece3e8b6d33.jpg,./images/0546/5556357157c04dd7a779cbfcae5706be.jpg
0546,./images/0546/7d2bf0058f2741dd8ea7ad4e27fa34a4.jpg,./images/0546/7675bbdb03dd471f82fdd41623f6faa4.jpg
0546,./images/0546/852599968f3243788d04b920a64203ba.jpg,./images/0546/024dbcd669c44ee3ba635e72e5a5d402.jpg
0546,./images/0546/379917bf6a4446a09469a9c6894a9ff9.jpg,./images/0546/ded072513270439299f64dd843a2027d.jpg
0546,./images/0546/283e483951aa44f49e8569b181bf2ede.jpg,./images/0546/3025109ad23944ceb5709484a93500ef.jpg
0546,./images/0546/d2ab845ba20d47cf86ff56fd16c2beb9.jpg,./images/0546/8b71a602ad544b819f088e391c1155e0.jpg
0547,./images/0547/7ec4e7b1685c4f6485bbbaf40a3d239b.jpg,./images/0547/1a6318ac966748639f6f4b6fd085dfc8.jpg
0547,./images/0547/3c5c82ff02944d6da2f30c74a511e39a.jpg,./images/0547/827f7eb9b57145f1b7ef7c826a125e45.jpg
0547,./images/0547/39cee003be76404387a41c31c6f1ec84.jpg,./images/0547/bff8e407b1cf44339131e657a91885dd.jpg
0547,./images/0547/ff4e92034af0418881730d9cea884281.jpg,./images/0547/55a8043716a64581a0f9b1afe2b185cf.jpg
0547,./images/0547/2a67a1cd4fad45b3a1295c2b16df3dac.jpg,./images/0547/ac4776bd19354da1ae46a5346faec025.jpg
0547,./images/0547/1bf4860df358409da821fe4603c95be1.jpg,./images/0547/0e587242900d4f7387f400d1eccea5c0.jpg
0547,./images/0547/b1de95143de3476f9beccec2e1a5bbf8.jpg,./images/0547/e550cd2a3a6944d18cc1bfce28c28692.jpg
0547,./images/0547/6340719a9b144dc8ba16091923d6ed77.jpg,./images/0547/dada2f41fcfd4a50884507b443e91bed.jpg
0547,./images/0547/6ad071044f3e4668aa70fc5d4d4c162a.jpg,./images/0547/10aefbe9ce3d4026b65efdfe70e596b6.jpg
0547,./images/0547/b8b7d51918834cfd9fffe2f7413063ca.jpg,./images/0547/6c6debd87a3946529f9e125eacda0024.jpg
0548,./images/0548/e4971830273d4d0fa89f787aef94f28b.jpg,./images/0548/e627df51789649b0a7489ead91225f2e.jpg
0548,./images/0548/714cbaa90ca740deb9578209c5380723.jpg,./images/0548/255dc3aec0084ecc8420c15ca404c3e6.jpg
0548,./images/0548/9b94c6deef2f44e7b3b84673783c1971.jpg,./images/0548/3268e66a9e3a44dcbb306abf4ea3eee3.jpg
0548,./images/0548/156d94c85c8d4fe790acb11da5c48e0d.jpg,./images/0548/5dc39a76bf50416faed5d85532a2890e.jpg
0548,./images/0548/e293e6324ac04cbc8bcc8d354625eac5.jpg,./images/0548/70b8afcbc46049f2a18def9f5750de3a.jpg
0548,./images/0548/b1e6f496973043768d6a1a12d54cca99.jpg,./images/0548/1b0e74332c1e4591884ae59453a77f8f.jpg
0548,./images/0548/0db0cd7945f546efbfa3e508cbceabc4.jpg,./images/0548/ce9c874c6de84d94b9314e858bda7413.jpg
0548,./images/0548/5cda9cd67e774b808e5adefa08bd0dc0.jpg,./images/0548/6ce4121961084632b9655c2437fbdcb9.jpg
0548,./images/0548/cfb2f015efe643ddae5d7512b69fe1a6.jpg,./images/0548/85b7efa418d344ef844aebee461ed33f.jpg
0548,./images/0548/470b1410f26548faa23a0afcbb2dcb2c.jpg,./images/0548/7dd9e7abd54342fe8d2fa15875d4508e.jpg
0549,./images/0549/ecd0e3559a1b44d9b050e6c4668542bb.jpg,./images/0549/506c0b940eb14ae0bb034fbcef3bebfb.jpg
0549,./images/0549/75817b27ccb24a98843f8a40105a776e.jpg,./images/0549/261062ba738748bfa4a9b2d08fb1531b.jpg
0549,./images/0549/92a22f314e0b4d5d91bb11798e38fec1.jpg,./images/0549/6e4f266d4efc445588529ff981f3b472.jpg
0549,./images/0549/e586ffa0c72a4a43b96110989b0cac75.jpg,./images/0549/41d6e65a9ae046458ccd33f61200a137.jpg
0549,./images/0549/ee4b42b66be2494890a0c518d203f4cc.jpg,./images/0549/6aac456ab64e4ff3a09c5610344dd1de.jpg
0549,./images/0549/3ab785be594a41feb94e990b6e5025c9.jpg,./images/0549/9abe48f7c8c24bd5b89eef4fb4b41fb6.jpg
0549,./images/0549/090c675ff0e7481a843ba9df12b8ea7d.jpg,./images/0549/cd43f780992a43d39167dc542f798fe6.jpg
0549,./images/0549/e57c723d7d23458898d4395892b638f1.jpg,./images/0549/323ae9f35ccf409aa54ba3f9673200a2.jpg
0549,./images/0549/97ebb16448a94c3bb0ca5fcea4c4952f.jpg,./images/0549/1856907514ed4f6396c375c666873a13.jpg
0549,./images/0549/bd0336fb6e764f7db30e7fa29bea400f.jpg,./images/0549/fc86370d597f4dbfafd2cc7e14b60389.jpg
0550,./images/0550/31aeede229744bd49b902436e4aac9b0.jpg,./images/0550/6e563e21fec34000bc749bf36a23227e.jpg
0550,./images/0550/11d2324d2d6c4fd28ac3431884162f6f.jpg,./images/0550/965166bd74b74a70a860e8881108f786.jpg
0550,./images/0550/960844b7bbad4750a0cb29761f787e62.jpg,./images/0550/118533869a8d493db95a4dffcc349628.jpg
0550,./images/0550/60219f5c1dce4da395c59ce1b71391a9.jpg,./images/0550/aa7b1c65fc624f1991a6628f545bb283.jpg
0550,./images/0550/424a6f9d09834b86aa8242ee77e6f463.jpg,./images/0550/5ca41d4b485e4e6faf4963ddee123779.jpg
0550,./images/0550/a29d5f00b23349fca8ad87dc7c9d9b90.jpg,./images/0550/2530a62784b540e2ab1edac7a7bcf5e4.jpg
0550,./images/0550/1c611e115c1e43b8a38d7024a7f0f667.jpg,./images/0550/9fcea5492e534776a8794ce5cb808660.jpg
0550,./images/0550/c1fd550ec5924e0d953f9c1851679661.jpg,./images/0550/8016718e77e149e2b6ddf78b21d9d1e8.jpg
0550,./images/0550/388d52863bae4bd0bab232201689c588.jpg,./images/0550/6e0d3ad129b74a2d99d7207c6b54ee13.jpg
0550,./images/0550/886f8015dfa648e9b06c0682f2b9a9a6.jpg,./images/0550/d195012be56e4e2e87fdb14511a2c213.jpg
0551,./images/0551/ac19b5b6710d47a191e832985339450b.jpg,./images/0551/835dbda9b93e4627909b738fb6df9206.jpg
0551,./images/0551/65fc8c775e9c411b98b206daba3ec6ce.jpg,./images/0551/902186a5f925449caf3ee1087563e002.jpg
0551,./images/0551/cd7b55a1fa044b078a346c1ea93ea7ad.jpg,./images/0551/6f30d1f276e541ebb29161ecfb8de3d4.jpg
0551,./images/0551/2d3a23ab505d4abb8b74d7ba5edd1e26.jpg,./images/0551/58b1c96db2ea4b9fbbaaf3ca054eb2bb.jpg
0551,./images/0551/d153a80e892d43dd863b03e4a337a43c.jpg,./images/0551/1517373f2c51441d9061aebe6b37034b.jpg
0551,./images/0551/0e29b733a7fc4d2e8174145b3c130a24.jpg,./images/0551/47356309bc3f49328a5d2efa6fd530ea.jpg
0551,./images/0551/6c3d5e5f20494b82910bc0b7b24060b0.jpg,./images/0551/d5389c48f98c466b8410b09301cc4c47.jpg
0551,./images/0551/c63652c67685429481d999f65b5049a0.jpg,./images/0551/644433b359444b85a232c1d62f09ce42.jpg
0551,./images/0551/32285faa2aa3408ea15c6b94da22436b.jpg,./images/0551/cb2e993a279846e1ac79ca77b0ef4bbe.jpg
0551,./images/0551/4f0559281bf14e409e4d0b3ebe16681c.jpg,./images/0551/3ec0e2452c5a4aac92bbaf24f27cb686.jpg
0552,./images/0552/237e5ba08ef54b5ea3046af1a478a52b.jpg,./images/0552/d7e1eee2cc6b4b01a0076ad04942d19d.jpg
0552,./images/0552/1c7d49b892ae4303ab7497321d3b226f.jpg,./images/0552/d95f87308daa4e1596e7f3a19bf732f3.jpg
0552,./images/0552/f1dedda883f24b37be1e1877a54fb119.jpg,./images/0552/713fd4deaea54f26a096dee2e325cc69.jpg
0552,./images/0552/3add68e29b8f48f28852ecc888f909db.jpg,./images/0552/ef988344fce74454859ea5b9799d3556.jpg
0552,./images/0552/00f978f8ec344aecbaa5003b5d91f392.jpg,./images/0552/d50d75aa6f7b4f37bc39ddd00e807dec.jpg
0552,./images/0552/ee2aa40d73de4c6d884037339b547d2f.jpg,./images/0552/af85368220354ba6895bc075d7a80c9b.jpg
0552,./images/0552/b683f0148d2b4f4ca748ae8a4dc7e160.jpg,./images/0552/74a5141403304f11a2bd664964f2353a.jpg
0552,./images/0552/ea72269045904b63bc8e6cad218214c4.jpg,./images/0552/b9c3c7f5a0e44ee68ddb0ba3e5177da6.jpg
0552,./images/0552/82a06ba9b5fc49598d82a6df6d368e53.jpg,./images/0552/7571683074174c9b8aa3fc75140d3d97.jpg
0552,./images/0552/1413a8b901244e74bb68f3f924f801b8.jpg,./images/0552/ff54f62a468b443fafb340833b3fb385.jpg
0553,./images/0553/9e0f13e28dd0479f96548fe8b9a9be2b.jpg,./images/0553/f7db4260d75b43869e7574ebd27cd213.jpg
0553,./images/0553/596853509efd4aa98591a034dbefb8b5.jpg,./images/0553/6f50c2b038564cd19a0873bf396f1549.jpg
0553,./images/0553/8bcb2ba2b7394edab2d72502e0c26c5c.jpg,./images/0553/e99225b17bf84aeea67f2e0e0037efc8.jpg
0553,./images/0553/a961d9f2d5b94de584d705197202e8f2.jpg,./images/0553/6f6a6066bee642aab2bc7f77c1fcccfc.jpg
0553,./images/0553/b1df885a31ec46899dc0052b58848f77.jpg,./images/0553/71acfcc5821347939b70867376ee414d.jpg
0553,./images/0553/994060a5aa3f4f62a53be760e14f4ec7.jpg,./images/0553/39fb56e59ec44cba8bea21f46b53d62d.jpg
0553,./images/0553/4b90d1b7ad764db4ab3ea28db91f0c62.jpg,./images/0553/428fcf529e274d3f9e6909bdcccb8db9.jpg
0553,./images/0553/36b578d3f4c94029af93664112058d1a.jpg,./images/0553/4f9da574573f4686adab5a347523a9ac.jpg
0553,./images/0553/589ec8163104410ba052a449364267a2.jpg,./images/0553/96e6f704e86d4c46a91ae98baadac6de.jpg
0553,./images/0553/29a6b28353c14c38b7dd2edc13c86a0b.jpg,./images/0553/97717ad351f241c5ad0d649c517a3ba2.jpg
0554,./images/0554/c7b8bd44c56d446686249cd7a4641f85.jpg,./images/0554/c337c7ea16e6474da51cef5f04a1d218.jpg
0554,./images/0554/0d7d04a22b434b789be7533d145e6378.jpg,./images/0554/9379bc9814c848aa9bc14494857b1cea.jpg
0554,./images/0554/b3dc36b300414a7c8fe89730e348d9a6.jpg,./images/0554/159e8c2799f64eefa7ac921cbc13b99c.jpg
0554,./images/0554/ae259f535f7545f0a4cd46edeec96bc0.jpg,./images/0554/05c243515f9b4e0c8307e4cd3d5ac029.jpg
0554,./images/0554/beacfae831a848d1afbe160dbcbbda44.jpg,./images/0554/678fa80018ae48ca9c84b097c12f9014.jpg
0554,./images/0554/0db15a3e22b64c57a1b39920287fae60.jpg,./images/0554/f18c7692cec148c4b6ec9f485fdee472.jpg
0554,./images/0554/487a6ccc1a86419bb217a9b96f78119e.jpg,./images/0554/3ecf7b052499402da740d1bee1180f98.jpg
0554,./images/0554/4e775e033a804ae18ad48a2382847c5d.jpg,./images/0554/968502f0245b4da5948f4210aaec516d.jpg
0554,./images/0554/282efe7c35fb48609c28a27e2361c723.jpg,./images/0554/9d2e550b68de49e684fd97bcce4e4d53.jpg
0554,./images/0554/b0ed1504a2c24bedaaa53c0964d9b29d.jpg,./images/0554/a21b6ea538a94beebdd52cfe516726eb.jpg
0555,./images/0555/2c046305184e47f6a01d862fdd7ad745.jpg,./images/0555/9a9295e6fb6f463491567cf7abe5abd3.jpg
0555,./images/0555/302a6721c8e34919b5d2e64988443e62.jpg,./images/0555/ab6df93e352e40caabb65c4db538386b.jpg
0555,./images/0555/41d858b266de4ad2b405b877294f4ffa.jpg,./images/0555/775b10373a9e484992c91d7511a90069.jpg
0555,./images/0555/ab4166b08a9349fa81321a3aab8323f3.jpg,./images/0555/cfa20af6d7334a4fb035f91df51ff7a8.jpg
0555,./images/0555/791d08f499174d558f6ccde937b706fd.jpg,./images/0555/0eb248f37fa34766bf44f25b46cf4dd9.jpg
0555,./images/0555/eb542bc4ebbf4af5b45d914a7016d4f1.jpg,./images/0555/053f56f8b20b450d86e2ba0527d22610.jpg
0555,./images/0555/b2c62a88ddfc48bb998866ca6a771d25.jpg,./images/0555/78ee673e106c4740af35f323903a6042.jpg
0555,./images/0555/41e916bd93054edb98aa31b983820ab2.jpg,./images/0555/cf7c572145164bdab4bbe13a1bc668eb.jpg
0555,./images/0555/e6287ec894384150ba1935de4387a7bb.jpg,./images/0555/07f9dbe4b23e447d9551e7907b79a906.jpg
0555,./images/0555/e8726dd235584fcba5243e69d4b2658f.jpg,./images/0555/cf169fe8f29941d9ad5d0090efa4cb98.jpg
0295,./images/0295/b427b669618f41dab6555fc8ebba697e.jpg,./images/0295/ed28b23ddc564aa99e6634fbfac23eff.jpg
0556,./images/0556/f3c5d8adce614bc79b86e5e54e4f6ce0.jpg,./images/0556/a627933aac9749529089465d87256250.jpg
0556,./images/0556/819086ba51df4fe9963a85cbf9fe3ca6.jpg,./images/0556/cfc22ce8ad2d4e528b77c0c20a1b14f0.jpg
0556,./images/0556/7a2f61a587b14238bd89646e915efe89.jpg,./images/0556/a9d922ddb48a4f13a4455f3e7aa650e3.jpg
0556,./images/0556/8fc5b6d08faa452c977ec1bf1186b1bd.jpg,./images/0556/f45c9d861acd4a358301482af9470f21.jpg
0556,./images/0556/354e08b49da34f4da16c087d1892c45b.jpg,./images/0556/caf7de2ac3ba40289d7392d1f1e3c094.jpg
0556,./images/0556/75583176fb9849c0987af99a2fedf2d1.jpg,./images/0556/603fc1d20cb14fe9b83eede63d061e5f.jpg
0556,./images/0556/048a6a99e4b2425daac6165b8bb116ad.jpg,./images/0556/6c182215bb244e0aa52c41947ca35ec6.jpg
0556,./images/0556/41fa06e7d3644887ba2848e344964de3.jpg,./images/0556/6ebc17e3a0434df1a9667a24a41a8f1e.jpg
0556,./images/0556/32fa47e3cd634bd7a6335c7e41b32d8e.jpg,./images/0556/30db836ca8ae41dc9818da01786ebb15.jpg
0556,./images/0556/aadf2fd09e014f18bf0b55fa362863f3.jpg,./images/0556/d816ecfff7904fc387084ec89adf3c94.jpg
0557,./images/0557/7961416209dc4080a636d2c8272fd071.jpg,./images/0557/e9eae547f0ef4a928e45071f758eb299.jpg
0557,./images/0557/87c34d649f7b4201acea50a2954a4006.jpg,./images/0557/9c8a8668d66b43c6ad7e5793a7954913.jpg
0557,./images/0557/3a89b8cbaa5941c5a9c1b77bbb426f27.jpg,./images/0557/e1ab585dc9654d838172d544ac3d6804.jpg
0557,./images/0557/f59fc2107e044647bdad6bfde89187ad.jpg,./images/0557/bd34525f55ef48f194148625276910d5.jpg
0557,./images/0557/118395e0824244f99fab60d637652e34.jpg,./images/0557/d393ec1c3ba249378505d5916659faea.jpg
0557,./images/0557/f96e58d5eea441e4a9a8825a722f2124.jpg,./images/0557/b185b3973e47450aa8a07b88183da3c7.jpg
0557,./images/0557/2624899da1f94bb698888f9227f1ec84.jpg,./images/0557/a459a7aca2204cf1ab3a64a94e330f87.jpg
0557,./images/0557/95b7d28e24fb45e4adc1f87a68ee1d43.jpg,./images/0557/e1a9a8766bdf41b78c2756c057ebd008.jpg
0557,./images/0557/7f47567e20ac40b4968c07d1221cdf66.jpg,./images/0557/a7bb35656249482cb5745a53fde875af.jpg
0557,./images/0557/d0f9ee48ec894b35b6f6fd328ae09427.jpg,./images/0557/25d9a00be36747b7954dd8dc5faf137c.jpg
0558,./images/0558/fcc3ad3a06084fa6aa5faae9403ea47f.jpg,./images/0558/5e69a4b491274489858b40c7ab21ff22.jpg
0558,./images/0558/75b22d13cbe34b0fb828e36abc0b8112.jpg,./images/0558/46f446e9c5b14470b296f2b954a688ed.jpg
0558,./images/0558/fca0a2653eb84932ac95714e92b7272b.jpg,./images/0558/1894d2e7bbbb486c9dabf73320607f2f.jpg
0558,./images/0558/1634ffab45fe4e34ba251d3dbbc6f9a5.jpg,./images/0558/e3e2c7ca680a485591c283a4f3f63aeb.jpg
0558,./images/0558/fee54a0112914b46b76181f426a65c0a.jpg,./images/0558/dfca3d915f9743e082ee92b01887b928.jpg
0558,./images/0558/619a5c9449be40c9bd5548b0ebd43c60.jpg,./images/0558/e8d07cdbcd464642a426342833c78772.jpg
0558,./images/0558/a1582b52184140619d5354a88b16435b.jpg,./images/0558/ec14242c2a204304a7c98fcc6e08b368.jpg
0558,./images/0558/15234c375055448f811e437a27a72ea1.jpg,./images/0558/781c34cadf8e47a487c8cbeead6f786e.jpg
0558,./images/0558/eb612e361b464313adc9b949f09d4d70.jpg,./images/0558/7f5597f71d3942ebb602de7b3d92fc11.jpg
0558,./images/0558/5607b84017e44a76b9e3ae67c1fa8636.jpg,./images/0558/fdb695d35b29497ab7fa132c2ce36f06.jpg
0559,./images/0559/9611fac856e04aebacf119dd2d58710b.jpg,./images/0559/9d83eb523f2041938a60f72bcd430dc1.jpg
0559,./images/0559/e464f282c7c14d61ac3b627dde2034b8.jpg,./images/0559/dd24c0229f264f719db3d4965d005dfd.jpg
0559,./images/0559/f271ebc5965f490e81cb9c4befe59f27.jpg,./images/0559/670ba52021114be993e3ded25fa5e57b.jpg
0559,./images/0559/f50576addd8d41eea19b4c5322bb9595.jpg,./images/0559/332507f85cf04f18b4269cb921b13b87.jpg
0559,./images/0559/3f8471d1655048abaa89110aaa823bf9.jpg,./images/0559/d8f1845540b342039b692dce84c49b0b.jpg
0559,./images/0559/57456727d85b4a5cb1698a579bce00ad.jpg,./images/0559/0580c793e31e4f688db15d2bff3ed56c.jpg
0559,./images/0559/1b24ff88c15f46c0a14e94306f1b022c.jpg,./images/0559/0decacbfae124d70be0ca93ec561f9d0.jpg
0559,./images/0559/e67e0e482f034356823432658a2807e7.jpg,./images/0559/c4f3f602826f4ccea3544f44f6faf07c.jpg
0559,./images/0559/9d583e37c1ab4dcc88276460c558a6b9.jpg,./images/0559/20ed4e0887974de795d8b667b2d14a25.jpg
0559,./images/0559/62889b5ecc9b4e0caea97fed7fb73d0c.jpg,./images/0559/6229ee2ca3e1429cb60acdea9f68c2a9.jpg
0560,./images/0560/87815fe29e30409eaad1563fe8f572c5.jpg,./images/0560/90b9f9f990c84596be822521b3147c2e.jpg
0560,./images/0560/47b243a5726046caaf7b9e6bdffe5643.jpg,./images/0560/ed883452a4a344eebc1a083ae53da729.jpg
0560,./images/0560/c6aca4fb45ab4363b1edbebc298b3555.jpg,./images/0560/c8791d8b3e5a4bd88dfe7c8180917449.jpg
0560,./images/0560/67058435b39d4a4daab847310741c77b.jpg,./images/0560/c6ccfbb881d845898172068bb683593b.jpg
0560,./images/0560/9a533c00455c4b9a83878c1f85d6074a.jpg,./images/0560/112849cd156c4665902cb8c6312064fe.jpg
0560,./images/0560/ac645a6f56aa409da5c341f6b4102356.jpg,./images/0560/8c17c04dd4db46ee813dc1ba2873cec5.jpg
0560,./images/0560/01387e9768df4844a0671dbb58691d85.jpg,./images/0560/d93e35fbe0fb44f3ac6965e9c8ab1d65.jpg
0560,./images/0560/9ca267e20f0c49859c47bba2e9b8b702.jpg,./images/0560/c1fca0d6b64e4a8fa68ad5385bf26c6b.jpg
0560,./images/0560/db44f15b410e4f85848fa0542544fe0e.jpg,./images/0560/43743ad85d21403983e74cf487337cc4.jpg
0560,./images/0560/55c243cec4e34a2a8091c8becc1fbb66.jpg,./images/0560/cb8bba1cb53c47bc9031dfb553e28978.jpg
0561,./images/0561/cbf44a23107e4089aab3bfa0b09c52c2.jpg,./images/0561/610a3e153cfb44a9aa9477fb45c59a96.jpg
0561,./images/0561/1a58eb7334c449acadf014252b4d85a2.jpg,./images/0561/9b9352e69aa24d4abc7fa981bc21c9ae.jpg
0561,./images/0561/7e43239560f64fcd9c750282b8d221c6.jpg,./images/0561/081c22f440ec4dad99a14b6952ea578e.jpg
0561,./images/0561/5345962cc5644e9087cd7ef225d74d4b.jpg,./images/0561/3ae2fd4e5c434defa1a051abd42f15c9.jpg
0561,./images/0561/8186a22ef7ea44b387c252d605076c46.jpg,./images/0561/e65c0fba818242e09108a43c66639625.jpg
0561,./images/0561/fe2f9ab7cda84063b7ea21e96d5b2f99.jpg,./images/0561/6c4f2f2cbc3d459faa2e86dfe5803451.jpg
0561,./images/0561/7e930786810247e1b1ba6ee1bf5ffdc5.jpg,./images/0561/c26934977d3349e2b2558dcec6aab791.jpg
0561,./images/0561/41615e0d29734c8188a276dc8f1be94d.jpg,./images/0561/dc420bca35a34eef902a73a3ed2701d3.jpg
0561,./images/0561/98a829336f204334b73c9b07094f1b96.jpg,./images/0561/7842138209f24342ab7bf345d44d00e1.jpg
0561,./images/0561/21c08ee3acf241a2a1f13c00f9232970.jpg,./images/0561/128497a52107476d847139d568aa5d3f.jpg
0599,./images/0599/324ab307de2b4ecc93a009a55b5f777f.jpg,./images/0599/67b5c636ecc04f7f9bb5e86b023096ed.jpg
0600,./images/0600/6045ed1fe880496a85d6857287c18ddb.jpg,./images/0600/0ef957d0c7c3495f8cf6af7d0a0434e5.jpg
0601,./images/0601/d7e016a3cdb2460c808ecce7d58bc147.jpg,./images/0601/453bdf05917e4d0fac064149cc2c9843.jpg
0601,./images/0601/5443d50cdc084bab9938ab43ca31806f.jpg,./images/0601/8f988fb4bdc641179421cdb771e62e56.jpg
0601,./images/0601/deb0267f4f7a4754a38627ab3dd359a8.jpg,./images/0601/46f99de13393491f97b33692ed676291.jpg
0601,./images/0601/5db67079a2d7435ba8bf38c50a202b4d.jpg,./images/0601/cad3b6632b00439d86e16ed8d722b606.jpg
0601,./images/0601/5c0a23a2602b4c699542b00a69b34653.jpg,./images/0601/f6d8b55cedc24998afbe958f3a93ce89.jpg
0602,./images/0602/89da7d2446124d5cb3a068874ac395f3.jpg,./images/0602/a7735fda8f334c53a8ab6f5d765b8cb1.jpg
0602,./images/0602/e1959988b78245aba7f3799f8a518906.jpg,./images/0602/0ceb975037274620a5bf55c917494ed3.jpg
0602,./images/0602/b7f0fbff041a4ba9af0408db1b1d1442.jpg,./images/0602/02570e089e3a4f4e8f8b9263b6fc978b.jpg
0602,./images/0602/507fada461cf46989f788f844595fbc1.jpg,./images/0602/ac3194391ae5418cba7b8ec9b4373799.jpg
0602,./images/0602/8ac8314569c34bbabff62dac8301cee0.jpg,./images/0602/0a449c4b799b40b6ad1e24d196c3372d.jpg
0603,./images/0603/d6ff7ff4d18a4463a074d036d0099cc9.jpg,./images/0603/9dbaeac568034ab2bd45e248fdd07a4a.jpg
0603,./images/0603/28804f7edf60433c9b78273167288a97.jpg,./images/0603/5b40b1f4055d448e909b64c326853d05.jpg
0603,./images/0603/5f1d0b068b7f409286687f5e7d1a59e2.jpg,./images/0603/d5cf589dec2d4bc2b3c6d0e7b05caf13.jpg
0603,./images/0603/faab1e4cb6074d44bde41375c2825f1c.jpg,./images/0603/0202cc50c0974718bc2d1b50644cde95.jpg
0603,./images/0603/f3e7946537c04a2cbb27377054834d35.jpg,./images/0603/c498625eb461425b919a5121ebe8c4d1.jpg
0603,./images/0603/f92fa0a2d6c94659bc4a175400737434.jpg,./images/0603/0f3870543ef44d7fa6f133eb7fcb5465.jpg
0604,./images/0604/fc72103ea0ec4b2baae54f7de0c7bad1.jpg,./images/0604/3147912ce9c84acfbf3e0d6ed25d6e4a.jpg
0604,./images/0604/5cdb999065e444dbb01e7e1d93c5ee05.jpg,./images/0604/efa874ea1e2e4029a01996aa49d0067d.jpg
0604,./images/0604/b3ae6ea05dbe4b4d9800955ba27d6bbe.jpg,./images/0604/e8701ee4b678413580030fed3356a736.jpg
0604,./images/0604/73ec63084a1e400c8362af42b79e883c.jpg,./images/0604/1177e9a1be934b719fb81197afacba72.jpg
0604,./images/0604/b39767fbe3444362b993aeb6f647fb52.jpg,./images/0604/d432faceca81412891509551d0459567.jpg
0605,./images/0605/2daa9706a7f04bcaa2dc713e26b50157.jpg,./images/0605/00520c769d4a4f98bb8e1d35db8a3b4e.jpg
0608,./images/0608/204a8f24aa994516b0dcf57a8b862fe4.jpg,./images/0608/0d0dd490d128499ca3b2632e53839a2d.jpg
0608,./images/0608/b445a99f117947018a6c86b0f6a59e94.jpg,./images/0608/02da4f12971c4a87b1a296d5b6d6b7c4.jpg
0609,./images/0609/8b158e763bf34b379c4759eabdba744f.jpg,./images/0609/bd1fb6aa656c4dd293b3cb2f92a783cc.jpg
0609,./images/0609/951b36bc0b014093b3b9245fb9b39f27.jpg,./images/0609/c8b88168bc5d48eab00cb17cd8e07c26.jpg
0609,./images/0609/e60c226ed4714313a0e4169d62ced995.jpg,./images/0609/ebd475384ac042b883f529625b177692.jpg
0610,./images/0610/347f619d21a14eaa957f7a5e16378b4c.jpg,./images/0610/cdbbe0202dfa450caa5b6972cc3c6d09.jpg
0610,./images/0610/3630eecb717f4059b5a475e14a5b932f.jpg,./images/0610/16439eb63cc74be8835b2da6245428a1.jpg
0610,./images/0610/7db1b82f996142358d3443b8b8b3577c.jpg,./images/0610/16a665d3195c4a3da58ff8793247bedd.jpg
0610,./images/0610/d7dea6b76754435598f2a02cedac9a6b.jpg,./images/0610/46ec08f711834d9aa7cd2e6f9c84d487.jpg
0610,./images/0610/544b7aab440c477c91e7209a90ed6965.jpg,./images/0610/6c698ca99b8149bcb0feb08d97bc0471.jpg
0610,./images/0610/edb4028891fe4934b4059cd5365b3ff2.jpg,./images/0610/4979129f2f2643c8b6b5b0dffb6a203f.jpg
0610,./images/0610/994d9442b2f14b2da5f8ebbdc7904ff4.jpg,./images/0610/86834243444c4aa6bba6d35577b204e9.jpg
0610,./images/0610/fa94a6c7bc614511a0456daddc3bc24c.jpg,./images/0610/0a48a3340f02400fb23453245759213a.jpg
0611,./images/0611/43c1e8c1310241dfb900bf631e17e4f8.jpg,./images/0611/c155099b6e4e465c95a29839aa1e15f8.jpg
0611,./images/0611/129ed60450ca481b8f1a6b4d18d4c5e9.jpg,./images/0611/462eaab4160a471db6fde0bc61b9d79f.jpg
0611,./images/0611/9e086edd84c045f196b74f0212305a7d.jpg,./images/0611/92599a8c45774371a4334896c5e144df.jpg
0611,./images/0611/df9c4b116a4d4a06bb0b06ed9cf2dfcf.jpg,./images/0611/cab495b0ab6f46dbbedd4d4361387bef.jpg
0611,./images/0611/6de2f85050814ea49c7082d6204870bc.jpg,./images/0611/d9b46b3446684dcba429c6c058d4fee5.jpg
0612,./images/0612/2edb19c8077b44a9945f1ce63cbcb4b8.jpg,./images/0612/5fd51dc75fab402ebe242b479c5b5ecc.jpg
0612,./images/0612/7ad3fc4c8f0d46b4af44353094a27e0f.jpg,./images/0612/214178d5e371451f8e3b0ff7a6544a98.jpg
0612,./images/0612/e20b93c824894884b8a5824c22d493e9.jpg,./images/0612/a038a9086e99459cbba1c1126b39b869.jpg
0612,./images/0612/5f198d4bd00d40e1a20f56a23cbeef13.jpg,./images/0612/f35bc0338475427f9ae8f2e0276360e3.jpg
0612,./images/0612/d376f6df2b2949beb8d635afae525d95.jpg,./images/0612/cdc8bbf26ce94959b36e95d65f2d4f2e.jpg
0612,./images/0612/fc3ea332f3714bb2a83f2540adddc6a1.jpg,./images/0612/403391ecf24a40f49ef26dc1240a810d.jpg
0612,./images/0612/7c1a44c776ab4c8595682d7681e6b04d.jpg,./images/0612/e107b8ced96e48a8943aad39b885f8f9.jpg
0612,./images/0612/4eadfb15615e4923ba0db26a364dc7fa.jpg,./images/0612/96dbb80e09e4419d95a4e60a2b84e0c6.jpg
0612,./images/0612/9d606896d34f439caed2c629a40441d0.jpg,./images/0612/b81a82070913464199c33108d0ec0bc5.jpg
0613,./images/0613/e73ed304846747fc8b806defa96c9d71.jpg,./images/0613/7f195a98ef634187960e6b41b5156419.jpg
0613,./images/0613/8f018663ea094f7880513b99d16d4985.jpg,./images/0613/b10051e368264c579b6606fc4dab3fed.jpg
0613,./images/0613/56406e00f9d24a95bc25b5eb2d75f653.jpg,./images/0613/cd56ab89424b496197c692518f3fba56.jpg
0613,./images/0613/18504a5dbd6b467d8db2004f5cdca8c6.jpg,./images/0613/4be2057bdba648e19dd897dfddc006eb.jpg
0614,./images/0614/f9e8be20300d43a2aead8cb92cac538e.jpg,./images/0614/62b38dfc07ec40498a6208ea974cf05b.jpg
0614,./images/0614/8c9e748b93074eecaf7f138a5f82022b.jpg,./images/0614/c1b3a58bc4a445eab5189c04957719ff.jpg
0614,./images/0614/56aa6928f8f3472a8492436c043fb84b.jpg,./images/0614/edae3aa8b3b24d648b4ce7ca5deb1db8.jpg
0614,./images/0614/bf15ffdcd70d4091bb604924254c1fbe.jpg,./images/0614/897ac8f4423747f2a449512370e55a23.jpg
0614,./images/0614/ba7c5fc8060b44c58b2066308b6e8bda.jpg,./images/0614/a9e7073684b643c4870054c54637888b.jpg
0615,./images/0615/5923418880a9498099bc234ed4fe1304.jpg,./images/0615/c740ae83d8434b23bc58eaa67ba98d10.jpg
0615,./images/0615/0823d191df444bcdbd3c6ec413a97050.jpg,./images/0615/3241e0e042b8471dbb8a1d8d5ff389c0.jpg
0615,./images/0615/73ba08fc6aba424584810036d8149ab1.jpg,./images/0615/057ab22d17f54277906a689e9e674951.jpg
0615,./images/0615/ae9022766d504faa869a1b50ec89a833.jpg,./images/0615/e6034a38fcc54a1690faffcc3f1628e3.jpg
0615,./images/0615/46de77de379441e0995dfe4f056de129.jpg,./images/0615/39eae916afcb416ebd9fc372909c5e89.jpg
0615,./images/0615/e79b91af75c94dd1a4edaf5f607c2a27.jpg,./images/0615/3f917a4c7b164710ba9e6ee81aa888d9.jpg
0615,./images/0615/c8d007bb6e9f49479e986968398fe3a3.jpg,./images/0615/668cc7997fc34b578b4a276378a8d452.jpg
0616,./images/0616/edc2936fe22b48a2b6afe62f9ddf848e.jpg,./images/0616/523411e04b8d4613bcdbc6a577ced8bb.jpg
0616,./images/0616/1e623f88667f4d21b5d7ceda579b3966.jpg,./images/0616/235732fe00ec429a804bacf3a4640c41.jpg
0616,./images/0616/66ead5f862bb458ca56b731d319e9be5.jpg,./images/0616/151b8e5b55a3437a853c7475f6acba58.jpg
0617,./images/0617/75d2119fbbec49de8240812a0d258272.jpg,./images/0617/a450f3cdb20044369ebc858d2693e99b.jpg
0617,./images/0617/517456015bbe4e7892a465880400526a.jpg,./images/0617/f004b37715b542ae9c41e700c9b4a661.jpg
0617,./images/0617/a0989b82506543748ad3ae7edfe7c5e4.jpg,./images/0617/d7ffcb4b168444e7a2fd15eb1f7d4a23.jpg
0617,./images/0617/4a9ca099a7ca4551983a21524ed72a97.jpg,./images/0617/181819f7e5e448429181f5f01b48be44.jpg
0617,./images/0617/3187dafcd8de4e4d90c106c8044f1622.jpg,./images/0617/3fe12941839d4656b5dedcc1a694c79b.jpg
0617,./images/0617/3a317f3e3b8642149493ecf47ea714fb.jpg,./images/0617/5e9459fc403b4399af070db82234d76c.jpg
0618,./images/0618/de4dbc3a70e04c0f8ed9d4235097c16e.jpg,./images/0618/c893fc4182184a209fb82b38326f4ebd.jpg
0618,./images/0618/e15b89009c574ad69ae5959772308a90.jpg,./images/0618/436e05cc8fb34cb59d9eb1f37e2fb74b.jpg
0618,./images/0618/b356ac1e5e0e49198901f91c36758e9d.jpg,./images/0618/3acdefbdd544402c8a674ebfc3e592df.jpg
0618,./images/0618/f6f1041b5a6c4e84b6ce1aec22fa0c26.jpg,./images/0618/b74b6f5dcb8743c5af0d3c1e70211dcd.jpg
0618,./images/0618/319eb74c5be8403ca8183855dbf26e1a.jpg,./images/0618/0e8e2b99c8ca4be88fce98747259d746.jpg
0618,./images/0618/f041f7c8e5084014b65327b1dd639a48.jpg,./images/0618/491a2d65e03e452594459fffde907b7c.jpg
0619,./images/0619/5303548d8e6948b0a6ff330b2cbf3e07.jpg,./images/0619/2ad8e670f04a4220b76b04af328534ec.jpg
0619,./images/0619/c1e02824edd04e69b2b4f03fc57f8ab3.jpg,./images/0619/fbf143b7036a4d7dbc0113bcb895236b.jpg
0619,./images/0619/4e3aa135d4bf41c69bb171c69850c95c.jpg,./images/0619/c76129f708b54ab99d938db469a4f745.jpg
0619,./images/0619/9385b529cb1a4837b52dce8d439039ea.jpg,./images/0619/05e3bb5cd4c7417ba02c915552d201ff.jpg
0619,./images/0619/e44aa4de24224ca78e51380329e6391b.jpg,./images/0619/060991c374d84531b498f8fbf0fa2b11.jpg
0619,./images/0619/925a3962c6c148ed95da163cc19a83b9.jpg,./images/0619/1a4f110ab8da4d38b472dad5358388b7.jpg
0619,./images/0619/a6b7d5b5f5ff482a99202d6ac60c805a.jpg,./images/0619/5e98ce04460e4f9d99fbd4cf67858658.jpg
0619,./images/0619/5259e09a359d41069baff1ed811643d4.jpg,./images/0619/ae1355dcbbd74a88981fa94d5dc984d4.jpg
0620,./images/0620/af9f39c43cae4e1d99c796fd0011bd78.jpg,./images/0620/2b53a13dcb5545e290ee582d10aaac79.jpg
0620,./images/0620/f1ce35e8e8f34f57ac7e169a4cfc05da.jpg,./images/0620/aacf3d6811634f1e944828fc00f5f3bf.jpg
0620,./images/0620/14fa85c87a9b419bb160af13cf2f2c47.jpg,./images/0620/9b571028e6994a378a55524f29d25419.jpg
0620,./images/0620/cc2fc7db8aa74e1f87bdb0d61e73c84b.jpg,./images/0620/5ee490bb7b2e40f0899636e656285be0.jpg
0620,./images/0620/545a3c13581143f28605b4cc05298759.jpg,./images/0620/4c3a616fa8344bb99438111fff0a28fa.jpg
0620,./images/0620/0cba900cc66b49acbc064874c8387d3b.jpg,./images/0620/c1812e3315a24a30ae603ebb7570ce9d.jpg
0620,./images/0620/97dae7d09a234da8a81ae2561e4a43cc.jpg,./images/0620/d8d0a843a20046f0916b9a68797e3300.jpg
0620,./images/0620/e6df5ae180d84dfd9d2ac5d67317107f.jpg,./images/0620/cda69caf1f034857aa096347662f6a0c.jpg
0620,./images/0620/695672c63dfd4d75b4fe5b63ad1a6ea8.jpg,./images/0620/1b200a1fa0ac427a9fe41abfc89d9da7.jpg
0620,./images/0620/111142609df04c798c81dc2eb5aeec76.jpg,./images/0620/f7a9dcd0e87b46779222a12e81d198d0.jpg
0621,./images/0621/80cbafb63da045548e6708ffa02e5cb3.jpg,./images/0621/df761a780df04bfbaea0d711b0bc251f.jpg
0621,./images/0621/77cc8350bd724eb58edb4cd60d15db8e.jpg,./images/0621/aadd0e6b6815494c9671a0e2005cede6.jpg
0621,./images/0621/17a81d7bdc03429586b9afcc1390fefa.jpg,./images/0621/966042511f41406985ff4376bf5a1303.jpg
0621,./images/0621/6b9deb22e51b4995a97cd2a0f6808551.jpg,./images/0621/d41ab82aaf8c4f36aeb451f5db987c2d.jpg
0621,./images/0621/7db5c008ac864855a0e9c975391b1e79.jpg,./images/0621/c90562d8a79041d9ace5128b50df0671.jpg
0621,./images/0621/838c294e11634d8fbbde68007dc408cf.jpg,./images/0621/6b4b7ec75fa645e49f87658263f241d1.jpg
0622,./images/0622/ba5ecab8c5b04eca8bb18352dc1f4d56.jpg,./images/0622/767c16bbcbaf423cba30f2c6e910785f.jpg
0622,./images/0622/5bb145ba9e7149f5b51a9b2a49731ce4.jpg,./images/0622/0d1f0ea35e614aa18144d667db4e3909.jpg
0622,./images/0622/7ff9ffac77eb4ac49ade852d85c214b5.jpg,./images/0622/0ff5454caf5c452e9e63c33c2ed209f4.jpg
0622,./images/0622/e228fd263d6d47f89888b16e31753968.jpg,./images/0622/edf0882915fa400f992d849e5f40d9d3.jpg
0622,./images/0622/11faf83dc9c2486c9ee35eacd2a32bdf.jpg,./images/0622/35dcf4b3a0de43e2aca14aa1c5e7e7eb.jpg
0622,./images/0622/0127b94b24f04db3ba40cd2aea811b6c.jpg,./images/0622/f5859572883d4a6d82ed3c4d82d7cb8a.jpg
0622,./images/0622/8c1e2eca0f7243ffa7357bfb9a609d60.jpg,./images/0622/66eb23f1980147fb95b0efca733c3e76.jpg
0622,./images/0622/96d2a466540445c6b915862079aef6c1.jpg,./images/0622/d2491999ee854ef7aa6ca973229cd2ac.jpg
0623,./images/0623/0c2eaea93b8b4593b9f4a19736a66024.jpg,./images/0623/af6874a0448343e989cc99b4e1385ba0.jpg
0623,./images/0623/3d62656e39d2468481364b527ee48e20.jpg,./images/0623/d1fc91b3d5544aec8c8e8d797b7b5f58.jpg
0623,./images/0623/874917d23f9241a29024e84bd29e5fbc.jpg,./images/0623/d21bea92b477499780089fb566f0beff.jpg
0623,./images/0623/367f05816d60402181f622dc08b077d1.jpg,./images/0623/f3dd4bb09a214c1b9edd9dbd76b1e592.jpg
0624,./images/0624/d7f6028506514d7ba8bbb0a80ed69b9a.jpg,./images/0624/0ebe2376476247dd87c96ca43d148d28.jpg
0624,./images/0624/88d1a7a4381c4ddda106453afc37558e.jpg,./images/0624/aa4d2bdd37cf4ecf8700d6d2f7b973a7.jpg
0624,./images/0624/0c1eb90f31d74590acaeadd3023823d1.jpg,./images/0624/c510454a1021441f9b2d2e4b9a3e24bd.jpg
0624,./images/0624/8ca1bcac767d45c7a2210c429d6736c8.jpg,./images/0624/7f9830f55b8441db8118438276bcbc92.jpg
0624,./images/0624/8e49d75f69ab47faa3b2d0651fea573f.jpg,./images/0624/b89b865bab2c45c7a7c248a7cfb4d515.jpg
0624,./images/0624/73fc5c2887e64c14a7b1801862aa5244.jpg,./images/0624/4540ca0be06a4b8891d87037c5362491.jpg
0625,./images/0625/f65c31e4fe214ecf90ad261670ef2ed7.jpg,./images/0625/6ce2675275c84b88b96b9df78414c02e.jpg
0625,./images/0625/c7e8c043cf2a44d7a23888d5b837acd0.jpg,./images/0625/c902896d46d0466480b10e8ba2b4c4d6.jpg
0625,./images/0625/e21f51b2b9dd4336a80d6f805456518b.jpg,./images/0625/c7e34f13ce154bc386140185985d3f82.jpg
0625,./images/0625/4c38d7d571a74e9e87743b1e61b73190.jpg,./images/0625/a078fc78f2c249988bca6c79aed5946d.jpg
0625,./images/0625/135f20a47d8e4bbbaa78aa9ac10d065e.jpg,./images/0625/ac25237033e4416bba35f82aa156a7c1.jpg
0625,./images/0625/622a3acb3bea4a58be6a6ba2103c09c8.jpg,./images/0625/7c629e1741c445d1a93e318a44791fab.jpg
0625,./images/0625/44c32060292c4bd38b7e23182c8603f5.jpg,./images/0625/92cd2c1894a046df9ab44ff6e0f2774d.jpg
0625,./images/0625/455bf5f141c842a2b983c5c97e655bdb.jpg,./images/0625/e950e49f85e04852abf2a98754c64bf9.jpg
0626,./images/0626/7160800d0a65481bbd4818b36f4ff5b3.jpg,./images/0626/8f33768dfef142e08b2f53949ba3fe67.jpg
0626,./images/0626/f70d603e36924c7082ff62a2a39273c3.jpg,./images/0626/6d9c165cd95e4a8984d5a72f26430de7.jpg
0626,./images/0626/cd14710a26da437d9b3d06340dd5f5fe.jpg,./images/0626/25fae42d3dd349c89b2235670c96a66d.jpg
0626,./images/0626/1c40d9da691a4b2a894a43750120e1ef.jpg,./images/0626/6439c4c052434fdc890173dca4b86568.jpg
0626,./images/0626/cf26bbb959ad4324acb398184aff6b61.jpg,./images/0626/b8cacd925f6046d396992cc0e8b943fc.jpg
0626,./images/0626/62c34702abfd41a4bd7bea6dd290eb32.jpg,./images/0626/1f5007323ad74e1f98291b8304520452.jpg
0627,./images/0627/31b82bd38a364cfa897f5cdff1c05742.jpg,./images/0627/578a10ea2dfd4a64991a0021b89a1086.jpg
0627,./images/0627/d3e14816d5854afa872a516bbad51bcf.jpg,./images/0627/a77b99938c7541788cda4536203d919e.jpg
0627,./images/0627/cbc54710757844d1bc927ee442b2bea1.jpg,./images/0627/4013c5c57714468e8816e693fe644980.jpg
0627,./images/0627/73c041d65656401b98e1a9bc980c17be.jpg,./images/0627/4272c3fdf3354b31b697d946f15e6ccf.jpg
0627,./images/0627/83d188b9c8c743cb9954a91509c5d645.jpg,./images/0627/e0e4460e044e4f90a2087ee711be9d37.jpg
0627,./images/0627/df8812a79a024408ba0822868a1dfe7a.jpg,./images/0627/a4feb4cb59044d65a9a90399a5cba42d.jpg
0627,./images/0627/58a879ba76414fcba54de1d55ca15e4f.jpg,./images/0627/d690329b085f47ccb5631699bd5f40d0.jpg
0628,./images/0628/84a46cea292e4fa6b01026ea6936eb9c.jpg,./images/0628/98e75dd77c9444329567f823c969a839.jpg
0628,./images/0628/02eb777e3ac547f1b32e65f14e91167d.jpg,./images/0628/50b9acf9a71e4f2bbf5980c3c520c913.jpg
0628,./images/0628/48d0d13a1d18467bbf21f9ef47b555ed.jpg,./images/0628/63092b795c0440088f3b405479a5d896.jpg
0628,./images/0628/8f3912cf7b6c45ea85dc2a706b7330f4.jpg,./images/0628/82c40f3e167946e387beac363613d6e4.jpg
0628,./images/0628/f5fe90b183014d3caf549b42825ae693.jpg,./images/0628/0e1d08c64a334fbebbd76a335594f0db.jpg
0629,./images/0629/0021434d727a42be921da187ec291ed2.jpg,./images/0629/d1968f94fdd44a25a9973351878d5619.jpg
0629,./images/0629/e68e58ec73a9424596fba6e73937ebed.jpg,./images/0629/f4b82f5370a74297beb4972366193d09.jpg
0629,./images/0629/b02158f8ca894fdabbe1eca01517b93e.jpg,./images/0629/f41717e4255246079caf82c1ea12e5bf.jpg
0629,./images/0629/ea957933fca74497bccc4183789168f1.jpg,./images/0629/3564518f865d453ab540c0da5fdc265d.jpg
0629,./images/0629/59b9143601fe446bb3d0056156cf999c.jpg,./images/0629/a225e256003c4fb7a1a46fb87eaaf1b3.jpg
0630,./images/0630/472e6bb5cefa48f285e730046cd78c1f.jpg,./images/0630/ddbfa3fa81b74b3da642fa533f68eeb0.jpg
0630,./images/0630/74252f4436d94da7901c68ca8b893d3b.jpg,./images/0630/77f0d8cf9b704d1791444420fa8f828b.jpg
0630,./images/0630/0c972ef973104e4b8124b4176d0b103a.jpg,./images/0630/aaa1a2aa718540eea71eeb52dc1f75c1.jpg
0630,./images/0630/5e033ab566864cc1a1c0cd8dd452a76b.jpg,./images/0630/bc53b97a85b44a15a69a8c47a36792cb.jpg
0630,./images/0630/dd5b14ab2e11463d8a500c21b640c330.jpg,./images/0630/b4fbca528f2345779b66354973ecb4cc.jpg
0630,./images/0630/3ef4c7db11df4dba820188dc3e9406ff.jpg,./images/0630/81b2ce90e46f4617875fa37b072b2d13.jpg
0631,./images/0631/b79b8e87b629454884fa9652f5bf98ed.jpg,./images/0631/ec737ddbb7874186a4251c6e55997748.jpg
0631,./images/0631/0cf45bc313024e75965b44bbeb103354.jpg,./images/0631/c33718c1d02d4aab9be97b00110434b0.jpg
0631,./images/0631/dd2a9605d3704edb8166e03da49cca44.jpg,./images/0631/d386fb56ffe043e28cf0c1f74e86d803.jpg
0631,./images/0631/17c2b702795941908c4dec35d818a40e.jpg,./images/0631/8012b11abad74b3585b7c2f864b44a3e.jpg
0631,./images/0631/f3ac239170174855840c4d64987b5d7a.jpg,./images/0631/c9009da50e1d49e08637a59f15a81afb.jpg
0631,./images/0631/13552bda5a7847eda91519074f0eb9e5.jpg,./images/0631/7a102912fc654675af44e049711112ae.jpg
0631,./images/0631/6b2b831022da428a8fd36dd0387d81cf.jpg,./images/0631/aeebb38b8e754e3798c0415e42ad5c9c.jpg
0631,./images/0631/732c38ea47cb4bd48ca5c634443a09b3.jpg,./images/0631/bf7d4c2ddf4647798d314a7b7aa8f2d3.jpg
0631,./images/0631/445e750b1bdb4f70ba482713807e85c9.jpg,./images/0631/4dacec76f0274894a159d83c535ae057.jpg
0631,./images/0631/30fead97c7f641ff901ca0438e7feb1a.jpg,./images/0631/8626183f5af842c3818cc780d9c39da0.jpg
0632,./images/0632/637155ce507b4a0583d4c75e04112c7e.jpg,./images/0632/f9179b8eb987484e98c39ee0e0bc9ea7.jpg
0632,./images/0632/7aa0fc610c0e49b9a96811a979c310aa.jpg,./images/0632/e81120565ed74f07833f9b3be0c2b658.jpg
0632,./images/0632/08c64c95a17943419cabd66b316e741d.jpg,./images/0632/c2597759549e454ea3f4071ab5739f8c.jpg
0632,./images/0632/8f933549d8c84e168cefede88809bd54.jpg,./images/0632/8f6959dc90db43fea1afc2d1fcf39ed3.jpg
0632,./images/0632/560cdbfdbb8c4610afcb7b21dbd0416c.jpg,./images/0632/68ee107bce8c49f5ab618e842368bdba.jpg
0632,./images/0632/f23597c634cb408682570393f0e39d4f.jpg,./images/0632/83d4a4b6595746798068739a34992577.jpg
0632,./images/0632/ad6c7c4e3b97464f911259119bd15cdf.jpg,./images/0632/2f7de5d3e05648aaa768dd0450cf4ab4.jpg
0632,./images/0632/ce1c4d4c84154399a8a2292035c9c7f1.jpg,./images/0632/3c59113640754d3aa7b42932735e475b.jpg
0632,./images/0632/b652afdeaea7463a934b76d4d09b196e.jpg,./images/0632/26ac9cd2bba24e95bf8315f57ab62e24.jpg
0632,./images/0632/88e42d9a2f8a4f94a70c0ae94035f9df.jpg,./images/0632/f6ff0bb3a43d4162944208cffbfa655a.jpg
0633,./images/0633/55bc4299254947329b029184e1cc30ae.jpg,./images/0633/d773f5d448ed4732a3c678fc3a6bbc92.jpg
0633,./images/0633/1a0f147acc694fc9af024f1cc922361e.jpg,./images/0633/b0e1c5dae3f84f9f9c24296db2976006.jpg
0633,./images/0633/ef9d742af7c54a7dbca36cf86688c199.jpg,./images/0633/e19c85439fec4ce884e589076e816cc8.jpg
0633,./images/0633/25231ada9e43488696c0f173e6a5cd2d.jpg,./images/0633/cd9a9651a8d64acb88819541917d62ae.jpg
0633,./images/0633/454cff2840b5410580077b40dcb27446.jpg,./images/0633/1949a6d64be04e449e4aca5d6fd8954a.jpg
0633,./images/0633/b3ae4805694a4b8f99f281b8a6f76e59.jpg,./images/0633/a96478a2729a41e083a39fa28fe3eb06.jpg
0633,./images/0633/4c4ab08b4e734b418351cfa3a97d86eb.jpg,./images/0633/87544672e9d54afa83e51d521e2594cf.jpg
0633,./images/0633/5937f6fc4abd41069dea19247dda1e17.jpg,./images/0633/54d73e5bcfa94127a4d67d3af8bed701.jpg
0634,./images/0634/35dc7b187dfb46f085561c6daf241ebf.jpg,./images/0634/be093c05c69748058cbf10147afac535.jpg
0634,./images/0634/0b6890ca8a5644828e3cd193922a56f4.jpg,./images/0634/79951ec0569941519c57e7edd4a692e8.jpg
0634,./images/0634/26011a72c93b4715bac901559dbfa9fd.jpg,./images/0634/20ce17eb45324d06b996577e38c4e8e3.jpg
0634,./images/0634/8e8ab5fe0cfc49cd96432c02c6fee395.jpg,./images/0634/d9e6bb92038d4f0983cd8ea8006d8313.jpg
0634,./images/0634/cce0bf24649346ecb31303dffa9a9de4.jpg,./images/0634/90d87833962f448d81c6d360984cdc15.jpg
0634,./images/0634/9705958fd39641fabbef3b6f162d0d92.jpg,./images/0634/68ee55e9434241d69f2cb6f689340cad.jpg
0634,./images/0634/80cecd989e0046c29c527558bff27430.jpg,./images/0634/c0aa9a2e9a0e4f11b61c0dd05ec16552.jpg
0635,./images/0635/6cbe3d1477fd4a0bb554f41102a367d2.jpg,./images/0635/c70d341e66814a93ab07b2997988c5c5.jpg
0635,./images/0635/e0e32cb831e74e9abf596e9cf84d1d08.jpg,./images/0635/204dfcf4a0574eb8b4e8308c6f637e4e.jpg
0635,./images/0635/ae157a405c1a46ba81c15722ce49622c.jpg,./images/0635/7f10cbb69bb24c40a821695f06e131a3.jpg
0635,./images/0635/f08946b5182a4d3c82e9941234c3bbe0.jpg,./images/0635/e28a7d3ffdf54e2f9fe081ea06362f70.jpg
0635,./images/0635/59d0546eac5f4ddaa586735e58662e9e.jpg,./images/0635/3729e438aaef4523b896e55e9d6c1edd.jpg
0635,./images/0635/e14799585e46430c97ca8fe7ed030f3a.jpg,./images/0635/2d839780945c4e51b11dc75b30b51970.jpg
0635,./images/0635/7e2058788802403abd2820bc809c881c.jpg,./images/0635/aa7e896cadf144b18b8a3c964d920c2f.jpg
0635,./images/0635/cffc1856e9d444448975c734b1725717.jpg,./images/0635/67c88c4cf4fd4435b5fe4c9f2b0040af.jpg
0636,./images/0636/5d8152a1200f4d03abc681feda023797.jpg,./images/0636/5bb6caea71264b0a9579cd00e9b5d8a8.jpg
0636,./images/0636/40eb60cb5676449eafc54a4c4fe2e447.jpg,./images/0636/a4c1df688a8f41da9c7e34909f897699.jpg
0636,./images/0636/b5edd778e03b4fffb2fa18dacc1f718a.jpg,./images/0636/1f9bded14f34416c8687e8963e8b94e9.jpg
0636,./images/0636/63a31924d6de42b4bc565de54a0b1ab8.jpg,./images/0636/482b7a8e9cf9491497e31a207c80eb0c.jpg
0636,./images/0636/0dba825b25dc4de5a0affd6189a08170.jpg,./images/0636/f896d07c2c934d7d96dfb4502b91e7d4.jpg
0636,./images/0636/dc20b57206c942578f0aee7c07fe8ab6.jpg,./images/0636/980331e3f1d640f8b883c3f304336f2e.jpg
0636,./images/0636/cf178ba8485d4193830e40ea65682f01.jpg,./images/0636/b41660818a1d4160874202a9975d86f0.jpg
0637,./images/0637/026aa40956694a9b897d26bd13cca852.jpg,./images/0637/6aeb2ccb526b43dbbb2ff3632b27329a.jpg
0637,./images/0637/98fbe160a0fe4a4192a9f2c82f603cef.jpg,./images/0637/386581398bd646ad8574c404374146fa.jpg
0637,./images/0637/af7a9c0f99dd4d958f866e49546edc17.jpg,./images/0637/b912f722d8de4b108e5c009f31f5d2f9.jpg
0637,./images/0637/1a511987d2c84225ac1f119343a8b819.jpg,./images/0637/592e548135154bc5a30a398f5c6ede87.jpg
0638,./images/0638/51ec27e044b1446cbacddf2a527e115c.jpg,./images/0638/517f31df5ec64bf6a2600e3b0fb4d53b.jpg
0639,./images/0639/2b98cc64a1b3493da863730e62405dc7.jpg,./images/0639/62ed361fc5864e2ab981f800b6d018b5.jpg
0639,./images/0639/8639aad4923148f491afc0109ecb5f34.jpg,./images/0639/28f573670a354e46aaa9f89c9b8eb4f7.jpg
0639,./images/0639/d502c3d6ef684672947cb3bc23027f84.jpg,./images/0639/c0a1bbe484124a32b9affa1b17c1115a.jpg
0640,./images/0640/48624819e69d44e7ae981f404c8d77ec.jpg,./images/0640/d0fcb3cc0e574657a1ed06b7c071b02f.jpg
0640,./images/0640/abe4491a399947ddac64e5edd7fe7a53.jpg,./images/0640/5051b5ac55a54d1cac4f8167c760399a.jpg
0640,./images/0640/50928b5c10b34f52a2953da3327c8fb2.jpg,./images/0640/abb3d44abbcf4c7f8daa13f69bdca58c.jpg
0640,./images/0640/e3dfe41f74824d149be1f0225965d1ee.jpg,./images/0640/6c9869148e2b4f31b4653c3cf0692b69.jpg
0640,./images/0640/91d370b3a39040f7a172931dc43831f9.jpg,./images/0640/ade66b7acfbd45cfb743b4a98a2cde02.jpg
0640,./images/0640/df42d5c90b7b44f092011cc672d27439.jpg,./images/0640/b894b54b2590496dad3571a39a66af53.jpg
0640,./images/0640/10427afc348044a7ace7ae0bdc30ddd8.jpg,./images/0640/f2a1eadc61ad4df9b8164271dcc927b7.jpg
0640,./images/0640/da5876ac2a9449048872a0b5f9a54765.jpg,./images/0640/5970458ed8024621a3e9044e183be6eb.jpg
0642,./images/0642/06cd75151bcf44c78f15e93a5c8ddade.jpg,./images/0642/6cfc53bd27094ee88f4e3106ce66ba02.jpg
0642,./images/0642/d9c377c54fa14163b1cb65ce7901477a.jpg,./images/0642/d9daf8e017934ebcb48d8a48e2a8cfec.jpg
0642,./images/0642/a3cdc38aab544e0b919ad15c3389653d.jpg,./images/0642/ce9436f2b4ab4066a1d01b6807ee714a.jpg
0642,./images/0642/77263e90ab3b4eb2801ff9c4e585b9ca.jpg,./images/0642/9da7c6ce14d244ce9ab0efe9671565a2.jpg
0642,./images/0642/ea4da593607242b98b601dc603ec0706.jpg,./images/0642/055db9fba9c9427db154901f52aa2dd6.jpg
0643,./images/0643/cde6b4e9a428484d9b1e700f63ccaf3c.jpg,./images/0643/a994c0ceed53451e80c480d4393ea251.jpg
0643,./images/0643/308a187c74d6414085ecadeadc96e05c.jpg,./images/0643/1dc4059b92604ead9dd4c02a8803f464.jpg
0643,./images/0643/b7ffc6a15cc54719b8802228eaa613b1.jpg,./images/0643/9b70e18adb7a401f8f1149946ed012dc.jpg
0643,./images/0643/2b6b5993136048f0be6eff02bf499204.jpg,./images/0643/84421568bd4b4f2cbf2e9e7b917cfcbf.jpg
0643,./images/0643/fbcb8b2614b74db583fee02a9d4002f0.jpg,./images/0643/737340475c7c436bbd0e6b72d8d0e28a.jpg
0643,./images/0643/39b85c56487149629be5b1b98f7ab046.jpg,./images/0643/8362cb71b40b44e8874cc5cd8f10195f.jpg
0643,./images/0643/348f4b084f064475bb3599cfd709a762.jpg,./images/0643/9f5de1024ff8453195f4de5f7c0121c5.jpg
0643,./images/0643/aca66076e24241a48702661f2aa47153.jpg,./images/0643/594265539af343778034e28b15fe4591.jpg
0643,./images/0643/55fbbb9b2ad14302ab0a2bfe5f541548.jpg,./images/0643/d77870891130443e96029a92d8b13f42.jpg
0643,./images/0643/1b6e8ed2f3e944469236d74bb80722c6.jpg,./images/0643/8b71cec54eab483499ba5485e4f8b9fb.jpg
0644,./images/0644/11e110764ce147c9babcff6d090d29d5.jpg,./images/0644/4c442f63dba8420985e36c771108362a.jpg
0645,./images/0645/4de8d704d4e1432ba56aebc90da8be81.jpg,./images/0645/601934e40bfe4a328df8382ca9cdb995.jpg
0645,./images/0645/9ae2fe58c1aa4cf78e40904c1429bee3.jpg,./images/0645/55b22bd5557747618d2dc40d64e8d2ab.jpg
0645,./images/0645/1a4fd1e8c5ec47229385e4e00678469b.jpg,./images/0645/c46b88a5b39a41218ea6edd558e20f43.jpg
0645,./images/0645/57c795ec437e4b89ab3368621c8dd2ff.jpg,./images/0645/3cfe87f0965c42d7bf715baad9e4f0c5.jpg
0645,./images/0645/fd29d7c6e7824c92bdd11634520cda14.jpg,./images/0645/65b5e1220708487db5b780e572b60dde.jpg
0645,./images/0645/553265ce455b4ca8b771ec27ce50846f.jpg,./images/0645/c2e661f5537b4997a7a6484c086b087c.jpg
0647,./images/0647/46ce393400ea40c08c409573542892b3.jpg,./images/0647/678588649b494826b69d3609a4719d22.jpg
0647,./images/0647/75e34389245848fab5ed9bfa40afdf59.jpg,./images/0647/692ddc3a9caa4aaea426100a1f80f831.jpg
0647,./images/0647/d94bd1b971674189a694cd338a0dcaff.jpg,./images/0647/7e342faec0b2496b9c78cc53f799f69d.jpg
0647,./images/0647/2f3d09f6fc034cbe87bc3dea6d4a64ed.jpg,./images/0647/4c383cad4cb2426aa5081ad99242ef4e.jpg
0647,./images/0647/f786c84b3ec24ec4b1154aa70e859109.jpg,./images/0647/62c62774ebb84708ad9b8b58f10e2ece.jpg
0647,./images/0647/073037cc029b4d36adf225359a44c695.jpg,./images/0647/e0b49220675346818571f171a2fd73ea.jpg
0647,./images/0647/04e65d52b967496f9dccd70b457df51a.jpg,./images/0647/fa78cf80e0f0452aad1086da1500e02a.jpg
0647,./images/0647/5b905487729544bfb5d36e19b742f724.jpg,./images/0647/163abc40df864a70b205f1005527a559.jpg
0647,./images/0647/faada1e9a724463bbd3d237f31f04cca.jpg,./images/0647/ce71aaba95ac4dda96393989197b79cd.jpg
0647,./images/0647/8d98cb76fa9c4bf9b6d0ac67e6b73faf.jpg,./images/0647/86ca26f66fd54192a32a15acb54fd674.jpg
0648,./images/0648/be722e4636be4f919f29ae18cf6c8666.jpg,./images/0648/fe967a31a7cb40c69b6a717f821288d0.jpg
0648,./images/0648/6009bee7e46d49f4a93ecbbc7b03a128.jpg,./images/0648/80209bb933f74cebb592ac50522673c5.jpg
0648,./images/0648/bf196674d26b40bda72ea3296304bd81.jpg,./images/0648/892d4737ea2c4becb8fb1099944a373e.jpg
0648,./images/0648/1438a13658e24d3ab0d8a716e76f3f56.jpg,./images/0648/8b26939d70b64c4199e6aafd7abae734.jpg
0648,./images/0648/3d9f5e434ed7459590918c326f7006ac.jpg,./images/0648/46157c7e2cf54088b4dd08863204f30e.jpg
0649,./images/0649/19bd8f4210d3403a94dec8643dad035a.jpg,./images/0649/5540e411f91249588486b82353cc4f99.jpg
0649,./images/0649/04a183638c8843888306ccb24f57421f.jpg,./images/0649/7df363d8aac545d3b734186841e28c26.jpg
0649,./images/0649/a941c82b8a4d431fbd212dfb59459734.jpg,./images/0649/4ba6c69337a94bfaba3ec21b4b37aabf.jpg
0649,./images/0649/d8703d4959194b1283141d6de50b78fe.jpg,./images/0649/c0a15eb4fb574a2da29852a8324bf5cd.jpg
0650,./images/0650/3da255625ba94d1c8908daa30c4290cd.jpg,./images/0650/617257afe7ce477497c54a2f1ce5e534.jpg
0650,./images/0650/98ab16d015fb4c0a8a780bc075a4d25d.jpg,./images/0650/2278f4894886481caf01fa77ecc37665.jpg
0650,./images/0650/d72ce59e4dd644d9a636d2920498c702.jpg,./images/0650/a128744847334c36b777d6efd769d6d3.jpg
0650,./images/0650/d0587bd0bbca47f3a507e17c6d654393.jpg,./images/0650/c92f2fe83d744966913732950be51faa.jpg
0650,./images/0650/4243770df3ed4bcebd7a45dc50364380.jpg,./images/0650/ec1da42434f14863a6f6ba23b1ca98eb.jpg
0651,./images/0651/bfe4b21f0af447a29d89dadc34c7d845.jpg,./images/0651/f1fcd2bc90fd47f7b54df273428efb16.jpg
0651,./images/0651/86aeda948ad248dbbbb238e655a0f2ae.jpg,./images/0651/9ee9ac745d414f78ab28d9e237961da7.jpg
0651,./images/0651/a55320dd474047b987e605c44904a75c.jpg,./images/0651/c30c8d1ba7f548d08caa185abdff15bd.jpg
0652,./images/0652/8e41c4fa87b2408f918289c3ae19dbac.jpg,./images/0652/a5c6c6378fb342ee9290afc3d5257e95.jpg
0652,./images/0652/67f4a7cb33eb40a980a56a078a7e785b.jpg,./images/0652/8870c03f56b241a8a31f58069b81d8ae.jpg
0652,./images/0652/a596447729f642e1b1e2ffe08a444681.jpg,./images/0652/c3faf33dca634ad6b895e80e60f43039.jpg
0655,./images/0655/b1bdc46bdb3a443787ac58e39d87be3c.jpg,./images/0655/174790e60ffa4411b5f6688ac47a7feb.jpg
0655,./images/0655/aa41db72dab44f62a61c693a03889308.jpg,./images/0655/385ab751f262430db566a9aa6231c17c.jpg
0655,./images/0655/f5f3adae44304b86890793b1f002c9e2.jpg,./images/0655/b58c1503c13f4da99170f865a3a9c851.jpg
0655,./images/0655/eec34601b16f424c988c30483f866ce1.jpg,./images/0655/e65ac5e0fe9e423c9a28cb19c4d9bd2d.jpg
0655,./images/0655/bbbcdd3997e14cadb2e3378b3a740c98.jpg,./images/0655/ba88cb4e0ce6491fb13ef7d6dbd07ba9.jpg
0655,./images/0655/22854050ebc342d898d101612086dc27.jpg,./images/0655/e196de3ce36442579c5ba7d34c773d7a.jpg
0656,./images/0656/978a8e7575e340d396a12c6b2595ef0c.jpg,./images/0656/4bba06eae3cc42558bd98c4479979550.jpg
0656,./images/0656/2a061627cb92438e904e21828ee0940e.jpg,./images/0656/0029e7b0aa464988a9e810b54efc3d91.jpg
0656,./images/0656/0bacad4712294969bbed8a85db800f84.jpg,./images/0656/2c9b490166894030b2aaa4e24fef3318.jpg
0656,./images/0656/84f123d34fdb439580bd5b1ea69098a3.jpg,./images/0656/30af09827e1d4a34b10472206f91b234.jpg
0656,./images/0656/baadf23220b24c51ad6c8a3234504401.jpg,./images/0656/eabb2f43ab4448e6a1d76bdbd80dfbd5.jpg
0656,./images/0656/2447c33733c44728b7164d4601b5bbd5.jpg,./images/0656/3f8976d52ce840d2b10e777eed0baed4.jpg
0657,./images/0657/6135cd9e9c6c4895853dfa1a2e3fadbd.jpg,./images/0657/695d1f57f67d4f1dbee133ffcf2fcb00.jpg
0657,./images/0657/90d148c1c3204811a01f97275dd7441c.jpg,./images/0657/2733289dbbd04d59b2ae928537b57b29.jpg
0657,./images/0657/6f8ae9caac184daa895b4ad7249c0019.jpg,./images/0657/6c3360695a5241c9a890d7968bf60b7a.jpg
0657,./images/0657/fe9cb873af0a4414a02b92a13bd32429.jpg,./images/0657/8894d7260c804f0bbbc1ad107e152e8a.jpg
0657,./images/0657/df75c7ad07a1430789e18ddb2ad5792b.jpg,./images/0657/03f16bceeea44589a7f9a8c43068ab08.jpg
0658,./images/0658/cf3610d97ffe4d7f98fcdf68de0adf61.jpg,./images/0658/c11d561ac0b147ef8ef8a77cc87617b2.jpg
0658,./images/0658/33fdef9b5a26491893f284b017174047.jpg,./images/0658/824d8c5f17e046c59001426b8a836df9.jpg
0658,./images/0658/21c1b7c59ac443baab70960f0cb8a2b3.jpg,./images/0658/c42b129256994fa8a9eef06a96fe0f8d.jpg
0658,./images/0658/ea69ca1445504bd88cdb5871f35c0acf.jpg,./images/0658/e739aa63228746aa9ba0044802b53342.jpg
0658,./images/0658/8a3b3f33d22a4c3b9f1c610a8213adeb.jpg,./images/0658/466f5060f5534dd58f3fd7a2ae260c00.jpg
0661,./images/0661/0c536fcff5634c04ac78ffd70f5b8485.jpg,./images/0661/1f2ba36d9e6e4259aec8bf4ec5e3644e.jpg
0660,./images/0660/8903c8e572194d1cb22785eac088b01d.jpg,./images/0660/db0dd7d527bc4dbdae35cfdac704da07.jpg
0660,./images/0660/a4599f76bd764fa8b6294abbf1696bf7.jpg,./images/0660/f5c2bf3201714f4c8647c3aa0e1d644d.jpg
0660,./images/0660/f62c2749b01c42c4b7c2d3398c6e1f78.jpg,./images/0660/8d5654bc41614fcbb83f268824ad5dac.jpg
0660,./images/0660/5028c3c584ce46ad898e9ca4bfeb007e.jpg,./images/0660/bee1347545b0465aa999e0c447fe77be.jpg
0660,./images/0660/b87ff125a6e14c269867880aa0a83f45.jpg,./images/0660/eee09d47c7904040b1d78bf535e68899.jpg
0660,./images/0660/f23262872585438989f5e2cb9196d8d1.jpg,./images/0660/730b5be2482b444faa70da4056ad6397.jpg
0660,./images/0660/4bed37e6b205412f8e7f5c15e625faa0.jpg,./images/0660/85ea9de4767e44c0a5bc75a2ebf4bd5b.jpg
0660,./images/0660/e03499da0a6f48c1b11ab18a63ecd82b.jpg,./images/0660/cad645b32557450c922bacf201cbe279.jpg
0660,./images/0660/201d9316d2e643f2a72f0404660f7fe1.jpg,./images/0660/9efc40bdb5224eba9732a134043d066c.jpg
0661,./images/0661/007bdf146d094a7ea69b21ba6863b603.jpg,./images/0661/5568374a00b243d5bd784710f41efb57.jpg
0661,./images/0661/b981c1048d1d4b1b964a39b348a69ff0.jpg,./images/0661/71b9c36a9d4e4f1f946992fbd522733e.jpg
0661,./images/0661/d1b83624916d44629df6fcc745443242.jpg,./images/0661/7d782583961a4826b063b6c5aa9c807c.jpg
0661,./images/0661/92ceaf9dd3a54bf398a10852f1413763.jpg,./images/0661/6efe7f3c53ff4112a3fb18211d6b96df.jpg
0661,./images/0661/604a44166210488b8a06410dbb2e0fb2.jpg,./images/0661/8dd201565f124569974d0cc1b133918f.jpg
0661,./images/0661/07c3f91097454263b812cf639080c732.jpg,./images/0661/d5a3631a72124031b005fb61acd2652d.jpg
0662,./images/0662/a39137ad2a944e9ab472384aa2427fc2.jpg,./images/0662/ab1efd00a12c46b89663c76ac4573c3c.jpg
0662,./images/0662/524dabd5ff98415d98af7c68dc199167.jpg,./images/0662/76128f8569514970b9f4e8314676557c.jpg
0662,./images/0662/c36697b0fdab490fbb948692b5e1b4a4.jpg,./images/0662/bb81539ab81e4165b291126d7a1f7743.jpg
0662,./images/0662/f59a87677cfe4cd38874d79b36c8acb3.jpg,./images/0662/31e7eb5d6fa244e8aed7ff426e5d83e1.jpg
0662,./images/0662/8df0c8ade2bd429d81415053010ff14b.jpg,./images/0662/bb87001f100143dba454053505869bc9.jpg
0662,./images/0662/382d9dda1c834bce9ffe66084a5c183a.jpg,./images/0662/97c92586945344a08477f26d7402f500.jpg
0662,./images/0662/48b4b012f4e040e6b6a448b6c017be47.jpg,./images/0662/1eece2f64a7f420099dfc1cd1b650cd6.jpg
0662,./images/0662/1465a85fed484c09858fbc203b6efb0f.jpg,./images/0662/66499e03029042319dac9aedf2328991.jpg
0662,./images/0662/12a68691e8ff41f0be319bf8a135af72.jpg,./images/0662/5910380e82964454bf0ec9e9e706136f.jpg
0662,./images/0662/3fa875c71353442e8c80f5636224199d.jpg,./images/0662/2f3422266d164a458516acaf7497f909.jpg
0663,./images/0663/5402014276244213b39d94734d2e5eec.jpg,./images/0663/3ec406011c074260b90e563844845aa4.jpg
0663,./images/0663/b64fdbc237484192990828f78bba1e23.jpg,./images/0663/4b401d1c1f1943958587e3b35146aef0.jpg
0663,./images/0663/a6b08db56e1c416d9035c15faea38228.jpg,./images/0663/66e0646f435d4f9488cba6425bfc761c.jpg
0663,./images/0663/6b829e91a918425892ed34ac91d58b4d.jpg,./images/0663/9cbc46d710df4e768bbdcb6c6cf1cbf0.jpg
0663,./images/0663/55ef54dbaa1c43a287078f035e15113f.jpg,./images/0663/d30d7544a7c148d4b92cc08554ce0016.jpg
0663,./images/0663/2747e68abee2442c9aca542b41ed38f2.jpg,./images/0663/8000ff2b33244325b12dbc603834e3ab.jpg
0663,./images/0663/179f99755ed440a3b44bcfe88679db33.jpg,./images/0663/4cd89e9b8cd8408e82408a7fc1cdc410.jpg
0663,./images/0663/cebf83ee9ce547aa809ec02338ebfaa6.jpg,./images/0663/9f0c11475b99405b85f05d75fa80d20e.jpg
0663,./images/0663/3f2a70863f7f4912854d33f3123b39b2.jpg,./images/0663/c343226da8e64787b6d5691af3c101de.jpg
0663,./images/0663/abd9f41c6e484dd8ae46eb2d39fe1893.jpg,./images/0663/56094098d12f408eacf5c976454c4aa8.jpg
0664,./images/0664/c441fd4426754eae9a3a1608d76ebe01.jpg,./images/0664/b39d650e0023411b9e8aaf2fbeb562c6.jpg
0664,./images/0664/c4a82ffda6b5450381645211a9f181c4.jpg,./images/0664/afff4d23f53940dab2215f5cdc3dcd34.jpg
0664,./images/0664/9adedab15687483ba193ca1b028f45a5.jpg,./images/0664/06450acceec94f0bbbf8740763dbfdb6.jpg
0665,./images/0665/74b5b656b59649e8ab4379f3492b784b.jpg,./images/0665/65eaaddbd61344d7a8ebd6f05e4acb1e.jpg
0665,./images/0665/55e5213d311e40df9590fd5dde780631.jpg,./images/0665/9003dec8b00b401aa8a325fc0b5b7999.jpg
0665,./images/0665/3d19143d97d14cfcbe05ce764b7a722e.jpg,./images/0665/f7b176f0bce74f29bffe0420574a4a38.jpg
0666,./images/0666/c406a4f5d61545bc987d1ddc4eca963f.jpg,./images/0666/6896e0660ca8469694bdb41954108f08.jpg
0666,./images/0666/4df4e9c8f41249a291b40658597429a5.jpg,./images/0666/09113762a7da4af2ba9d365fed32d31d.jpg
0666,./images/0666/3d49ce2dc33f4f988c1850f991b2952f.jpg,./images/0666/ffcd453ce52d4cbe882173845076e70a.jpg
0666,./images/0666/84883a2a5be147878257672a0818e2a5.jpg,./images/0666/62fc9aacf2094c9498bcd8b0641be22c.jpg
0666,./images/0666/08783402172847e590254c4cd1519071.jpg,./images/0666/09043f55fc1342048cbbd4367d9c39b3.jpg
0666,./images/0666/3a22e30367384deaa85d8a3d342ea3d4.jpg,./images/0666/79514101518647379bc7839c63dc215c.jpg
0666,./images/0666/07f4c98b9c6c4c8a9a56f5378d720e12.jpg,./images/0666/c1d87770516441c1bbda7763819d2160.jpg
0666,./images/0666/59f6db54383a477c8f34528536c5a3b5.jpg,./images/0666/6279b6c2949e483bb8bb94e4bd08d793.jpg
0666,./images/0666/bb7931d663694959b4a2ee7fa2632ae5.jpg,./images/0666/78c08fe243f446d3b80a0dd2c66c7d0c.jpg
0666,./images/0666/1254d63fdb6646ffafe873460c8ad39a.jpg,./images/0666/6c181cb2671942cda45bcdd91985e813.jpg
0667,./images/0667/7983a30b4c3940e6962edd35176a19bf.jpg,./images/0667/85a68892309649258b911023af06e5d4.jpg
0667,./images/0667/0d4fd12fb03247f8979790b51f3c9d23.jpg,./images/0667/98e929793aff4acaa480d5b2bcd3b9ed.jpg
0667,./images/0667/3238bb891dc54b2abd025af2307ed05b.jpg,./images/0667/92b2a1f0ecfb42288d0654856cadf75f.jpg
0667,./images/0667/5306a410131b44e189e3fb0cfc52a9a0.jpg,./images/0667/bc8d1d48d1944c33ae1bcc0f5a06eaea.jpg
0667,./images/0667/1526a7d1c248420ea8dd5f474b88dfc9.jpg,./images/0667/b1543feaa3e34c51bdccfb55c5c083cc.jpg
0667,./images/0667/c81772c5ed3e48b7923edb186c29b485.jpg,./images/0667/ff6bca7c3d13422b99e6d3448581d842.jpg
0667,./images/0667/ed7959fcee174e929417d12fe759ef06.jpg,./images/0667/4dce19b43cfd4e45a06e852caca75926.jpg
0667,./images/0667/b396618edbd446baa5cd9aa7c3180e14.jpg,./images/0667/470e155ff29643928798abf1281a7b53.jpg
0667,./images/0667/258500414d2b49deaa00a7a50c23357d.jpg,./images/0667/84db5d32de8d4b0e9b3625b00d27b3ea.jpg
0667,./images/0667/ab934932e20d42ebaddacdd0da0e59eb.jpg,./images/0667/b9bd44986a9d416c818aff240140fb99.jpg
0668,./images/0668/58fb6159094a45d3b4d762caaac070eb.jpg,./images/0668/deda2270e75542778fa1475f80a79303.jpg
0668,./images/0668/4daac773a4914fc1a7dc594fbcbde5a6.jpg,./images/0668/33f57a9823274267b571a0787fed2602.jpg
0668,./images/0668/a14a6bbd400d4506875967db56005090.jpg,./images/0668/8ea1d073767a4a2ba9b4f62731952b8f.jpg
0668,./images/0668/eb66c35294c1478ca40fb6aeb1fcc5c1.jpg,./images/0668/a7c2625fc4984719b24b3ae628eb5e32.jpg
0668,./images/0668/b3e4a03e2d274e2a85fe95becf2a55ae.jpg,./images/0668/15b83074414845288d1d8f909444674f.jpg
0668,./images/0668/59c857442df64100847670615b2d54c0.jpg,./images/0668/767df514215a472bbad0db060f88dcd0.jpg
0668,./images/0668/d13fcb9f5f2f447ca77c5bf8d34a9c8d.jpg,./images/0668/41913c69852443579231794c1e7a8369.jpg
0668,./images/0668/f2d51669a11b4d5dad1ebab3250ce04a.jpg,./images/0668/78400ccd6d414dfa86cb1769a01e5a03.jpg
0669,./images/0669/6536070bc01b45afa79d1d08ed77d5ee.jpg,./images/0669/80c3c6e8ebeb4368b4b2e6f26b043756.jpg
0669,./images/0669/fd7d89ab272b4fdd983e74cadeff4931.jpg,./images/0669/769f45c5478446c2814d9e6e668ef654.jpg
0669,./images/0669/f91945f480f34208b40a583e253164be.jpg,./images/0669/5851f3b8af0c40498b3721615ad68716.jpg
0669,./images/0669/0e132e4a10414be79d868bb46198172d.jpg,./images/0669/2f2386c3467343faa84e05df12beb5d6.jpg
0669,./images/0669/1f59543561654acd886f045488bbc0f0.jpg,./images/0669/a386e07f41704567820eb5ec59e9e999.jpg
0670,./images/0670/a6bcdcde2cbc4f65b5e91a5b3729afb5.jpg,./images/0670/162d9248f736453f8a4ae58ed7be50b2.jpg
0670,./images/0670/56288e4e11fc425d8833a88d4b81ccbd.jpg,./images/0670/875661af606442328efdbca793140724.jpg
0670,./images/0670/14eef499e550461f8cf022534f6ba2e8.jpg,./images/0670/586090ec78b64db3b65b7abede3195c9.jpg
0670,./images/0670/0e5d9d05ae4f4fa6988a3f4a3019af56.jpg,./images/0670/02a207f22358446893b0216340e61e7b.jpg
0670,./images/0670/3f1b7111d0b2447d837c952687ed5e67.jpg,./images/0670/79ff1a3b8bfd44cdb18eb036fa46bd2b.jpg
0670,./images/0670/fbdf9d316b08423ca995f5abdc527d44.jpg,./images/0670/ec1bbccd591c43f4834758da88b5d049.jpg
0670,./images/0670/3fb31c35937541f0b18d72a9bddf76fa.jpg,./images/0670/6c5f43aa39a3467e94d07cb3ba7fc6ad.jpg
0671,./images/0671/a57c8e5962be4b668b5bca9645c36806.jpg,./images/0671/c1f91e5700fc4bcab166d4ef52b2976c.jpg
0671,./images/0671/ea5d8a710618415e8d7db7bbab1ce4ac.jpg,./images/0671/f670d31155e54340ab64246a98dd11d6.jpg
0671,./images/0671/8c249d006f4541a08faf0291c64dd231.jpg,./images/0671/95c78e29af4c46249b3f8f7cca802509.jpg
0671,./images/0671/5997f6e866bb4fccbc17f84b61fd6801.jpg,./images/0671/3d91f1c49e7e4ad983c6ea7e92a4d7a5.jpg
0671,./images/0671/a73fe9f5f7b6404bac6b5f0438b25634.jpg,./images/0671/3e8ba46a8a344a588c55f9ff0268cb0a.jpg
0671,./images/0671/9bad4f734d8f4a7d9f6d7f59991a92c3.jpg,./images/0671/b1bb091fd7bb4ca09eaace49ab54324e.jpg
0671,./images/0671/46d913e4591a456b8424bcabcdda97cf.jpg,./images/0671/7060b54b24e54b29a6c5b142725b4115.jpg
0671,./images/0671/1c3cf0ff1b5542939909d5f7977a9e33.jpg,./images/0671/346c780437744f838b035be106440434.jpg
0671,./images/0671/a7f9e2d9f3524d1693fee51427429fb8.jpg,./images/0671/32d0e2b6250f402e87a00a2e5f65670c.jpg
0672,./images/0672/401cc407a35c4f21946319a935ff5da3.jpg,./images/0672/4a60c7f0b643485d8ca81699139c9705.jpg
0672,./images/0672/38b99411b3414f5d8db17ff146173532.jpg,./images/0672/01e38d1589154d59989b9bf06be92554.jpg
0672,./images/0672/783457667c734a198a5ff46a4c5efe76.jpg,./images/0672/ac77033e1857460da83f025e0ed4a376.jpg
0672,./images/0672/903d69169fff4e13b4cfabca0e10af04.jpg,./images/0672/ca3d0b6007274ca39c367c733d38e513.jpg
0672,./images/0672/5798d3bd27a7480b90a21190fa9e3b8b.jpg,./images/0672/85743b06b2474520963bd3d070bdb102.jpg
0672,./images/0672/476478272b7040a691d30a732fb4007b.jpg,./images/0672/1749d719cb4845818538bab6db66b61e.jpg
0672,./images/0672/8d385f8bd5a14a88b6a61983fb08dbdd.jpg,./images/0672/c952bd6201df4f328e17ee13d7384bb4.jpg
0672,./images/0672/154a874c15e740f4840708424c128664.jpg,./images/0672/9cdf3f149366421a88028661a8b50cdc.jpg
0673,./images/0673/4fabd89742d440e8867c8e44834052d0.jpg,./images/0673/bb5f7aa6c7834042947f3a29f9ce69f7.jpg
0673,./images/0673/acbb8d30f993430a8e10db3d711a617e.jpg,./images/0673/2d41e8e53a384f60bc76085cf3b666d2.jpg
0673,./images/0673/e8247db477ee455c93dec94a82586af4.jpg,./images/0673/45ebb272f099454bbfdae4fca9b41132.jpg
0673,./images/0673/f12dc15e464940f4a59619c174031939.jpg,./images/0673/c8a3409878884e27bcd5672721e24bbe.jpg
0673,./images/0673/7136b1d6b00e41c496bab29e43cd4278.jpg,./images/0673/aa34d7b709954cadb4ae08d0955b08ed.jpg
0674,./images/0674/6c49c8acbb784ae2b210f7d3ba980723.jpg,./images/0674/91907ecc2ce24523aeae53d87b718496.jpg
0674,./images/0674/c3bf0cdcb4a6450aaf33a57ece8eaccb.jpg,./images/0674/05d1f044b0e04800a9239993456d179f.jpg
0674,./images/0674/918d67816dfd4c8da936b5d69ffaf320.jpg,./images/0674/a556f4f73e194107a2154c525e7ce778.jpg
0674,./images/0674/75fbb9a9c54141cd97d1e05d848b0ab6.jpg,./images/0674/75d9e9b72de747588a21b50563008c40.jpg
0674,./images/0674/7f458ad476134e18b454478adfb98c5b.jpg,./images/0674/a5d4ee2148994a6da002525591ec7bfe.jpg
0674,./images/0674/9ea90f2876114a8587731bb0916b9b43.jpg,./images/0674/db7605f445244b958fbc7bda11b52c38.jpg
0674,./images/0674/119fc55445b4417ba965af0c1901f6e1.jpg,./images/0674/7ff6ad2264ba4f6f9020ba21bc3a6b4d.jpg
0675,./images/0675/14d44673c5f64379a00c0cbc93951b81.jpg,./images/0675/255da2e44c254ec6982f0df309eaf710.jpg
0675,./images/0675/b066fbba051449c6a3058f14503e84da.jpg,./images/0675/3987752b06ac4304bf34d85c6af19b35.jpg
0675,./images/0675/e0accc928a1c4f23af10474886612192.jpg,./images/0675/9fe6afe311144e15a265cd0bf666fa9a.jpg
0675,./images/0675/3545a8b83bd849cabf7714f0d077a934.jpg,./images/0675/eb6d052d65da4a4cbc66052299ef92af.jpg
0675,./images/0675/5db5e9f04e244d159b7a85cfd90aa525.jpg,./images/0675/d150916f89064ecd954e088109deac30.jpg
0675,./images/0675/52151295c4ad4f7b8527cd74bdf83392.jpg,./images/0675/712faf7b935a419d8ebfb6038f7773cb.jpg
0675,./images/0675/db203dcd6e19466d842c67abcb60531b.jpg,./images/0675/1a1c7cee02894abb9001b1edad9d8a97.jpg
0675,./images/0675/7505bc59be984260bde4572caefba49b.jpg,./images/0675/7e72fa2c2a2a4fca8367383c8ee8e27d.jpg
0676,./images/0676/bd0e0b91590646b083c874a7eec8c541.jpg,./images/0676/433f66b4b9454de28ba3d08b6d8f9089.jpg
0676,./images/0676/a3cff5750d784db2b7ebc3aae74a8c3d.jpg,./images/0676/94a876e3aeb24c75b3184fc9e88bbb82.jpg
0676,./images/0676/19c1629c3c894400ab321ad25cc8d128.jpg,./images/0676/d622668f070742e781d16a23c047ee67.jpg
0676,./images/0676/02698028a6e74d9fa186b3232a335889.jpg,./images/0676/7b31df10a2df425e992e3051fcfb3863.jpg
0676,./images/0676/4892bf7bb8664a36acddc12248f13089.jpg,./images/0676/c3a8de6abd514aa28228b6cee2d93eee.jpg
0676,./images/0676/44b4f35d684b4cff937afe2e9956aa73.jpg,./images/0676/d41f4d75e1564178a31549fae6b84e41.jpg
0676,./images/0676/f291042de23a466f847c006929109781.jpg,./images/0676/eee0b24b92e24aa385d74ac6d1954826.jpg
0676,./images/0676/1fd60b6842c8459b9228f8546445018a.jpg,./images/0676/ff12d2186644465a815fd2dba5011ad3.jpg
0677,./images/0677/dd0628454d70446f8c9a5c03ccfb608d.jpg,./images/0677/0dae99d40a5f4439a37f46b5df895ea4.jpg
0677,./images/0677/731f143ece9f4ff1a76fa6ccf4306d3f.jpg,./images/0677/ca2fdeeec88b4ea6a4d0e0d9464ed98e.jpg
0677,./images/0677/0371f3f9a8a24a0a9e461e3804bf6fa9.jpg,./images/0677/161c3b241e4141ab889f4afdad8cd728.jpg
0677,./images/0677/c7c8907e1e7c489cb89f57c06126befa.jpg,./images/0677/e81d23b4ee274683a0563a298a902c8c.jpg
0677,./images/0677/6444bdd055c749058847bc70beb3ccb0.jpg,./images/0677/93b1b126ffa84f0d985b062b7e98ebac.jpg
0677,./images/0677/13d884054bea412aa85647a501d3d6ac.jpg,./images/0677/fe6a373d2a4643feb52baf498c46b997.jpg
0677,./images/0677/4914af3101364ec09981fb177390818a.jpg,./images/0677/645153bcd80f42be8d244796b556ca53.jpg
0677,./images/0677/c01a19fd6a7148d98d29016be90dee29.jpg,./images/0677/b79f97684ebc4dc4b4f43517c88b86d6.jpg
0678,./images/0678/aecde89d5990430faddb956c2d1bd1ef.jpg,./images/0678/07b46511bc464e808fd5bb00a9019de3.jpg
0678,./images/0678/960cd666c20d4a2b89a3320d1c108b94.jpg,./images/0678/e384a99c3ced4fdaafd1a44c84caa0da.jpg
0678,./images/0678/bea3b7e4c1af4bd7a4105a8141b554fc.jpg,./images/0678/730b4f0df92e46168871741c95500a4e.jpg
0678,./images/0678/628cfeb2ac8f400ca105a021978f297a.jpg,./images/0678/690a68ed85064ff097583120e91835d9.jpg
0678,./images/0678/24ed6f1baedf4811886227323c477730.jpg,./images/0678/c8cf856bd1784f3dbe7869ab86ba9407.jpg
0678,./images/0678/adabeaca2e434d7a9062e9a9bfbcffb4.jpg,./images/0678/59972077a37d41f6b6497f9856da5c26.jpg
0678,./images/0678/769fb4adc1184fdb9e937cc36d8160d9.jpg,./images/0678/857d6a2fe6ae42738ebc385563e70b41.jpg
0678,./images/0678/ab9f883d4fe542edb4ab96a7c72a3e59.jpg,./images/0678/5cd07dec409849d2ba39db41583d4988.jpg
0678,./images/0678/3fc08dd931b44ce69fb624c0da4dc48e.jpg,./images/0678/9e271bc90c6f41a7ae3b586a739796eb.jpg
0679,./images/0679/18dfdf88f0fe42c6aa2ae91181462211.jpg,./images/0679/85cb52f8c8ca4c8aba5b643bb60786dc.jpg
0679,./images/0679/5a63a603fdeb4524a4547330dcbe78aa.jpg,./images/0679/b2f6044ab07b48328dff84c270480962.jpg
0679,./images/0679/320de5cf6a244d9aafcd5241df1857a5.jpg,./images/0679/41517af4254c48bfa3bd48b5aeb7c56d.jpg
0679,./images/0679/7a69d9e17f0b4da88d779afbb15f918d.jpg,./images/0679/7c8d4683878a4240a6cb79da20834d49.jpg
0679,./images/0679/24089e5b8e074126aff10268d2c67058.jpg,./images/0679/50fc069fb22f408d9745975c99552bb7.jpg
0679,./images/0679/a92e9044bd474a378ff57e61396499c6.jpg,./images/0679/171d5006251d4353ab17aed89c6efba3.jpg
0679,./images/0679/93071dc7f1b9444db90e8da514abcda7.jpg,./images/0679/f1e3cfbaa2a241b59ea1cdd4b3b0320f.jpg
0679,./images/0679/2badb6b1a24f4b36b908d6dad9b98b6e.jpg,./images/0679/89b4c281295d45a3a875c76a76a0d2d2.jpg
0679,./images/0679/36fbe531671c46ffa7aec6e3c27439dc.jpg,./images/0679/aa2ea6c20e7c44a7b4ce9abb776a1c3f.jpg
0679,./images/0679/7d6cbc3708164550b317088e6a519a48.jpg,./images/0679/05cc859d00324c629de5fb71cc2cd22a.jpg
0679,./images/0679/7f6bbf7e932a4bf785b5ac40b0b40084.jpg,./images/0679/46f69d56be5a4f4e9e4ecdb427f5bedf.jpg
0679,./images/0679/8ee351680fd24b95a8cc232580be92f3.jpg,./images/0679/9809f221314740f394d10fd533c6811b.jpg
0679,./images/0679/267cb1b41de54eb9a7c75c8c80082251.jpg,./images/0679/050488f4a3ae47ab8858c5afa4d0683e.jpg
0680,./images/0680/876406f53a7f4b049d1a1f01b1e9662b.jpg,./images/0680/31a0490c3f694456bb1144e386c07254.jpg
0680,./images/0680/558d12e76f5849508a3729fdc8f9146b.jpg,./images/0680/aef7f3c2ae79478d857c2b31e7649a2f.jpg
0680,./images/0680/604313aaad544bee8d2ef94f0d6a50c6.jpg,./images/0680/0872339a5d7049fcb43806cfe6806111.jpg
0680,./images/0680/2e8622e51eb94bf9bada2c65948c5f86.jpg,./images/0680/c82a4907f7a44e97bf7fa5f45b738a0a.jpg
0680,./images/0680/be79101425634107b873eaad03663f9e.jpg,./images/0680/8a0d19a72a83415c8350329be84ce07f.jpg
0680,./images/0680/12736ceb15544ae2aaf4a6b765081d0b.jpg,./images/0680/a21945949ff44f428577f109f5cdf922.jpg
0680,./images/0680/cd0942ac6724452593cb10c093c2744e.jpg,./images/0680/2495646fb80f4df29986a9c7acce645b.jpg
0681,./images/0681/10ffdcebc08346b39039374911f900e5.jpg,./images/0681/24a12627be9040c992713a0601de9246.jpg
0681,./images/0681/74da9919f957428bbfd44b72fa3cdaeb.jpg,./images/0681/bbad8f56088f458682190905a5c415f2.jpg
0681,./images/0681/77d14a2a14494e5b9cc56a51f6e470bc.jpg,./images/0681/2c15c72001004c99a2d052a50a9ca6cd.jpg
0681,./images/0681/6dc2f909243c45caa06f545ea127d76d.jpg,./images/0681/ed295f9038a9482dbec1903c99a7daa4.jpg
0681,./images/0681/e3871e3fa44643e3af62314e5e55461e.jpg,./images/0681/2f541257ded941e381383f9e50ff484a.jpg
0681,./images/0681/2848359519af41f7949c0ccc89d630f5.jpg,./images/0681/6f49f3f8cc92450a9fa92893e4603c12.jpg
0681,./images/0681/18f2ce6f9b104601a47b1afae1bec3e0.jpg,./images/0681/8977cd4cd94243f9a569e403d5c232ae.jpg
0681,./images/0681/cc7e466442c941f9ad552b45ed7dfd87.jpg,./images/0681/359d01eb3c1e432ebe4e3658e3f569b3.jpg
0681,./images/0681/da2b04ca94a447d8a3c19281e41386f0.jpg,./images/0681/deb76fb4b1314414876ac9ab3a7998aa.jpg
0681,./images/0681/6594e831c145450baa91976801f41dc0.jpg,./images/0681/ebc2a68168ae4e8e9cf97389c2fd42c0.jpg
0697,./images/0697/d4ee3e81c3ac4a1d9c42caabe09d5839.jpg,./images/0697/57a06ae367444dc98189a40628c190a8.jpg
0697,./images/0697/c5c4b175d4514046977a17faba6720e8.jpg,./images/0697/7e06afa2eb974037b74a105b6a6e150f.jpg
0697,./images/0697/a6fa1243f3a8403e971a58ac489c14a6.jpg,./images/0697/b13ebab64ae94e84828117269e322e37.jpg
0697,./images/0697/1738f3b129a042a5832725c3fd6efd63.jpg,./images/0697/0fbdc07897d94622855e0ce80e610bce.jpg
0697,./images/0697/5eebc002daa5499883e5bb488d5b3271.jpg,./images/0697/cb39dfddda264e819942d497e5450f5e.jpg
0698,./images/0698/f09d1529a61f4d1e8e45287bc089d39d.jpg,./images/0698/8edf5347565346ae981adcec318b3d09.jpg
0698,./images/0698/eadbb897f4244245a6c638b056f6fee1.jpg,./images/0698/8e62bf44a396455ab40b9586d0efc73a.jpg
0698,./images/0698/b1466648c9a44bbca54aa2a381f6e009.jpg,./images/0698/7178b5e5ac8245b19d8c5f2870b94beb.jpg
0698,./images/0698/cfe4e83acc0d43018c6dd77245620917.jpg,./images/0698/a5e4d310e0204d5c8208312422f7cb17.jpg
0698,./images/0698/63238ad9a68f440cb6218186d6756208.jpg,./images/0698/8359823aa1ef45a183ae90ec04270287.jpg
0698,./images/0698/d311374f42ea4fa3bfa62c363831d4e0.jpg,./images/0698/179ebc76b51145eeb133198e9865db9f.jpg
0698,./images/0698/e6ad812e41b64db79e9d190a6af03559.jpg,./images/0698/9e85b9b2b62c4faf82074e0911c408a0.jpg
0698,./images/0698/a28f1ccdb9e24374805fa9fc2c480bab.jpg,./images/0698/152824e3d40d4af48be6a2f2444d6bf5.jpg
0699,./images/0699/2b09710fc94c47c996e0fd4aadb40643.jpg,./images/0699/7adee14d04ce41408e095ce3763fc143.jpg
0699,./images/0699/822820a6140c4fdb930612629a9c838d.jpg,./images/0699/79d790c1182c485fa59537028ddc5754.jpg
0699,./images/0699/5daf10e67a1c42599eba7dd4f8a42c8a.jpg,./images/0699/393f3fbe50e74a6e9463e2c7cb3417ed.jpg
0699,./images/0699/a2e1a455e59d4130bd7b0eebc6712aac.jpg,./images/0699/9101d98aa3554f01a0c04e269331768b.jpg
0699,./images/0699/f3634f52008f430e83b1f0aab127d3de.jpg,./images/0699/22ac19ec9dba4fbc9cb73b6a57a926a7.jpg
0699,./images/0699/9883516833b04b79a0dca59804ab8b87.jpg,./images/0699/fddfb2a862a04bb8904fc80bd8719245.jpg
0700,./images/0700/504b9836780640bfad655379dc7028ba.jpg,./images/0700/df7f4ed304f6496c9dbf6350552b4858.jpg
0700,./images/0700/563c556b27fb40c98f9b259130552bb5.jpg,./images/0700/cff88124f2ae4ee1a476b0ef2d4dc8e0.jpg
0700,./images/0700/802b7015107749cbb786be87d2867506.jpg,./images/0700/51d74ccfa4bd43bf9390aa4c1ddd5660.jpg
0700,./images/0700/8a420768709943d7afeb3386f2f99217.jpg,./images/0700/32a01fbc5e4b4789b309ec64794d4b2c.jpg
0700,./images/0700/40cd4037354b4d2c8fbebe2860d66ce3.jpg,./images/0700/a0938f125ed044c39b935f2a6e88a3cf.jpg
0746,./images/0746/d62c4c0cb5e8487fab2b981af61251dd.jpg,./images/0746/db06cd2ff5ce4eb69d848b5f750a4058.jpg
0746,./images/0746/713e0981ff674aa58ab36945ce4ba469.jpg,./images/0746/2c84a689eee742bf90c1f7df41b93a15.jpg
0746,./images/0746/382dbdcb79fa40f3bc48bad5bb6f8fee.jpg,./images/0746/dea2a65ba3024205a497e9137e26174c.jpg
0746,./images/0746/69231ffd63b7400aa35c84cbb346af90.jpg,./images/0746/d7a932c30f0d4984a5b37db8cebbb6ef.jpg
0746,./images/0746/2529cb17e3d748b9b01ba0428dd21027.jpg,./images/0746/30c9c0e724d5476f80fdcc3ad68be06b.jpg
0746,./images/0746/486e563b94e342dca9687c358818e302.jpg,./images/0746/ba15c2363ad941aca62275933e5cba52.jpg
0746,./images/0746/52b3f75b478e45249a2104d06b99b5cd.jpg,./images/0746/0161bddd67614abdb85f4251dc8431d2.jpg
0746,./images/0746/825974407dca4b63a26cd618857e58ee.jpg,./images/0746/2e3abc46821949be8785e719046c8e55.jpg
0746,./images/0746/784d7438e773495eb0a29cc97ae6d2f1.jpg,./images/0746/8626bbb63b83457495ed61fdda32d9d6.jpg
0746,./images/0746/8ce6c5332f5b44ba817a043d1af8ffc4.jpg,./images/0746/f21e8ed4ce3f48d9bf1d4f41716b2eeb.jpg
0747,./images/0747/a052a9a2991643ebb2ae8c7b10414625.jpg,./images/0747/1b47ace25ad84cfcae4de421261c55d6.jpg
0747,./images/0747/eba9f37bb94546e9bb4365004c1b4843.jpg,./images/0747/c95b43a742ff44f9b5225960ec575271.jpg
0747,./images/0747/ccda2101b1044b66bdd832b880f5c1ae.jpg,./images/0747/b9178fa3291f41918855a93ba7228152.jpg
0747,./images/0747/2cb0ef9dbaef420a87ab9314d252744d.jpg,./images/0747/1e0de5b4b4b84de6831e5391c15529ec.jpg
0747,./images/0747/39871acc437942e89b84bad9e4b7efbf.jpg,./images/0747/ddd1a35e9f5e4a55a1dd0d9804644519.jpg
0747,./images/0747/4fd6f8e41e6e4321900bff1040c2ee2c.jpg,./images/0747/842b4a26d67d4096866b1a79b6602f8b.jpg
0747,./images/0747/33760bb462c54e2d85d14e38c41374c5.jpg,./images/0747/48459537d4b24e2fb516e2be6d9bf52b.jpg
0747,./images/0747/d5f9e099684941ada26a6fcf5b3b96e4.jpg,./images/0747/5880970b70a4462680236b45841e1ea4.jpg
0747,./images/0747/2b2efbc21fba4a6c8d4a4e83e0b56f13.jpg,./images/0747/338bb0a822a345179ae64b12ec29c8ed.jpg
0747,./images/0747/6c02932960ba496892d7bb79895df8a6.jpg,./images/0747/e944f36d30e244f793253b973170600f.jpg
0748,./images/0748/b0ac6e8625284c06b11364c915ee0cb6.jpg,./images/0748/eb3034fa374748f38c34232429a28bed.jpg
0748,./images/0748/2801f6aa586b411abe02c17fe38770d3.jpg,./images/0748/6017319531054ff7a44f879d9659b0d4.jpg
0748,./images/0748/78d25997c2fc430e89297f2b7f20610b.jpg,./images/0748/e68295d22df4433aa95918d832dc38c2.jpg
0748,./images/0748/03cc2f5b912c4288a7616171d573f4c2.jpg,./images/0748/88099141a192493eb9decf21e266f9f8.jpg
0748,./images/0748/ad8f429ed3074116807e0dc49773d7b3.jpg,./images/0748/f75c84573127428c9a52aa95e973133d.jpg
0748,./images/0748/eabbee9ca4ad420eb52e3735e1b5baee.jpg,./images/0748/63a14cb628ce4296afb9473128f19f74.jpg
0748,./images/0748/a114c4c072d9413faca6963ee5edcdd1.jpg,./images/0748/5f1f9c8b527144be9e37731f632493c0.jpg
0748,./images/0748/ef04f24405a040a19e82287b2f3ad75c.jpg,./images/0748/70adebdb4b464ae993a208c8e8c67917.jpg
0749,./images/0749/286a7651ae4e4e5d9870238c54af96b6.jpg,./images/0749/2a0049b32a184a4cabbef88676365dc0.jpg
0749,./images/0749/d2b83257bd664b69ae76e140b4a16fe5.jpg,./images/0749/23c89b6a289f47b98922f9ecd166f525.jpg
0749,./images/0749/0dc2201f416c4b3e929bb14a0eb6bef6.jpg,./images/0749/74380a3b85854a63bbeaffc335957cd9.jpg
0749,./images/0749/09669f7d96c043398a0d9a6c7d949d0b.jpg,./images/0749/f5dd4096fe65421982700614fce04364.jpg
0749,./images/0749/0db65f2620af4e52af08b890ea099a7e.jpg,./images/0749/b7371f5f24d24f47878118c65bf80ab6.jpg
0749,./images/0749/eb2772e0158644f1937e56d68c1b6a06.jpg,./images/0749/2aafc01f40f84e5dacdbc0aad40404dc.jpg
0750,./images/0750/1e8632e9fcb94001b567832ebdc63464.jpg,./images/0750/0cd2249cfdab4539990eccb3537bce84.jpg
0750,./images/0750/b227e4c6938b4eea9994196f80738ec8.jpg,./images/0750/a1cc012b858246ceb99d7a36ab75e474.jpg
0750,./images/0750/57b310c38b354524b4797a6eed030f42.jpg,./images/0750/204f8f2eed4a4d8e9864d4dad042c41c.jpg
0750,./images/0750/036b993eb17b4f6289407b635e632f85.jpg,./images/0750/1647b29716e34336aafa7fc1e404d03e.jpg
0750,./images/0750/24e39ad73a6b4563b3c6f6f3ef8716e7.jpg,./images/0750/f0b6ec8ad0a84485a7bfc8a34838faee.jpg
0750,./images/0750/458593080dba4414b139440a35b7a7c1.jpg,./images/0750/a3d1186440d64b65b50357c1d79b8f52.jpg
0750,./images/0750/8bf6804a07ee440ca02a68aa7202306a.jpg,./images/0750/1205941a8a5b455982a816f2712a7226.jpg
0751,./images/0751/77c528276d784767a3fbbd18cf0c42ac.jpg,./images/0751/f5d0c58f196745ce8fb521500475e344.jpg
0751,./images/0751/205336800eb8480d846ec29ea417791e.jpg,./images/0751/74d5551b467d4bfc827f3b6c3fbccb40.jpg
0751,./images/0751/eaed9800eed842fba135133d9524e4b7.jpg,./images/0751/4f676af25dad447984511ac1b82a8693.jpg
0751,./images/0751/6a16564bba1b4ddabc9d437203ff6477.jpg,./images/0751/9259a610417a4af4bd92e60f8e5f4602.jpg
0751,./images/0751/24f1aa510541415aa45c199d7fea428a.jpg,./images/0751/530c736513e44599aba640cacfe11920.jpg
0751,./images/0751/fcb9abb8d0304c5c90bb65f507037e51.jpg,./images/0751/5c11595457cc4ffa8d015551df8318a2.jpg
0752,./images/0752/6048bc89523f4253ac1230f8e47aa0e6.jpg,./images/0752/b121c14025f2412990ecfefb2529c9bb.jpg
0752,./images/0752/828f1f93f4274efea3e8700d7b51b157.jpg,./images/0752/cbbe1875389040bbb067f476a858540d.jpg
0752,./images/0752/9d660f94a0b84254a454a969f311eda8.jpg,./images/0752/48046f5bdd864062a9e0376a565f3904.jpg
0752,./images/0752/10214ac3a8194494b317a73fd68b7316.jpg,./images/0752/260bf43e320c491f937f3b0c1e9e5234.jpg
0752,./images/0752/691f83c9074a4eb480bd7e7fd18073c1.jpg,./images/0752/e4166cdc31474c558341a74319192e83.jpg
0752,./images/0752/e9a2132561794b18bab0972e4ec18668.jpg,./images/0752/4483b31d482941ffa36149b1d3c6df98.jpg
0752,./images/0752/ceaa8079afb245858a08d2aa3711174a.jpg,./images/0752/813ea132177243029e588c5b0ec44865.jpg
0752,./images/0752/61b306884bd947539598dbdf214393c9.jpg,./images/0752/188f5f07ba954769aaa5a1d2f2a4ff41.jpg
0752,./images/0752/9b84f61d9f8044579931aa87d2e34f32.jpg,./images/0752/888f6b752f884b008635f32a9317770c.jpg
0752,./images/0752/5759e99b4b604589b1990903faa745c7.jpg,./images/0752/b6017e531ec5417d8024f49926467cd6.jpg
0753,./images/0753/ddefe5e940bd4be9b3d5b4b2d28b5083.jpg,./images/0753/d1962375c25443fa958ca08b5c9fc353.jpg
0753,./images/0753/bd0499f196094928868d405d8ab9c7dd.jpg,./images/0753/0e081b7725c34aba81394fc4d8226b85.jpg
0753,./images/0753/26f825f65e8a4b519b41fda7ce77c32e.jpg,./images/0753/7252f03ea9bb489a86f2635c40abf5d3.jpg
0753,./images/0753/6d0f2b8bf15342bc86b4d313255dba8a.jpg,./images/0753/360f23f2021d493e81cbdf43e0368333.jpg
0753,./images/0753/c0df7492264a4fc9803beedf10e7171e.jpg,./images/0753/b30c94e807e54e4f8cf0857abf110018.jpg
0753,./images/0753/0679a9a526f1405e8ef72cf0a70e23d8.jpg,./images/0753/f5e3dca5fbc14d9b98e20b6af90a5396.jpg
0753,./images/0753/ce0781f7d80345deb02bda2b6f15d220.jpg,./images/0753/b72639129e514b11afddeeabd1a0fc82.jpg
0753,./images/0753/f73db97091684d52ba5900c64e11965e.jpg,./images/0753/08f7632d06ad47f9aed6e8ddeb6ddc3d.jpg
0754,./images/0754/28f84e9d4c284f9fa58a92cbb6d225e8.jpg,./images/0754/d2001a72852141babed3f09f34b240e5.jpg
0754,./images/0754/aab45ceb86a84b3896546c713297d61a.jpg,./images/0754/495aaf163f1644fba9f6dbe443c8105b.jpg
0754,./images/0754/0bde9693aead40aa844987ced2541618.jpg,./images/0754/275714d73dc34546b8c61b604b1deecc.jpg
0754,./images/0754/c8aadb0896714dd3baea5c7926b910ea.jpg,./images/0754/2368d5d193c24d5f91f1068c57d19daf.jpg
0754,./images/0754/e575ce0ec6944b9e948c2640124416c0.jpg,./images/0754/9415eb094f844335ba614a92b3812384.jpg
0754,./images/0754/b3ebcf75e2b44d33aab2904c84ad23c9.jpg,./images/0754/8016a8f8f74047c8a86d7c95d54b157d.jpg
0755,./images/0755/6fe7912c9725491bbaffc59a0f623b6b.jpg,./images/0755/ee14e248f5dd456abbbb479c18f63126.jpg
0755,./images/0755/a612941ddd4646e2b88cd4a80d730760.jpg,./images/0755/f9d2d78c7d584a26ae34fff5af757f6c.jpg
0755,./images/0755/d67b0abb2cbf4786b85da405e0c9ded4.jpg,./images/0755/127f55ff167847838983de821944beed.jpg
0756,./images/0756/2bc961e4b35f4cfeba026f14fe3bdc10.jpg,./images/0756/09fde3d327c5435eb68f5410beb04e99.jpg
0756,./images/0756/49a64bf5368b45fcade97bf06436dab7.jpg,./images/0756/3156c56cb5d5416796870f14f8ec95d7.jpg
0756,./images/0756/4cf0ac20ce6040ba80784053ef50451c.jpg,./images/0756/6967f381ec5e4a7899f9af912ce3eb7e.jpg
0756,./images/0756/321ae2a85dd44b23b1e4202e0b7c0b02.jpg,./images/0756/130fb6bd4f39472da96b62438aa1ebde.jpg
0756,./images/0756/b8d6aa8386734e0dbe72b3da2bae7a6d.jpg,./images/0756/76516e0406c441089130fa84d688f55a.jpg
0756,./images/0756/a3774aa7d9124a128591de02dc9b3238.jpg,./images/0756/a553ae3f514042719000b496fe2d4622.jpg
0756,./images/0756/4fb7ac774af24251a717c8c484d42919.jpg,./images/0756/4c79adea3f57435facad311a99de25a3.jpg
0756,./images/0756/7a83dec047244efc9fbf52a30b5acd99.jpg,./images/0756/d96cfb2cb9034dc888181088c122425a.jpg
0756,./images/0756/a8246880fb5143bbb25d905e6e0d7880.jpg,./images/0756/6413e12f951d47b5ae559fad7fb8d112.jpg
0756,./images/0756/91308f896699468e8d1e5f96f755cb85.jpg,./images/0756/b1e2d2be933e4b098b59728a3a0bb4f1.jpg
0757,./images/0757/6050c884723a40e4b4894745f25d8c1c.jpg,./images/0757/7dbccd52ee3a4b26b7510b581903e36e.jpg
0757,./images/0757/86df581e81a2420595e31ea87cea1f36.jpg,./images/0757/417763f86fe744f2acaa613a44f20835.jpg
0757,./images/0757/0fe15404350d410cb51abb18ea3183bc.jpg,./images/0757/2f6a36b265434003bcb96f2c61db2de8.jpg
0757,./images/0757/6ecf2f24328649d6b5edbb2da660c588.jpg,./images/0757/3d82ba94311e47158749fdd87e531d50.jpg
0757,./images/0757/0668efad1c92425c9aa92bbe833fd777.jpg,./images/0757/513ae982dc254881889d45bb43b00681.jpg
0757,./images/0757/f8e6bf35eff04e1a83f6cceeda7c27c1.jpg,./images/0757/92ed1ceb29ef4044960178d7806e2396.jpg
0757,./images/0757/22ca5dd313aa4ed2bb6a6add930cb54c.jpg,./images/0757/0fe248f920ac4bd5ac326903da633b3c.jpg
0758,./images/0758/24c9849befc645e6b408c94ede8a239f.jpg,./images/0758/2314635238ea439db886907e1975f275.jpg
0758,./images/0758/e22496bf7358437abed0b800b39f392f.jpg,./images/0758/2fa3e613e6764e6ebd12705327eeb3e1.jpg
0758,./images/0758/dd5596187f094a078018d311c4a5ea29.jpg,./images/0758/17cc50e2d2354ff7b5edce19293173d2.jpg
0758,./images/0758/ab350cfc59ff4b29bc075b27606f3410.jpg,./images/0758/7fba58df2a7a4b768a8f62739f97f271.jpg
0758,./images/0758/a937e3de7020449481b4b0e3ffd86611.jpg,./images/0758/821c68d35cb04eae865930e6263fca39.jpg
0758,./images/0758/d4b1ffe3a0fc4f0492708cd6b9f9a80a.jpg,./images/0758/a085b443b5d74cb29ad4b9dab0fc23f1.jpg
0758,./images/0758/1bd486a3119f42e78fe8573c6a6bf882.jpg,./images/0758/ce339d0211774509aaf8879eb0dce01b.jpg
0758,./images/0758/fbdc3116d9a347659a3f11683975e554.jpg,./images/0758/cfa9cbe37f804ed9a69a81d77e9b2d02.jpg
0758,./images/0758/20497cbeddae489e86e2ab06985ed07c.jpg,./images/0758/6c07bd8c5b60436c9553a463de72db83.jpg
0758,./images/0758/e5185cc50e984e4690285d87be1e5a4d.jpg,./images/0758/ed5ec2f2f10144488340f6ed3a0014ec.jpg
0758,./images/0758/c7810937c35d4d3d802370b43191f618.jpg,./images/0758/cda92c7afe6e46808d0e33ed4c1c1292.jpg
0759,./images/0759/e270790ff6904f2ab61270f32ab06109.jpg,./images/0759/0a0eb43efa4346708315806b02c7c04f.jpg
0759,./images/0759/e31feab43adb475ead56b6be94ee92ca.jpg,./images/0759/7471b5fda68e478f8f6815df65961525.jpg
0759,./images/0759/c8de6fc78d294859a75c3fe11f8abbc3.jpg,./images/0759/524aa3c82b0b4d6e822e099073414ed3.jpg
0759,./images/0759/d39ae6f6f4d449f78bb949f40af7c13a.jpg,./images/0759/dd2a5644be91467c81859d17449c8b2e.jpg
0759,./images/0759/9babd603879c4066aa448a0522edf27b.jpg,./images/0759/61e7e820258f459aaa9d52d84d656363.jpg
0759,./images/0759/eb74c53d48cb4d87b3505828ddf049f2.jpg,./images/0759/3ddecca41803456398980a15b87ca9eb.jpg
0759,./images/0759/94f82ef16c3845a2849f0d49f49f96a5.jpg,./images/0759/ba59c0bc357d48c0b04b70311f32a5b3.jpg
0759,./images/0759/037744317fcc4caf99d3456c980c6cf7.jpg,./images/0759/37e98d881728427aae171d41726a56d6.jpg
0759,./images/0759/ea6589922be24089a9abf3c22959ac99.jpg,./images/0759/66f5fa52ebdc4fbebfe8cbfd46dee480.jpg
0759,./images/0759/47cc9aa77f424eb1a3cc723eae686b01.jpg,./images/0759/1679419fed8f46d4acf1fabe4dc8423d.jpg
0760,./images/0760/32bea72569a24c9a94d9af05883fbb86.jpg,./images/0760/a9936e8085c445b287e0b7061b1161ca.jpg
0760,./images/0760/1912c0dc64a74c328d67baf5e8752270.jpg,./images/0760/5be17c0b76a743b9a17d2e814495d237.jpg
0760,./images/0760/00264fb1c70b4412aa5b22fc16782da6.jpg,./images/0760/fc99ba9ee7fa443b9ba02b3c76930893.jpg
0760,./images/0760/88aedab5f46d48be852475afb467b2cb.jpg,./images/0760/319c546251de4d3ba135d6c44f59c0e1.jpg
0760,./images/0760/f6a52aeeb76547f4ad72790fa82c3c19.jpg,./images/0760/49e5e42371504137b1c958a7a1e5d6bb.jpg
0760,./images/0760/4c2482568fa541e6a6275b3573534739.jpg,./images/0760/f35f06a71c054ba68307047a5d1daa00.jpg
0760,./images/0760/54bdf418346b44fe8242aba30910937d.jpg,./images/0760/a24659cdf86242ccb43a7ba8eae0c2c0.jpg
0760,./images/0760/afe7a17844584bdda0ad0cffc57eadc3.jpg,./images/0760/4920a34703954d5c833e16d56a3b0260.jpg
0760,./images/0760/c120e491f637490aa77fa0057ec605c5.jpg,./images/0760/4f024637f98a409abaa0fc4989d80667.jpg
0760,./images/0760/72672fee7e734c92bea1a55993081dba.jpg,./images/0760/e3f04b7fe921442cb7f23c68f5b7722a.jpg
0761,./images/0761/c7ec813946544a1d96886a71411fdaf1.jpg,./images/0761/aebad2361f4a4bc2a74dd92b7e226316.jpg
0761,./images/0761/3599fa5418f9488eb402e851c43586ff.jpg,./images/0761/e677a84ede8b4fae97c498ef0bb9f8e6.jpg
0761,./images/0761/f58fd72a9313469fa90235e34fbdf842.jpg,./images/0761/53a65b488b0c4a1d9ebba27a259c5bc6.jpg
0761,./images/0761/498e77c4c477422bb62b8510afaaaf7e.jpg,./images/0761/bc54d1efdfd24d3799fd69cbbb48cb5f.jpg
0761,./images/0761/176fde9703344d2b8a7a38960c2528f3.jpg,./images/0761/9199a691d36e4ecea815078384ea6f06.jpg
0761,./images/0761/22ee896484d14d27824325f5d7cff0a3.jpg,./images/0761/bdb7123d3ddd43cb99a1bcb20551379b.jpg
0761,./images/0761/9507611bb0c349fcb49c55b77c9c1589.jpg,./images/0761/ff6981d4c37f47e396b17850f8a0b765.jpg
0761,./images/0761/16c9c29040c44b65b682fe6d13377b94.jpg,./images/0761/5747fedf15f247fe87c8ff646dd66a5f.jpg
0761,./images/0761/704100820c724c7d9ad913a835ed559f.jpg,./images/0761/e922598975334f468a97fdf3a05f21be.jpg
0761,./images/0761/2d603a4f05b64ab9bc5890ec7556f383.jpg,./images/0761/eb2e975510ff43c4a18675078d9c8df9.jpg
0762,./images/0762/632930f80f0d414cbb6e35c509a89929.jpg,./images/0762/9806ee6dd5e1476a892010503293dae6.jpg
0762,./images/0762/66cc2c5df00e4594afea3eb1a9d7561a.jpg,./images/0762/13565cf9014a4118b629879bcd1ec479.jpg
0762,./images/0762/3db1a0f98a9f480881882f80956f12cb.jpg,./images/0762/572fbaf1137f4f87b040ab415905f577.jpg
0762,./images/0762/6929ad7ba3644f0a80becf86935db9b8.jpg,./images/0762/98500de5bc2a4756b0dcd31d759a3440.jpg
0762,./images/0762/dff07d750ba94baf9a7a9112e4d7066a.jpg,./images/0762/f778f358f9af493ca2033a6e3480391c.jpg
0762,./images/0762/f764d73e7eb6413193e7a4a4a7e9de70.jpg,./images/0762/d27b86a005bd4af395ac6d55d700ad85.jpg
0762,./images/0762/566833534cfe4662914eb1543e63b6c1.jpg,./images/0762/1d75942abdb745dfa30fd76e20180191.jpg
0762,./images/0762/c25b3c5e2710417199029a27a7434fb7.jpg,./images/0762/c5dbd427655541cab9c8ccf423406be4.jpg
0762,./images/0762/2ea7f8b5e4a043b0b8942d27d69204c4.jpg,./images/0762/9f372de4ca1f49a28cf2fb0871893639.jpg
0762,./images/0762/dfbbf0beaca14f408177fddf96c29bf6.jpg,./images/0762/be76024c187d4c9b8db5217e13a6e1dc.jpg
0763,./images/0763/d59730299f9f4f7f98db9231f2b38ca8.jpg,./images/0763/304c3d01531b4af1a55fd0bbb02a9ffd.jpg
0763,./images/0763/75b44d73893a43a282865c1b988eae29.jpg,./images/0763/1cfa9ce4eb0c41a394adf95b701ccdbb.jpg
0763,./images/0763/0ed13684418949139916b7d3ffa6758c.jpg,./images/0763/288abcdc1a47495481aa40a32b884f54.jpg
0763,./images/0763/2e57da647a8d4abc9af0694f76627698.jpg,./images/0763/cd5cf7e9a62d42cca48c6e77f7629853.jpg
0763,./images/0763/ee77980f59874c789ad6518b14d395ea.jpg,./images/0763/23ad86bff3e648cc997e85c7b7fb5fd1.jpg
0763,./images/0763/93293d6831194ea9abd714960befab7d.jpg,./images/0763/5d4997f5862a4113b2cbc45b182ced5a.jpg
0763,./images/0763/87f8f6e9c2284dd5b3948fbb836a4b9f.jpg,./images/0763/c4db60813b4749099480b75243e790fb.jpg
0763,./images/0763/8d23afe680984d5b89d6e40539b1e3fb.jpg,./images/0763/781296d287f04f29ac1196e9bef08498.jpg
0764,./images/0764/1f95ab5ffb654d70b5dbd6bd6351a8aa.jpg,./images/0764/0b242c2de95d49fc99d7748bc39890bb.jpg
0764,./images/0764/5c00ab64cb104c09ac593487a2ae09c0.jpg,./images/0764/19de19971567480790afa5ed23c10c0c.jpg
0764,./images/0764/ef0e64c6d0dd4dc687b6ce5c0665f421.jpg,./images/0764/e3c4e769165a4ceb914ee4d1e55b55e3.jpg
0764,./images/0764/6ef770401fae4afabfe7eda98e6d0376.jpg,./images/0764/c25b3a948c824a3095e995a8c9b18dbb.jpg
0764,./images/0764/39a9fc7eb863432c9374de43983f31a5.jpg,./images/0764/56441045b6484ede96323e9c0227080b.jpg
0764,./images/0764/17b088f830534140b544d15654cc79ef.jpg,./images/0764/4c8d945312e440d4aa9d58c281899c98.jpg
0764,./images/0764/c335f9b4ebec4405a745b1524d9a390e.jpg,./images/0764/f8b4964604aa434eaf2aea929e8a3207.jpg
0764,./images/0764/55b3fab1b8094d38a4613f40ce062f52.jpg,./images/0764/21e3292f01ad4238828b61b817857d16.jpg
0764,./images/0764/0445e14fd9ce407db68db3d21ad4f769.jpg,./images/0764/5d83b9db3b2b4dc89bd12b515b19c858.jpg
0764,./images/0764/00582f51047a4fd99d9750e834bb0986.jpg,./images/0764/c84fbfa8521c407a9bd324f7308d896c.jpg
0765,./images/0765/a7a6073ee584432e807b045d12e06e9b.jpg,./images/0765/27ea7ec78d9c496ab96bd00417c0d2a2.jpg
0765,./images/0765/d6ae8be0ae374aa394b6c6e2d7fdcd4a.jpg,./images/0765/f6fa1075075a4825bf5822da7e0b0e81.jpg
0765,./images/0765/b0d5614918e64c10b6b009c346441610.jpg,./images/0765/579cd7a358e9484ca64659a1b6fb78ac.jpg
0765,./images/0765/5d38b17122eb4d1796c005b70afe3c1b.jpg,./images/0765/c6b4aca88a984bfc8a1d12721fe5eb2d.jpg
0765,./images/0765/8c673a93d23b406c91159e1df53efa61.jpg,./images/0765/90bd1a58c00d43c691d5c869a80c4e25.jpg
0765,./images/0765/b8d074c6c5444312a187b40218257074.jpg,./images/0765/560368b4534e43a19453d8ac270f2d0e.jpg
0765,./images/0765/f266183d408c46bf9451e09ec9c80789.jpg,./images/0765/4e558f9a9cd44b01bbf7a5cefa28a221.jpg
0765,./images/0765/7693a6c3a6d944a2b3bd72937f4879f9.jpg,./images/0765/6a1ccb144c50427cb418cde1d834e7ed.jpg
0765,./images/0765/f50058c53e534f5988d0716c3d4b4b96.jpg,./images/0765/cd96f25c585e47b2b46d8e33c5e7d6e3.jpg
0765,./images/0765/9d1427de00b44bbd9914569635e9eda0.jpg,./images/0765/b70670a21a42461d8d9d872090dd7564.jpg
0766,./images/0766/91fc8c4d862f4d2bb1a12db8d729b6b7.jpg,./images/0766/c44a58a5eef04144aa331f46452b5b00.jpg
0766,./images/0766/f5f78e4ed88f4866951a118ba9fec4d0.jpg,./images/0766/69e486f7dbef456b9d4853d814248a28.jpg
0766,./images/0766/40aba5b965c247dfb2cd3405772e8390.jpg,./images/0766/9fea9e3f739b44769b8c54f9cd516cec.jpg
0766,./images/0766/4bdeebc6fee84e2e95e02077517e8738.jpg,./images/0766/ef3b15ceabb74292ad93aec8e8b50520.jpg
0766,./images/0766/09f646c8a69e4ed3879c8d29b04ad7f9.jpg,./images/0766/bdbd42b09a794f18b43f41246ad75c03.jpg
0766,./images/0766/14c51fa18a584180a0c452c5118b1daf.jpg,./images/0766/f011ef45fb4844b88224867ed2ccf786.jpg
0766,./images/0766/b84598d05b41484188b0b441b48289f5.jpg,./images/0766/3263bd847e03442bb01f50733eae11de.jpg
0766,./images/0766/88807505d9d54c73aff00069ac98d02e.jpg,./images/0766/fd06489471474af597e92089d5472656.jpg
0766,./images/0766/a05a96a53cb449cba58bef5b373b3558.jpg,./images/0766/bfc1a1fce39a4fed92785d58a9a9d4b3.jpg
0766,./images/0766/60033a74991947e5913c71d0d483e7e5.jpg,./images/0766/26d3ae1482754e0899b2a6598c193ddf.jpg
0767,./images/0767/ef9ae102a437444ea79d50985359934d.jpg,./images/0767/eb7100dfb5a74a40bf17ab16e5629121.jpg
0767,./images/0767/659bdb9257754319b91a041946a1d618.jpg,./images/0767/68fc37821d12427ba1be4fddc6fc7a77.jpg
0767,./images/0767/9b24bd098833448796e916a376c4fa47.jpg,./images/0767/4c03c474b51340baa48fe250db568385.jpg
0767,./images/0767/67bfd63025d24b84b1e9d479dfe4fdac.jpg,./images/0767/32914782d34341f9b51b36f7a6b21d4b.jpg
0767,./images/0767/802317beaa304bb5beb1c27510a8491a.jpg,./images/0767/a203ec66f7a54c47a71413a175945018.jpg
0767,./images/0767/57ddcbc5c9104dbe924657fe86817d45.jpg,./images/0767/bc41c860bd894dabad6a872577a87eb7.jpg
0767,./images/0767/0b059ecaa4ca48d4a8351eb0c1debe81.jpg,./images/0767/a5f3c947c99d405cbb95fa5c575e450e.jpg
0767,./images/0767/6ea15f526bef4b91ac00b5c5d72d0e2d.jpg,./images/0767/49b76ec1730046669de028e7e93c9d5a.jpg
0767,./images/0767/3b74607800e44649b9a9121122bb48e3.jpg,./images/0767/71799a5352f2480c8fb727dc60f9f0eb.jpg
0767,./images/0767/a0a9b24dd2ae4107b0438b67f8ab324a.jpg,./images/0767/52a48de373464e18bfce927d2e97fca2.jpg
0768,./images/0768/02990f79eef7426991d608961dd23fe7.jpg,./images/0768/55befb1198204b54a9717070ba9113da.jpg
0768,./images/0768/db20041c81bd438d8ce31046003f6ee9.jpg,./images/0768/8938c1578b0c44178efc36ccbed6a3ab.jpg
0768,./images/0768/ad610f817e7b4bfcaf25e0326e4fadd4.jpg,./images/0768/1f87d8f597f746ffa4995fab4ef72b03.jpg
0768,./images/0768/bb4b51c4c3fe45c9bc1905c4172337c9.jpg,./images/0768/1d966d49bb924a88b6b66b6bfe581aa0.jpg
0768,./images/0768/904b4c889cea4b02a4a1abe582890c9e.jpg,./images/0768/c06f1346f9974954a93361c3f41ab552.jpg
0768,./images/0768/fa0f8ec5371342c39ce4783470da5be7.jpg,./images/0768/f25f1aa1e69442a798eeb82a4b700c84.jpg
0768,./images/0768/207111f139324289a861c969bd7f94ff.jpg,./images/0768/762568e333fa4b71b2203a06ee3bfe54.jpg
0768,./images/0768/63c2cd7b32ee4a288d7345dae9043830.jpg,./images/0768/7e29275310084392966243490df2fed8.jpg
0768,./images/0768/97ab98c0c0ef42c9833a09115dd130b9.jpg,./images/0768/17a07f906bc843d7a87f4efa3cca6271.jpg
0768,./images/0768/f7b6eba15dec4d50a8f2eff665cdbbc0.jpg,./images/0768/c45412f766814dd6a72332b3f238badc.jpg
0769,./images/0769/068cf54d8b634c389566f8d8a3054cd0.jpg,./images/0769/207d751f953a4ffdbffb1015cb5ef48b.jpg
0769,./images/0769/8c7cf14717804d5c8ddf5ea23ff03ac9.jpg,./images/0769/e948de58fe8e4834997eb1626b1b98da.jpg
0769,./images/0769/022c7e3bc3f24119b4bcf22fa7cae18c.jpg,./images/0769/8056889f2b144782bb25b4e8896ab65b.jpg
0769,./images/0769/e31b3bd8efcb413eaa8c75fac2b8f2ac.jpg,./images/0769/d716b209ea14461f8e058179f21d1e2a.jpg
0769,./images/0769/05e5fc112f19481bae37e5007d4141b9.jpg,./images/0769/99ac5d9c6193426e8c736cdda0ba759b.jpg
0769,./images/0769/794663a3b47c4049b6a9f32b45eccb19.jpg,./images/0769/f639641467884d599683de153298d89c.jpg
0769,./images/0769/6613717a2040400ca84c66ecc8ef1984.jpg,./images/0769/b1ebe3c995b64a48a3cc5fc58dc05b4d.jpg
0769,./images/0769/24943d78a7d04ecb91b4e362c41dac85.jpg,./images/0769/9be1d9ab56784ee88b06bbf42cbd46a6.jpg
0769,./images/0769/8598a429c6714d2f842c32f681f5e412.jpg,./images/0769/335864998e65437ca1aa0513894e4ec1.jpg
0769,./images/0769/5f4d390ed6774ee3863e2e9aee238ce9.jpg,./images/0769/74165e9313484245b3f520f7254685f6.jpg
0770,./images/0770/cd894ec7990248f4bb73f4a692ebfed9.jpg,./images/0770/1ea00541aa074923ac96f40874eaf7be.jpg
0770,./images/0770/b1f5692bfc374971b8a5ddbdef39bcdd.jpg,./images/0770/7c547f779c82418ea37ec12b7f2e1494.jpg
0770,./images/0770/810926b3cd6d4b7e84cc5cddd3927de1.jpg,./images/0770/8d0a70831e8143fd9c082c8c66071364.jpg
0770,./images/0770/78a2d9bfdaac44579e0c46441c5557bb.jpg,./images/0770/cea622b02d4742a7b8a7da3b2e60127f.jpg
0770,./images/0770/9eae14c63d134f46a4e191dca47bd282.jpg,./images/0770/1b60e5bc72ee41c6953a7def3919c8e0.jpg
0770,./images/0770/01022e9f70694b6a80ef5d166e6025dc.jpg,./images/0770/803efdb10de947488e07c7fe6a24a906.jpg
0770,./images/0770/c0f1b51263f149d99ad4eaa0a86a2cdf.jpg,./images/0770/e7bcd768a7cf4ad3a75c4dc97f5132f3.jpg
0770,./images/0770/ba0596aacdb44772b7799f53879dcb89.jpg,./images/0770/d6c9106588e446e2a0c50fe64729a5c7.jpg
0770,./images/0770/b4b465f3a29b4d23bdc81fb947aa639f.jpg,./images/0770/22ea76d349e34a30b6064c371eb62745.jpg
0770,./images/0770/310f6009cddb4bb7b84477e6bd4e180c.jpg,./images/0770/7973e4f043384077b68af66363e73a25.jpg
0771,./images/0771/d85588a7713649a48fd62f7878d7bb88.jpg,./images/0771/53767ce713cc44b9a624d1680f234eba.jpg
0771,./images/0771/d3ae85befca54d9f95641ed4808ee1b5.jpg,./images/0771/70ebf9010a844099a57f1d782cded208.jpg
0771,./images/0771/ed7362f8ad1a4939a2c89bc7ed81a283.jpg,./images/0771/1f3a99f1eb5e4ed0896ae3be39afa532.jpg
0771,./images/0771/de71ba2f7db841dfb524087fd589c216.jpg,./images/0771/0d5d11ea0e8a47ad98b5fb744b633d47.jpg
0771,./images/0771/135f6d98a25f432b8f306f23756941fc.jpg,./images/0771/aab9e8c28c6d49a2abcad65473d74453.jpg
0771,./images/0771/fa06e21b01f645ef9e9263c10e315022.jpg,./images/0771/f8410b88aa0b4e00be4b51fcc0072c45.jpg
0771,./images/0771/44a2dbf5722c458d8969ad0968473321.jpg,./images/0771/1a441b0e38f34566962ede1201d522ba.jpg
0771,./images/0771/2e3be4ef2f0141048c63b16d74b2cc21.jpg,./images/0771/b6f2c68d7a74492887e89f7212f1b951.jpg
0771,./images/0771/2e3f2754deb24f3e8b1b0f9eaaab28b2.jpg,./images/0771/8ab57e3a7ea6487cb20b7441c74a2ac2.jpg
0771,./images/0771/0f6b077e45284ee6bbbfa141d4f020d2.jpg,./images/0771/b53d42d88bcf438f9d42da7400c30e87.jpg
0772,./images/0772/fb5bf4d71bd6447484c66ac4c6da91d4.jpg,./images/0772/52bf824a0c8d40c6a9f4fb869fc58f7a.jpg
0772,./images/0772/a69074e9008548dbbbcd83ae3a67ef5f.jpg,./images/0772/ef0af8ca81a6425399732289e27a1cc6.jpg
0772,./images/0772/3d487dc66ef2458287a84a6d94a050b1.jpg,./images/0772/f4aa0018c43f4471a935df59617ce7b7.jpg
0772,./images/0772/e37dc5d15f154cd29db3b0f3a59b8b4a.jpg,./images/0772/9c2229e6740b40b890bca8a3978c5b8e.jpg
0772,./images/0772/78aa296bb6e645b2811aa81c8460cfee.jpg,./images/0772/ae4f049a0d0744319da96f0ddb44dc1e.jpg
0772,./images/0772/3cee901a34c04d8091810adbd581b1f2.jpg,./images/0772/7010c3707af94c4e98989fbb4d5da9fa.jpg
0772,./images/0772/d145d89186434525a26e30f05b054932.jpg,./images/0772/33836f71d196485c8644b9faf020f531.jpg
0772,./images/0772/49e852180621480998b38c2fb3319bd4.jpg,./images/0772/5846118fa38d4392aa22e55568f35936.jpg
0772,./images/0772/768bf84468674746aed0032b54790d46.jpg,./images/0772/6235e2064aec483fa56afd1f3641fefc.jpg
0772,./images/0772/f12536420e37413c8d75947f8556c4b9.jpg,./images/0772/7590fe0782ad493a808f0c7f71bfc928.jpg
0773,./images/0773/d02ccb0b22ea4ebdaccd437506b08d06.jpg,./images/0773/4eea21cf4f20405994fca4aebc25db00.jpg
0773,./images/0773/f8005f3d73a04a69955a75d500aa9934.jpg,./images/0773/4e22624957f0419295e28dc3f30544e3.jpg
0773,./images/0773/16336abaa9c343a3ae7237f8efe24e5b.jpg,./images/0773/d00feaf9426f49f89bf43e9d55a7472b.jpg
0773,./images/0773/c34867521ef84982b4414a77b71a6faf.jpg,./images/0773/16ec349e2b7745e99bd68083a9bdfbd1.jpg
0773,./images/0773/de5ee3277091460cb5d8104da7572401.jpg,./images/0773/79280526374642ca94186db900e981f3.jpg
0773,./images/0773/a8086f025b7342c384cd72ca352fcec0.jpg,./images/0773/6bf90554571b4fac913f8be411d71a88.jpg
0773,./images/0773/0cff4ae27d6241fa8ef8e2950af39167.jpg,./images/0773/d84ea9fc27e2433088bd07faa0a4e0c3.jpg
0773,./images/0773/854313470cfc4a2e8b7e4a7045d6ed36.jpg,./images/0773/fcf654021f4d4dcfad4d7013a123c282.jpg
0773,./images/0773/b17f7d2ac8e94460ac04891d913421b5.jpg,./images/0773/bfce01fc1ad34c49a67c815bc4617283.jpg
0773,./images/0773/553aee08e13144b682dbdc672506ef56.jpg,./images/0773/e97460072a1e49da80663a8e5c494a5d.jpg
0774,./images/0774/0acc8fb6768b49f79a7ddd8509541d04.jpg,./images/0774/3bf464134c6c476399046963033e1e88.jpg
0774,./images/0774/daa57500f33d440c85e94593708c219b.jpg,./images/0774/cb45fe449d5c481789d4927870028494.jpg
0774,./images/0774/1b07572d0c2b46de8523e6ed855ea6ab.jpg,./images/0774/ee769f09556e474c961a1108d024b93e.jpg
0774,./images/0774/34f1e8106fbd44be8fb6c4e30abb0c1b.jpg,./images/0774/937b54884925494c9d2183f93c640785.jpg
0774,./images/0774/5be16b45f1cd46a089be98e2a5d18f6c.jpg,./images/0774/ae4102f2737349798e53aecdf2964625.jpg
0774,./images/0774/3968697d028a4b16966473ccebf9ca69.jpg,./images/0774/31c98e4eba54484ebdfb372c8113e370.jpg
0774,./images/0774/6a50f4f9c72647eeb70297cfe39399c8.jpg,./images/0774/8e8b6e3cbfa44133ad01ddedcb150cda.jpg
0774,./images/0774/37196078e77945bf8ed68a0332feca6d.jpg,./images/0774/0b2cd794f8a6421db97ad40530f522c2.jpg
0774,./images/0774/9a6c96c4420b47c583191aee16949b73.jpg,./images/0774/e0b481521bd146619e4ad8c1bb25526e.jpg
0774,./images/0774/a13ed9577a1c40a1811734a02dbd8ed9.jpg,./images/0774/1ab3decb1ca04e908c6c7d11508c60f8.jpg
0775,./images/0775/e456adaf47a5491d9ce91c6acffd8a89.jpg,./images/0775/58ece320b39b4894a911e38e8e288b1d.jpg
0775,./images/0775/9382813bb8fd4426a85d07f24e96a52d.jpg,./images/0775/1c4a3e7f318a41e982e0ec0f3caa9088.jpg
0775,./images/0775/ec79c4202c734e9fb098dad6cf20eb36.jpg,./images/0775/2e420e50c4764bbe8d56298ef72891bc.jpg
0775,./images/0775/426bfdca0b234901a5667475e7364772.jpg,./images/0775/bc30284a117449d7945ebc6093b425b6.jpg
0775,./images/0775/5271436a2c384a94a7b37a3289fb2334.jpg,./images/0775/177987a2a2034f2481c31d89d6de54a2.jpg
0775,./images/0775/6b4f30968020448a9469c2db3e441500.jpg,./images/0775/e1c9fdffc1f1447cb644f04a8eb4f373.jpg
0775,./images/0775/b49613e6959e4e41af452583e07790bb.jpg,./images/0775/36eb53bf3cfd4969bcbf548b80ab5b69.jpg
0775,./images/0775/9bbcaf1ed97541ea9c1e6d8f26979ab9.jpg,./images/0775/c826ebaf9bc54efaa45edfc914de0102.jpg
0775,./images/0775/02656c3f90ec44b5a5d00909d48b65da.jpg,./images/0775/829c8a5b3ef64a06ad1041622bcbaa35.jpg
0775,./images/0775/744af76f3e8c4319a67efa63a1d9cb1b.jpg,./images/0775/638c1ae2b0de45908cb51e3ba87b3954.jpg
0776,./images/0776/c5fff63423f84f55b627d51d0a40ba39.jpg,./images/0776/b01fcd8c4a4d4baabbd141d8ed5b2ed7.jpg
0776,./images/0776/6fbb7375ad0646bd96f45cc1ea06a761.jpg,./images/0776/7bec0fec248c4efead0570a69ce6024e.jpg
0776,./images/0776/7d88ce24e7264ab9b508d84e938c224e.jpg,./images/0776/f3fef5c1e849496ab5b5f7048720bb36.jpg
0776,./images/0776/fd02b7a462b44a98ab1ae2214881e454.jpg,./images/0776/d12670f9114845f99e066bb6236b7835.jpg
0776,./images/0776/b8a50514366e450a80e7cbeab15dbe0a.jpg,./images/0776/c01edbfa3ac04bbdb71e6df171e82a63.jpg
0776,./images/0776/e3d8b1635e6f4809a2caac64a49b8978.jpg,./images/0776/070332db48874ccea18c2666ed30c300.jpg
0776,./images/0776/a076178df1bc4df3b56c45fbb80bb454.jpg,./images/0776/25f19b21becd49f88c21c580d979dd76.jpg
0776,./images/0776/da83709a552046ef82b6590d0954e840.jpg,./images/0776/46d4f7d0154f468cafc165bbefc7dc8d.jpg
0776,./images/0776/af7a059d945b472fb62ebceea1b8c136.jpg,./images/0776/54d7b30ace1d4c48b0dca335cad50a71.jpg
0776,./images/0776/b6750e5f67ce42e4908dab96aad353e0.jpg,./images/0776/5819aa6996694f51b07927125b2128ec.jpg
0777,./images/0777/7d6c1aab0ac8442b905e17ca51defd9f.jpg,./images/0777/e30549843df648a9a8f1bec41d857378.jpg
0777,./images/0777/bd7f120ef12c4f0dab5b6d86ca0c9736.jpg,./images/0777/c6f64fe96f8046a5ad26dcbdb4921243.jpg
0777,./images/0777/16e023fb79a64e19abf4f836bb2a84d0.jpg,./images/0777/27fc0bbbcd484a329f362d474c97d449.jpg
0777,./images/0777/3b2a95a22c744ceea22ca625d223bdc1.jpg,./images/0777/6e83c8ee97c44ad6ad72a85697a49c08.jpg
0777,./images/0777/8e28f2874693432ca665f9f12212c2dd.jpg,./images/0777/96e354d2c48a431dbdf9dcc2bcdd4128.jpg
0777,./images/0777/8ec4830d183f448a82c1c2fa64af1a74.jpg,./images/0777/347f182416eb44f981187f9be4f0ea74.jpg
0777,./images/0777/b0c02ef7f3824c9cbf69a0d4c2efdef5.jpg,./images/0777/c8c452238e74497cae5ff92ab83cbb32.jpg
0777,./images/0777/da2bba066cf744b1acf9068c4c6d7262.jpg,./images/0777/ca8d3afe0baa447e859a87bcf50e8a88.jpg
0777,./images/0777/2f6ac54df97947008eeb8226051b34b9.jpg,./images/0777/34b8787d00fc486f840a4db6efa85d6a.jpg
0777,./images/0777/302116aee9054d27882ad23bf414865d.jpg,./images/0777/0ffc529d564d4e319685acd78c5331d0.jpg
0777,./images/0777/3cc27be940b847b2956a8c419e68309f.jpg,./images/0777/4a123ac0c540491bb3e6991941f8de3a.jpg
0778,./images/0778/85f6bc85ad8a4f459010a5b1ff091c9d.jpg,./images/0778/449bbc7cc2cf4bf1b72b899fae044215.jpg
0778,./images/0778/40c2ec417009463abdb5d0248fb972e2.jpg,./images/0778/3da35e5f8d354c7d9ad179ec175f57c8.jpg
0778,./images/0778/8d93c14e49b84e6a9fff8119b1fa4d8e.jpg,./images/0778/0c5744b6157f4eb281c5ede00dea02aa.jpg
0778,./images/0778/336c3e4911e44547b32b7acb3f5dc262.jpg,./images/0778/5e289bfdf91e48dea5d8fa21cbd179f5.jpg
0778,./images/0778/0b946baceff245c48d7115b6b5ff745e.jpg,./images/0778/583e6b86f64a46a18e67477c1b77dc44.jpg
0778,./images/0778/56b401ed4df9492a9dab6dedda60dadc.jpg,./images/0778/f66f23e25c77446e9efb9491cc5897f1.jpg
0778,./images/0778/af84830907e748568c550df593118bb2.jpg,./images/0778/7757dee1707943098dae2f12845f6e1d.jpg
0778,./images/0778/c2f5a11bd07d48c581a6b08900c6aa07.jpg,./images/0778/27f5394dc02a4661adfe7002c5b1441d.jpg
0778,./images/0778/11dd64d6b6834efc88abf870aed1f674.jpg,./images/0778/3081684338e2418ca99c205d23deee50.jpg
0778,./images/0778/61dd3f9f09c344d4b7f0da676a68808b.jpg,./images/0778/d25a3c3d68cd44af9eaa5e97f5cfde90.jpg
0779,./images/0779/8aa6b92a1e84401fb969a4bdfbed3919.jpg,./images/0779/e8b0e7e867854fcaaa943ee224152ad7.jpg
0779,./images/0779/01f588d9532e4851b4d2d977fb48e4fd.jpg,./images/0779/4a06c535383b47b99eaf0e36b279f3b8.jpg
0779,./images/0779/a1702f10f3c14d1c950851be2d212cc5.jpg,./images/0779/52595872c29e4c1c9c92e9fadf6149b7.jpg
0779,./images/0779/318e8a187cdd41f6af48027d827766c5.jpg,./images/0779/2350ac5cf90640dcb9a4892f66f7ef11.jpg
0779,./images/0779/c228c4d217c544a4b3ed440786933457.jpg,./images/0779/58a500d4f97548dd988916c831cd0464.jpg
0779,./images/0779/7492167e90aa4cc29661cacc84ab3433.jpg,./images/0779/00783bbc9fd04f45b258128e272a46d0.jpg
0779,./images/0779/2f350fbb620044e9b3ee18bfdf6e16ca.jpg,./images/0779/f52a23a419fd477f9d9f1cf09a9788f9.jpg
0779,./images/0779/0fae1b9c362b4e5e95678114d64c1145.jpg,./images/0779/0345628c57ad435dba8ad5268bd4fb6b.jpg
0779,./images/0779/367e516a4c694cea8e2271983fc8f161.jpg,./images/0779/96a1ea31ad7b4ac6a9a9900918bc068c.jpg
0779,./images/0779/8dbc218eb3184b968ab6129b642b2e9f.jpg,./images/0779/d351e8e20a31463ab3b527ea78daa9df.jpg
0780,./images/0780/1a1ce184bfaf4300a98634d1920005a9.jpg,./images/0780/e07ae9dcdaf548c98bd7021233e57511.jpg
0780,./images/0780/f77347a2ca604fcbb34b51b246ecd139.jpg,./images/0780/aa90da3e9ca04c19accb935ff8d0cd10.jpg
0780,./images/0780/3029216bdbe74315ba015086454431ce.jpg,./images/0780/c8f133492cde4535bed68370d4aea654.jpg
0780,./images/0780/4fe6fe024c7d484887e0d9a0061526eb.jpg,./images/0780/c857c11700ad4f0abe95aa3fc20fe833.jpg
0780,./images/0780/54a31cf648614add8aea0e1b3b174a1c.jpg,./images/0780/c6826ff4355243ff98c2b4344cdc6ced.jpg
0780,./images/0780/43b84f0df39941c9b3f7cc89decaa0be.jpg,./images/0780/00833c0ad38c4bb18e13012d48ced928.jpg
0780,./images/0780/b83b09a3169f4fe2808d99ca865b4503.jpg,./images/0780/52f07ad755af49d4ad8315c192c5fa37.jpg
0780,./images/0780/70a44e845f9147888c18855c04a75421.jpg,./images/0780/ef52c7f458a642698e5c8fd5ede9732f.jpg
0780,./images/0780/76d1ef7459a54f57b0e13940c12a7649.jpg,./images/0780/bf658797918c43a5b15544ecf2d7491c.jpg
0780,./images/0780/320b87b487494e6692f819b017fc0084.jpg,./images/0780/1150c4dc1d7049c0bd8bdca4c74eb9c0.jpg
0781,./images/0781/4b6ddb20e6e346e88e558c1a5dcd64ec.jpg,./images/0781/0979350b77d84968a07eddcbf4099870.jpg
0781,./images/0781/c0e019ae915c4165bb25909e3d7cb039.jpg,./images/0781/9977d5d9dfbe4c4f9ff3e68dd92019e4.jpg
0781,./images/0781/a03ce8a3c54c4df78e3fbafc2dcc049f.jpg,./images/0781/e45b9490d1564aba8409417a75af21c3.jpg
0781,./images/0781/81f91ebd75dc4f4e8b160eac610097d4.jpg,./images/0781/c0587df4c6494c2fbb261547711bf94d.jpg
0781,./images/0781/ed05ec155c3d498fa5475c2a04bb4180.jpg,./images/0781/e9f4101c6d224be29039c393dfb8ea00.jpg
0781,./images/0781/0fc8511c2898405e925cfe779326a384.jpg,./images/0781/8b86c7fbfd8b4d0e980a754e91464992.jpg
0781,./images/0781/4269070daa594bdfab71d1aeaa336429.jpg,./images/0781/9f8b5286bbe94d03bef269ff7abde824.jpg
0781,./images/0781/2468100f16034a64a86205a14ecc21be.jpg,./images/0781/b5ad5149a73744708dc334693935186e.jpg
0781,./images/0781/606e2a3d56de44b99ca110d90204746d.jpg,./images/0781/28aa018654d444c8ad13b6ff120cd304.jpg
0781,./images/0781/736830e932e64e8dbe0b8414e3a966f6.jpg,./images/0781/33738d4615bd4029a92f08ef83d3e15b.jpg
0782,./images/0782/5d23f3fe326a42588b2eb35000304db8.jpg,./images/0782/fbae1d5ddc7f4c77b94dda0060169f5b.jpg
0782,./images/0782/e696991700b34dea859a02aaa17d9fc7.jpg,./images/0782/6b65b74056ff4270aaf88cf3532a04ac.jpg
0782,./images/0782/f5c23e2e8d434503afc0dd9a5f0dcab0.jpg,./images/0782/c1044db45800457298d24666c8fb990a.jpg
0782,./images/0782/bf55e5f6482342208746c9f1ec6ba603.jpg,./images/0782/e1d4f466935e494f8bf4d801066ebb8f.jpg
0782,./images/0782/6e3d266e7bc045d799ee9c04543bab49.jpg,./images/0782/9dd198a1c9dd4a54b4ea3c7a11aeaf26.jpg
0782,./images/0782/b5cf00a3a9164bf4b240171bfe6db2e2.jpg,./images/0782/010c9cec26d94bfa9e7e0586a71a7581.jpg
0782,./images/0782/1249f7a448cf4b579be8e79c36408a1e.jpg,./images/0782/341d9bc4563d4a38b0d4f102f9a8d3da.jpg
0782,./images/0782/ec4ff15720ac4d3c96d65c41644d7cb9.jpg,./images/0782/1e3753b75b2043e1b858e521f1e2db1f.jpg
0782,./images/0782/18edc1b22e914db8a62ca4363b2cd9a3.jpg,./images/0782/d6a71372163e4c64a7e5d26f51185dec.jpg
0782,./images/0782/4618c75ce3d346b0836dc8c738736c4c.jpg,./images/0782/95051f17dee6410d8c87594763cb00aa.jpg
0783,./images/0783/778c0ee63de047389a2453b833d70cc0.jpg,./images/0783/920dbb690cd045049a191386f7a5402e.jpg
0783,./images/0783/283b3760a63d42fb8d64e22c645ca391.jpg,./images/0783/b309f4010abc4f2c93f4803cdec006d1.jpg
0783,./images/0783/f9f0632232df4d068223ffa8fec27a6b.jpg,./images/0783/4b658037795e4f53ac5df73473194328.jpg
0783,./images/0783/52ceafbf669e4d05b3a900f4c45e3ade.jpg,./images/0783/3fd0a79aea344fdcaf3a4144c4856121.jpg
0783,./images/0783/0b31e067b29a4f63b5f3d88f661d9783.jpg,./images/0783/7468a5684bf742f39fc9b1e3dcd0aef7.jpg
0783,./images/0783/9a560aa93ac145f1aba2a9f60edd5452.jpg,./images/0783/214d77db5b3745648f1b42da9223a704.jpg
0783,./images/0783/7a14ba50089d4e1f888712c00a7f53fb.jpg,./images/0783/82077bc2f3ce4f40a6cdd00192a7727c.jpg
0783,./images/0783/9a97c1f9fd4f4e05a2b194f3dc5dfa9f.jpg,./images/0783/5bc7a11a718a4d67bd34a98cccee1c4e.jpg
0783,./images/0783/51235e337a23455fa1393030d00357f9.jpg,./images/0783/4c98f54a0c81409aaa99cae8ea559cf0.jpg
0783,./images/0783/5ad9f8045bcc4e7c96e06661a1df6b1e.jpg,./images/0783/a806a0546bd94dc58f9331d639b1d584.jpg
0784,./images/0784/48400cf5fa9d42609c6e89aaa09a0388.jpg,./images/0784/a9853d506b1f4f189747ba49ea30acc8.jpg
0784,./images/0784/4fab1dfcd83d4ff6a7b6cc96a16bd18b.jpg,./images/0784/9fdc2874c33941c78a4715bfacdd19bd.jpg
0784,./images/0784/3f6be0c9c874440c960a45801407c701.jpg,./images/0784/163b6c8882fa4eadaa6ed1f3dd06a02e.jpg
0784,./images/0784/52cbf926504241db8422f8120ed654cd.jpg,./images/0784/929d62b2688144f5b1933a4bc1a44b87.jpg
0784,./images/0784/7a22701194a645baa4fe83e705fb4b7e.jpg,./images/0784/0acbdd35fd65455eabb12ce657bbc5e0.jpg
0784,./images/0784/e6efa3bb67d042b18de615f551044346.jpg,./images/0784/0be0035ecce144618e885a9249c5ae2f.jpg
0784,./images/0784/e4d3cc27294e4cfa9472abe867d1a436.jpg,./images/0784/4e4798e5a4104b288ba74e75de67ff94.jpg
0784,./images/0784/c3b5b244e192461d8e7076217b6b7f42.jpg,./images/0784/bd72e84fb0f64f2ca64faaaba9e64fcb.jpg
0784,./images/0784/850a9d0d3f474253a47c2d3cefb60b4b.jpg,./images/0784/9068a556fcea437cbec9e552a0e2a136.jpg
0784,./images/0784/dbf3978a145446e9aa01235518d6ae03.jpg,./images/0784/9c5633d53535411688f9fff4a4d21fb6.jpg
0785,./images/0785/cb1b42566c6848388b338ffb3233db5a.jpg,./images/0785/54e6d1ba568b4e2dac6ca33f848c8e2a.jpg
0785,./images/0785/5316096c379c455ca69a267176be3d3e.jpg,./images/0785/6c20daea2fef40b9a0294e87971caa8d.jpg
0785,./images/0785/498a33a1e1a34a7088f62e7116395adb.jpg,./images/0785/6ac7d9af0f094b3eac3c1ef7ae5b1607.jpg
0785,./images/0785/13a269491b644ebf96cebb003efb0d99.jpg,./images/0785/bf3537cee08d435e8f05a37207553f2e.jpg
0785,./images/0785/c36e19bfa7d04b76b21621c753db24be.jpg,./images/0785/6708924eac344e9897cb14b3e7c492b3.jpg
0785,./images/0785/cebbe3694ba54eff98ab1f2b8a3d9426.jpg,./images/0785/4ab6f72fed6440088951f3f96fbd5460.jpg
0785,./images/0785/24963370a6504b71bc6b163cc8bf796f.jpg,./images/0785/8c86be46cf564f03bd35b4706b7796fb.jpg
0785,./images/0785/3e1c6de6952440c2af8b571d48ed8628.jpg,./images/0785/65afcfdaa9334c9ab28f8c8c8765f6ea.jpg
0785,./images/0785/15363b56b95b4448badb3a1da2df6ec5.jpg,./images/0785/cf65ad6336ab4c7b91cbf29e3f9f8e02.jpg
0785,./images/0785/3c2645ee6ac24ab7847919e1d0181ffc.jpg,./images/0785/a0bbf849d08e4615b5c6afd0d9630e15.jpg
0786,./images/0786/5c6b6b020e8146e6ba699dfdedc7ffdf.jpg,./images/0786/832424c0088d426db59a71b9cfe1993b.jpg
0786,./images/0786/4191c53775ca49588031c9aab625a111.jpg,./images/0786/f5fe1ddb04fa4143aed9abb8e038b587.jpg
0786,./images/0786/a451ea67a12545ed9a08e328617a4056.jpg,./images/0786/8ed3367dce5345a9aec78a98b1937da9.jpg
0786,./images/0786/da33ef9612d743e182ab5ddde33c431b.jpg,./images/0786/ad380f7a99444fae90be927d5b2fe70c.jpg
0786,./images/0786/f2dc6aa3714e44ccb7ee1e58fb2f00b3.jpg,./images/0786/230131880a354c359cbda3c4281e00bd.jpg
0786,./images/0786/86fadd74578744fb90eb51f240816d87.jpg,./images/0786/ed1ccc3671e7440eb2874ec7acb50655.jpg
0786,./images/0786/5862beeb0cda48ca8b545ef87ff1262a.jpg,./images/0786/5a056e7235a344bab89ae17d31c98b2c.jpg
0786,./images/0786/4dcce50b462e4e4aac6045bc022dc123.jpg,./images/0786/98cffb841d114fa2a2005f0d27ffee2d.jpg
0786,./images/0786/dd6cfde566ce4defb93cdba773f97bb2.jpg,./images/0786/629d68f5624846feba77d59be808a7f0.jpg
0786,./images/0786/e0cf7d0050c743628a036624e1f63297.jpg,./images/0786/7f452432879d43f69945451eb286c574.jpg
0787,./images/0787/4349c6bccb53471fac17917cb7a328d9.jpg,./images/0787/f7a361ac73804bd68b9282d7990aed7c.jpg
0787,./images/0787/6b811d27c815437e9cbea5030a2c91e4.jpg,./images/0787/83f036747d40467dba4e82bdd837ed84.jpg
0787,./images/0787/af36a2a82a4c41f5bfae0eeaa40a0a35.jpg,./images/0787/b3f72333faa14af88b18105eddac1a5a.jpg
0787,./images/0787/394fb7bb82c4413fa6ae31f52634ee30.jpg,./images/0787/daab9861de9a4524a0d481cb59f77869.jpg
0787,./images/0787/72d74f2040944b87b9ab1ecd46688309.jpg,./images/0787/4074c78016b04ea882615da3ad43e539.jpg
0787,./images/0787/087021283bfe4d81af2c1cb7ed63ec95.jpg,./images/0787/6b6b010e654547cfb107b9eed6d1db74.jpg
0787,./images/0787/128d6629b87945419f3833cd2223bda5.jpg,./images/0787/fd4e65dee2634c0f94697eb3d2244fea.jpg
0787,./images/0787/cc4e6a9ee4c8425ebc5c6f9da9da8dda.jpg,./images/0787/e69ba2d20d7c458a9fb877206252fd68.jpg
0787,./images/0787/df7c15d5779340b7af58d37ee203083c.jpg,./images/0787/a0b33f2492da41678f6dc08cebe98e57.jpg
0787,./images/0787/15063c7837344bcd83fc04b5ed6ba0a6.jpg,./images/0787/c7c79d594c4248fbb3a5220aeaddbe3a.jpg
0788,./images/0788/93c9f450e87248199b36808e1e687aa1.jpg,./images/0788/ad3d6bffacd24f86a8d101647afebcec.jpg
0788,./images/0788/bc4292090da346e58753f326f09ea702.jpg,./images/0788/f3e1f3c553ae4410aa8785451f73576d.jpg
0788,./images/0788/2ea0bd51f6614bfe9168e7e104dcfd83.jpg,./images/0788/72c9fc706e784fedb98ee498c54f622a.jpg
0788,./images/0788/5953d98799a84cca8dfe4f67c630605b.jpg,./images/0788/cc8df849d63845d6aa516f211c26c58f.jpg
0788,./images/0788/1b48516ffbe34f238828808353212d24.jpg,./images/0788/c7c41491cd4744deb3d62378f12d5861.jpg
0788,./images/0788/e86cf12c95604e13a3668b16f11f977f.jpg,./images/0788/6374d54422a74cfdbe80e93111e98f9c.jpg
0788,./images/0788/643c35ee58d74690876002a872433a8c.jpg,./images/0788/a19f1381c6254ca8b9b93967adf57e0b.jpg
0788,./images/0788/a691ba301d214d229f03c70e10e10c5d.jpg,./images/0788/6829ff5e30154b6898db3a0c85acf642.jpg
0788,./images/0788/c9287ed1d2f042d59b00437841b3107c.jpg,./images/0788/51df731b4f1540f2b0ff67f94c2c0368.jpg
0788,./images/0788/489d947eb02741478ca164e1fec82367.jpg,./images/0788/2c4092f4e3c145128bcebd476ace36b2.jpg
0789,./images/0789/1b782e03a790412ab4be2c8ffe1b705e.jpg,./images/0789/73182a77100b4b56ae2758b61798c8cc.jpg
0789,./images/0789/7d850691f2614070a38bdac59ed3e5f0.jpg,./images/0789/07123c0935464fe0abf2a9fefa33f9fd.jpg
0789,./images/0789/d05d7b1a5fb84899be42ebdb30d07b31.jpg,./images/0789/99f94a5a15154585ae289e6f6df3e5e2.jpg
0789,./images/0789/93e4eec3a9784685aaf41b811e499566.jpg,./images/0789/8c282c2d22a741c99e3815d1efcc82ba.jpg
0789,./images/0789/0461294c69204e20aa01db5a05a5ceb1.jpg,./images/0789/e4d480e769a84056b37a3b4633bd9041.jpg
0789,./images/0789/59cd0ff9e51046a28fcae72314b9a466.jpg,./images/0789/af022b3dfa354018be4bb233d5aa3a21.jpg
0789,./images/0789/4bf5f7af8a04459886553f081804035d.jpg,./images/0789/0a7ea241b9a34c1aa6601f87c5b25003.jpg
0790,./images/0790/4ecfe4edd54c45ff8e5460cecdcaac41.jpg,./images/0790/f0997c0620c3409ea6a0ca58a07867b5.jpg
0790,./images/0790/883116c25310492680190e11d6fb2676.jpg,./images/0790/beb1e44613e240a3b79f6d8ff29fa060.jpg
0790,./images/0790/f864760fa0f34e31ac33a4314c1acb01.jpg,./images/0790/05e3ee1d666242f8b492ef604aa1b591.jpg
0790,./images/0790/743a7a0eb0dc42738bb01d9e9fd91022.jpg,./images/0790/d42f640ff06d4664bf9f8b0c9d5e02ac.jpg
0790,./images/0790/8995b21b3a7a4db5b584fec81f890548.jpg,./images/0790/53d51550387d41b6bda360ae574baaa8.jpg
0791,./images/0791/d59b3ab26d0240db84b2a5c7cf45e6d9.jpg,./images/0791/66c53940a98a42859df3bf5bfdbb0b4b.jpg
0791,./images/0791/e6136ad85576455cab607bc639900eef.jpg,./images/0791/cc6cab1b74244ec588aff686f7d71243.jpg
0791,./images/0791/5ad649f68a3348a49131289afbebff14.jpg,./images/0791/1e32fa25a5444226975ecc54b65af1a1.jpg
0791,./images/0791/4ce9772fc4644606bceedc139676b6ac.jpg,./images/0791/776900690c6c4e4988ee800ee0137306.jpg
0791,./images/0791/3c5b55d493e1401b8835fc9dfe964813.jpg,./images/0791/3aeecab6b46d452385e01029f3367352.jpg
0791,./images/0791/20b6aa09001d4e9f99add2e845d99ad2.jpg,./images/0791/756b3f52375c49c5a0e7dc08afe2b810.jpg
0792,./images/0792/a4cb96f56dbf4a2f89ca91b3c97fba65.jpg,./images/0792/0ab64d2fbfc44f3d98e6072e14b8e6de.jpg
0792,./images/0792/a2c811aeb8d24e8b9ad5bcb4dcdbe201.jpg,./images/0792/df81dfc9d4da42098c722db740dce5c8.jpg
0792,./images/0792/13db645fc62042b982e7e0b03211501f.jpg,./images/0792/b6dafe92a0ab461bb888a38084b370e6.jpg
0792,./images/0792/590976e3b5b2473ab8c4192d5d0973bd.jpg,./images/0792/b7bbdc2833b54d73b74e26095539b479.jpg
0792,./images/0792/1d612ab42c674c999463148644aff432.jpg,./images/0792/7b6079262ef04c69a3e45574b0081039.jpg
0792,./images/0792/99b14ddf8e56488eb85c67b60fa5d117.jpg,./images/0792/a1db8e4d50fd435baa3e898db9207486.jpg
0792,./images/0792/58801addeeaa48a0a455697d4b436f97.jpg,./images/0792/3e001e6784484727a24636409584471e.jpg
0793,./images/0793/53d57e3d77074213810f33bc1d2706e4.jpg,./images/0793/31bbee17da0b45888e90a92ba68a33e2.jpg
0793,./images/0793/52f62dc305cb44f28cc70fc3b9d607a9.jpg,./images/0793/35f27a2d8e234eebbccfd859dcfd2ebd.jpg
0793,./images/0793/4615291f728e4f81838a6491e044337c.jpg,./images/0793/d3a7efaf2219479085995cf11d334918.jpg
0793,./images/0793/a9cefb853fd7419c89bdaaf778f85b7c.jpg,./images/0793/aba1f6c9c0dc43288a940fc326dd4f81.jpg
0793,./images/0793/a8c3bc1e898c416f902b6c8b02c5d433.jpg,./images/0793/6170bca9287b4650bdccdf0baa85e389.jpg
0793,./images/0793/ff2da6933b0847e09da890b436255cb9.jpg,./images/0793/df73063c9b6b412dbf261f41698a4588.jpg
0793,./images/0793/d96545c656054a61a3e14bcfb05aa330.jpg,./images/0793/206f6a56c1ec4688b8bda5d207c824a6.jpg
0793,./images/0793/ce7524dae4dc4689a0ea7b6f8bf6146f.jpg,./images/0793/e7afa4113acb4f5da2009d665e27a147.jpg
0794,./images/0794/90bc60acd3b844c499eac77055ee540a.jpg,./images/0794/fd396c583088483eb242a84a0ecc70cf.jpg
0794,./images/0794/172677288d924567987ec1e326baba15.jpg,./images/0794/b9d3c1a9a55e44db8afedd53a9995fed.jpg
0794,./images/0794/56a5af4e81b14ae2b90f6ddaaf4b45c1.jpg,./images/0794/a18b1352d5ef420cb5b654186f8ea7d7.jpg
0794,./images/0794/dfcf4cecb0aa4910b3c0db0a77aa7019.jpg,./images/0794/fedd37169f354b6da4e98c79c103fffe.jpg
0794,./images/0794/3657a56f75e7482d933262a532950e25.jpg,./images/0794/f7d7ba16e4d346729ea93eb29c141d88.jpg
0794,./images/0794/7697ad2852584bf4b4fe7d9a34c2364c.jpg,./images/0794/3fd736f7ca434f2084064b7064227e48.jpg
0794,./images/0794/04c175e1ab2747b48c93ef997c5e31e7.jpg,./images/0794/d9515db6824e4ef4a24908025cbd0c47.jpg
0794,./images/0794/b5265b1754334ce2a1762e599e814465.jpg,./images/0794/30948b24a3c84e188a5e8546845d985d.jpg
0795,./images/0795/14cbd34756e0419c9736811974581c2c.jpg,./images/0795/7045c50b499941a497fe61716a4d7d78.jpg
0795,./images/0795/577c7e9b10c54d6d832be29d13685fd6.jpg,./images/0795/bb3016077d1d472b8416b8fa2d361cd6.jpg
0795,./images/0795/c16fd2eaa58f42a28e0e533cab08a673.jpg,./images/0795/217e236622d34ce1a924bc17a7a90c99.jpg
0795,./images/0795/7ac2a65b19d74fd0a24ce0cb88691202.jpg,./images/0795/1da811ffb89f4daf9453f0396c8bf28b.jpg
0795,./images/0795/fc791bdcb342416bb518cc2445012d60.jpg,./images/0795/a00b9f24ad8d4eb48784f8ae7e6c8eae.jpg
0795,./images/0795/1acf42785fd4498d915ede05b4cc4976.jpg,./images/0795/364ca1621305470ea0fd1e2a7557516d.jpg
0795,./images/0795/b176f03307fd4f79a18dfd00e90f1a99.jpg,./images/0795/ca1761bbbbcf44b9a06789cedf0b566a.jpg
0795,./images/0795/71f5a06494054c168e08e526e19efb33.jpg,./images/0795/64540b61c8824614ba712a01bb7e5fb9.jpg
0795,./images/0795/e384c380f2c94065b936dae853cd104e.jpg,./images/0795/6437a380d213449b8da2bb90e5646168.jpg
0795,./images/0795/49667b6d5e9f4b0dac443ff3507cdffa.jpg,./images/0795/60efeaddaa3c410c9c801150bfd09f5b.jpg
0796,./images/0796/334fdae364844669a14a4e8e34a9c0e1.jpg,./images/0796/a160f0c53e0c42d1b9e618da8199556a.jpg
0796,./images/0796/3ddc46a7a0bb4b86a1343267e224db08.jpg,./images/0796/b6815008e96448c082de2866c2fb8372.jpg
0796,./images/0796/951d93e515de4c0c91696d847a9646da.jpg,./images/0796/1ee8a8021b83436e8db7a3daba12421d.jpg
0796,./images/0796/e79be576a95d48328e770336226029d2.jpg,./images/0796/b4657452192f4706a65f8cb8254c1e91.jpg
0796,./images/0796/c1c42b88155b4f03b2c1e16493565d67.jpg,./images/0796/ca9087c5b92a42dbae60c49e1a3f3092.jpg
0796,./images/0796/02410b709afa47a3b543f3712785c114.jpg,./images/0796/f523f61f507c4ac393637b9748e4c936.jpg
0796,./images/0796/793c5775de774d19a6511b475bd787c3.jpg,./images/0796/c5ca2735c8504edcb7bf4783472c8b03.jpg
0797,./images/0797/174160973de24d268c524338b68372a7.jpg,./images/0797/ecd6621ec277418d95c5e267113fa74c.jpg
0797,./images/0797/ac5cfd10d3414889a8b3b370669d4874.jpg,./images/0797/2e02a40dfc884f59a232264b4080e61c.jpg
0797,./images/0797/4301cf0fa41e498caad3516d5bfdad0f.jpg,./images/0797/b770dadb53ef4994b327e487597d009c.jpg
0797,./images/0797/b2b95ba2b520471aa3533ca990dc4f76.jpg,./images/0797/00114d1f8049400385174449acd06059.jpg
0797,./images/0797/7035d6d3ad5a45d9a6e1b5d18ba93687.jpg,./images/0797/d2a78d75c60a4a938c30e23f55b15c7b.jpg
0797,./images/0797/3658593769984828b454e643bfcdeb31.jpg,./images/0797/7539ec3012af43b9bb81e4aeee34a60b.jpg
0797,./images/0797/f206789bf76d445eacf4db626c183a93.jpg,./images/0797/67770c4aa3ad45779e51b15c6270458a.jpg
0797,./images/0797/4c0c3c37480044bd8743fdc9dfaddcd9.jpg,./images/0797/4ad8b556326e454a9132e2060fa66533.jpg
0797,./images/0797/f5c27a79f80f41eeadcb1c64b6d417ef.jpg,./images/0797/5541bf5cbef2478cb8008f7188c9eaee.jpg
0797,./images/0797/b6e5a9a6103d4c88a2c1faf31c46bd5b.jpg,./images/0797/6db22abe7ef544f49a94b15dfe47f955.jpg
0797,./images/0797/7fc35012e5af405cae6e44b206325d0c.jpg,./images/0797/ec73c7c1723f4fae925f10f76a1af660.jpg
0798,./images/0798/34417858d1a54cfc96da0ee95d0fa762.jpg,./images/0798/319785603d2048b18cdb608a69e33237.jpg
0798,./images/0798/c83f37dbd9644164947e18ac04fc1a8e.jpg,./images/0798/20cf8d6d820e4a0bbfd913644fac497b.jpg
0798,./images/0798/d46076f8c1ee475a851c78f0116c4e26.jpg,./images/0798/50c881ddf4a840d5ae06d11537ceb9cf.jpg
0798,./images/0798/586cc52d2122485ab312c760ba3010f0.jpg,./images/0798/0d041d61e6a947769817d3643fd1d4f6.jpg
0798,./images/0798/05b059d5fab14990a35c8047c3f54729.jpg,./images/0798/9886c6d8fa524ffa8b8c54efdf669560.jpg
0798,./images/0798/f01b23042a4e46dfbde688073a06962c.jpg,./images/0798/5f50e82526534c90b19772acaaa005a6.jpg
0798,./images/0798/117f437bb95f47949b252bba955469a2.jpg,./images/0798/801fad342dd74cceab25cb89d609398c.jpg
0798,./images/0798/78ba489ffc0c4d749085c5a6ebf3c441.jpg,./images/0798/e527785eccf649eab4560265a2a09b2d.jpg
0798,./images/0798/99c7fc0af9e747db96e1c6e643220c53.jpg,./images/0798/c4b8d09570834b8089ef8ca2c7b4bd1d.jpg
0798,./images/0798/b67758fdf0aa48dbb37784cba00cca4a.jpg,./images/0798/5730737c99124d978752b698c598c0fc.jpg
0799,./images/0799/d95d9c8a1b04425ca0028b19e8a1d17e.jpg,./images/0799/d31abab088994d5e9f547362a7db7c6c.jpg
0799,./images/0799/1d6d1ed4adae4401bc9b5f19d3ff43bb.jpg,./images/0799/f8ba0b1cf6c84cee82e99930d09c9567.jpg
0799,./images/0799/c02523f7d1ce4fe7995ef7f3c89d7ed4.jpg,./images/0799/ff72f0896c7645949f3972246bd9f543.jpg
0799,./images/0799/d069659ee5aa435ca21d7e112498516e.jpg,./images/0799/217b6719773a4b0fb869275dd6d1da13.jpg
0799,./images/0799/338a07c81d724b5baeff20a327afd603.jpg,./images/0799/22289151079a4b00b3200fb4106fef66.jpg
0799,./images/0799/71b37c78d2f3467e9b2f7f1444496b5f.jpg,./images/0799/8c63a7ea113846869f5cdd6047110560.jpg
0799,./images/0799/7d8534dd570b444dbc10f327b39c947b.jpg,./images/0799/263449a84d2346349ed5476a5ebdb6dc.jpg
0799,./images/0799/dadb3a0b40004bd39be4b98f908ccc63.jpg,./images/0799/fa8f2a37daf94ddebbf9203b629e19e1.jpg
0799,./images/0799/9aa79903bbf44b5eb840658c8929275f.jpg,./images/0799/6937959011ba4e7794f2ae2df76cc5bb.jpg
0800,./images/0800/47eed444d7b74bbe8f2071e261a1163e.jpg,./images/0800/0bbcb03fbcca46f19f86bf4cec16c6b2.jpg
0800,./images/0800/5477d1563bad42edb043b66303f51b8e.jpg,./images/0800/7d47409fa1794cb7bb476df787c0d8e0.jpg
0800,./images/0800/2604ad7b77c34e0d8aabbb3789337c81.jpg,./images/0800/772c0870256248bcb1a930b7c4e2c623.jpg
0800,./images/0800/154e97649d2a420da2f07c61b823f1e0.jpg,./images/0800/9cadfe983db94339baae714828d443c0.jpg
0800,./images/0800/a9352f6d80ed48c0bfd601a900656ef0.jpg,./images/0800/f419fbb757604c34a058a9ba8eb34d4b.jpg
0800,./images/0800/abb289de88374b9dbb8d2a5521184258.jpg,./images/0800/04b219263a5445d1bcc047c37cf8cfdc.jpg
0800,./images/0800/242620b5fc134c708581d3360175b5b7.jpg,./images/0800/b87c63dfaad7455788623672c5bd1d27.jpg
0800,./images/0800/2c589506d9f24df196fab757b9ee5de0.jpg,./images/0800/5790d64d766c4659a96811f749801fac.jpg
0800,./images/0800/3865e538446c44258a2155c34bf2f836.jpg,./images/0800/7c22cd13a3de4c7ead342286c2145d8f.jpg
0800,./images/0800/e0a28400f5354059930e391a57a4bd35.jpg,./images/0800/864124dae277420fabec87dc79c3f730.jpg
0801,./images/0801/c27cdd96bf0b403fb850ab0ccf4f2248.jpg,./images/0801/dcc1ee4a91ff42f1bbfd1169d4b882ee.jpg
0801,./images/0801/06e2f0d355964402b0f67dd56adaf504.jpg,./images/0801/163250b242fd40b480fa601fb166fbc6.jpg
0801,./images/0801/b5c807239d8e41bb89474cd70634bfe7.jpg,./images/0801/6ece191a98364fee84347967b9e478ac.jpg
0801,./images/0801/d1ec09f193ae4cd2b0de19fd976074e6.jpg,./images/0801/f896b73bdae8437bab44a7f95e9e5640.jpg
0801,./images/0801/5082b3767eee4286b0fcb106aa2fe105.jpg,./images/0801/de7fb7743f8a40deaf40fd75a406d63a.jpg
0801,./images/0801/f7b6d159580443709f2f7205e3ac84ee.jpg,./images/0801/8ae8fbb98b6348a8b4ea82cb167d4c39.jpg
0801,./images/0801/ba949dd037904d89ba705ec3361c032a.jpg,./images/0801/8499cbbc4eca49c586083c5c30763dff.jpg
0801,./images/0801/629ad0f427fa44808de3b3d51635493f.jpg,./images/0801/402243cdecb34644bc6aaf7f774fdd4f.jpg
0801,./images/0801/a4d72daac1ee414fac8bdaca78febcca.jpg,./images/0801/7e32845958f648b485a7916384792881.jpg
0801,./images/0801/932a4bb04cdc49e7ab569ababfba098b.jpg,./images/0801/e0daa90dca5a4f66a02136d37effe3ee.jpg
0802,./images/0802/9bea0384360343b3bd34f335da5667f5.jpg,./images/0802/ec1d482f01c441cb820a8f4096eec01a.jpg
0802,./images/0802/bea9c6320fcf42719f2aa90e80ebae4b.jpg,./images/0802/8bff514222ab4f49b4fc44a450f3ba5f.jpg
0802,./images/0802/33ab7d4c7e4d44969153051a02cd9e44.jpg,./images/0802/478d711f8f2a4a85b7e003263e973571.jpg
0802,./images/0802/67804a92e96348ebbf9006e52eea0e00.jpg,./images/0802/56c4baa6cace4298930ee8cd9b85d4df.jpg
0802,./images/0802/5f3be03b5fdd49109d70eb5752f365f8.jpg,./images/0802/27a34095b9e84dfaa2cfb79066dacd60.jpg
0802,./images/0802/1277b02270264bfc8fdbc142f64f60f0.jpg,./images/0802/08357774c05c4560b2fbb09e1f74a510.jpg
0802,./images/0802/da5a4231c5d249ab8b3a5483036471d5.jpg,./images/0802/f531551d3ad54820ab68444526de8800.jpg
0802,./images/0802/33f3df2d6ab34b38a9e5c6505a745391.jpg,./images/0802/a102a58121f7482c84efbb6654f7911d.jpg
0802,./images/0802/9ce11b844de4421ab0ded8d832e84b36.jpg,./images/0802/6225712814fa41c4b48f7a8e72471e15.jpg
0802,./images/0802/8cb03b4503754f99a67a3f1177c1f075.jpg,./images/0802/a487105fe32842a8b943ed4208e09c79.jpg
0803,./images/0803/fe3ec8681862409d917c76c864d0e9d0.jpg,./images/0803/1e692a3fce8f46fab5d07699e2b5ae08.jpg
0803,./images/0803/d7230c624d30489b8ae89f90c04401db.jpg,./images/0803/dcf1b418c2a4445c971ffe88d0b019cc.jpg
0803,./images/0803/2a12fbca221146648207f6af81defd69.jpg,./images/0803/7d5748ca7a66487b8bbf6bcc0e083b8e.jpg
0803,./images/0803/3c1c4a4b3e234940b0dcef60a7337cab.jpg,./images/0803/65c7732cb3dd4292bf9208836b5b603e.jpg
0803,./images/0803/f5a4b550e42d4bdaa86a446cde8b93b6.jpg,./images/0803/4ebf0b51078047ec811cd7e28655325f.jpg
0803,./images/0803/f697720fba4d487784f3901a4458fa56.jpg,./images/0803/6a27863cd1984d4c9116bfee26007726.jpg
0803,./images/0803/3aa353dd78c34fb2936fa340721874a1.jpg,./images/0803/b351629cce024e0dad8413adf6e70851.jpg
0803,./images/0803/07ae7d371f734267930cecada459078b.jpg,./images/0803/c79117dc13ae4479a38e113a0daab7e2.jpg
0803,./images/0803/399a16d135bf4199b9e97dbca34ca427.jpg,./images/0803/6323e6e60b664317acafb60cb58c2552.jpg
0803,./images/0803/419acf8fd9dc462180832508000b2c8d.jpg,./images/0803/4f932f7819d24ddd9ab261af688a36d1.jpg
0804,./images/0804/660b0ab1a0084c28b9472067af021fd8.jpg,./images/0804/2f775f67344649f9b692f93a1b21dc45.jpg
0804,./images/0804/0b62ae91dc59467e8b460a5841a1a10d.jpg,./images/0804/01fc4aeeb12f42c89dd8036b2ae9049a.jpg
0804,./images/0804/d77ae63b355a43f6a5c2501cdd78a671.jpg,./images/0804/1b1f64beb7e9430bbff5cee20cbdb40b.jpg
0804,./images/0804/508f27d7fea042148f9e20774d6498e4.jpg,./images/0804/b7b6d9c2667945c689de19291e5bd872.jpg
0804,./images/0804/d6e511742d0847c583bb0b0721808598.jpg,./images/0804/807d36c1bc4e4ff1b65c4381c8ab210b.jpg
0804,./images/0804/f0ddc1eadfd14afc80fe687d5caa3fa2.jpg,./images/0804/fb85045b746240bb949dc4520fb67cb9.jpg
0804,./images/0804/9ea50282cc3f4f71a4ccfc8f11cc01a5.jpg,./images/0804/cc0438b6fad44fe2941e708b091f8f78.jpg
0804,./images/0804/d46358ddbdad4df3a521a75b7a92ce71.jpg,./images/0804/2eaffcd07829428eb756e1ee47863983.jpg
0804,./images/0804/4e79102f4198495c925c924ffbc2e48c.jpg,./images/0804/9cdf5a3002444731964ddf6a0682275f.jpg
0804,./images/0804/b9362c2e3d194fd08a0e6d483d196f53.jpg,./images/0804/6cac995cfa224f39a3cf1fca8552c6fb.jpg
0805,./images/0805/a8f83c9ed40d4bd99f2688bf8a695242.jpg,./images/0805/5b5dae5f842546e09501bd06fe9bf098.jpg
0805,./images/0805/3604a89d2a8646498a9710c0f0975b9a.jpg,./images/0805/395b7d7676f94b90a16942542734708c.jpg
0805,./images/0805/f995f56694744b5d8850976c6004c6bc.jpg,./images/0805/2a007dcdb2cc4a778b2517a56f26a03a.jpg
0805,./images/0805/d5c326d0150a4c099cab702248badc42.jpg,./images/0805/d5f04c1cd4b54d908e819dcce721d72e.jpg
0805,./images/0805/ae2fa3975fdb4fa89cd0958bcd1c4272.jpg,./images/0805/563ff1faa69348c585ff842036d0d82d.jpg
0805,./images/0805/dff581115d17488eade311a752e7f070.jpg,./images/0805/6c1633cf572e40e0a391014a3f53c157.jpg
0805,./images/0805/37761864fd2b45229c4fabe8bd65b3cf.jpg,./images/0805/ba1c45acbe6e430aa3f4877525f73334.jpg
0805,./images/0805/b0d1798139434e59add7a5a11f05e6c5.jpg,./images/0805/56571a3fd6484116be2df05037f94f6a.jpg
0805,./images/0805/1e7d5e96adee47d5ad773e46e45a4ab5.jpg,./images/0805/afcffa84df5e47f3b210360c73a4061d.jpg
0805,./images/0805/8dbe93abd43049109ed241d080089cc9.jpg,./images/0805/a5fd645c0cd84cde9e290a66dc0a64d2.jpg
0806,./images/0806/ef43326d8c42471081428ba8d074433e.jpg,./images/0806/a84ff1e59f0c4aac8e39e9c2b8f91fe9.jpg
0806,./images/0806/759a4aaf87204da6b815408be0a3a640.jpg,./images/0806/4d358c34d2fd425487fe7df00165191b.jpg
0806,./images/0806/73ad9415efaf423a9492c6615c0a0e7f.jpg,./images/0806/b1027d8a929245e0a1b69dde12fbbd7d.jpg
0806,./images/0806/59da4fe30e384d8a813884e3ce4042d5.jpg,./images/0806/a886dd328b6b482bb29582bb99275eb8.jpg
0806,./images/0806/76e795c715e146329fa212df125ca808.jpg,./images/0806/b6a794bf71bf4f2eaf1b2fb05e162fff.jpg
0806,./images/0806/c1ae289b8211488899d4ecf8dcbd98ca.jpg,./images/0806/f866f30354c44fc3b62491f5872d529d.jpg
0806,./images/0806/3f7440fd32fd43c7a496708f5379a662.jpg,./images/0806/f2ea4e20ae7a433fa94333b409916306.jpg
0806,./images/0806/55768bc567b74e6b9625e6be9ee5106a.jpg,./images/0806/ef781d3fb78c403fa95a15b32c3c1580.jpg
0806,./images/0806/f4808988d72e47d9a5b3194ec9ba23fd.jpg,./images/0806/8f5b113a4d024ae0aacd24065cb13e33.jpg
0806,./images/0806/9406970168f840ddacff98a662ccc63a.jpg,./images/0806/01829498e22142dd8ccc89f8cd791156.jpg
0807,./images/0807/be69c6332b7d4afb9f5c076245dea893.jpg,./images/0807/ca7e6afbcc4d4c58bf3635cfed7abef6.jpg
0807,./images/0807/c38ac08e5c4840fa82f6bbd088e38883.jpg,./images/0807/1cd03f283b7847d8bb0a97f442ebd58e.jpg
0807,./images/0807/11771dab8dd8405ca0a291c806ce76cf.jpg,./images/0807/cc5b128c9a7844898fbb90de87da13dd.jpg
0807,./images/0807/8a3c759528024ef89e0cde401e19d1ac.jpg,./images/0807/1c0a6e3695e940e69743225aa31dc433.jpg
0807,./images/0807/e8b9dc0649cb49b6ba7729d9196491ff.jpg,./images/0807/8570136741c34c14a7a0cbb048e97eb4.jpg
0807,./images/0807/637c6e709568400aa6a52be02763eec9.jpg,./images/0807/82e6db8c4be8419688c1f445528ed757.jpg
0807,./images/0807/4dc80096646441b091a85dd35504ef85.jpg,./images/0807/a61adfd1fb7f41719dadd8bfb4137c40.jpg
0807,./images/0807/416fa5db3f3a42f38ebbd27dd0a5e995.jpg,./images/0807/3ebf2aeb9354432a874b2a6e368c3f8d.jpg
0807,./images/0807/c9eefb72806a46eba55d60abe589ef66.jpg,./images/0807/32fbc004aada4b77bae39e3495e2c016.jpg
0807,./images/0807/a6c0fa7e5d2d47bdad0be85360f097d1.jpg,./images/0807/24d03729bc3d42c884af250bf981f0d5.jpg
0808,./images/0808/bf803f226b984e33a5e69af9bf086176.jpg,./images/0808/36466b9165314ecbabe0cf114cb180f9.jpg
0808,./images/0808/359e2decd78d4b96bf07b00032c01086.jpg,./images/0808/33f39eef9dc742839e61026b8428da72.jpg
0808,./images/0808/bfb009d5c0714a81a8db6a756be69db4.jpg,./images/0808/5844e70a380b4fb4ac8b61fecb47bc4c.jpg
0808,./images/0808/e5305ed4873647679e7f5c36eda6e27c.jpg,./images/0808/3782f7aba33d460998c4826248d1c99c.jpg
0808,./images/0808/0f786d78f97840b5b753b3839927cde8.jpg,./images/0808/1f5696b298954cb09f8f8779c360050b.jpg
0808,./images/0808/06a6170aa9b443c8a59693c46b62b7c1.jpg,./images/0808/2228228fbd7a47ee847e19911c52fcad.jpg
0808,./images/0808/5bbfcf12bc8f45a787f3d18059d98fde.jpg,./images/0808/82e2301a3c594c33a1bc2176aabca546.jpg
0808,./images/0808/361a544000784246b20133908115865d.jpg,./images/0808/1af7772671074865b4cb453d6540d729.jpg
0808,./images/0808/121a4f2c329d460c881b3f4c543ad981.jpg,./images/0808/b24ac3faa7644a45be2a26bec0aeb972.jpg
0809,./images/0809/b5164c90545e4997a54ee6200fb34495.jpg,./images/0809/ab6b64d7b5b645b695672c2f3965eb23.jpg
0809,./images/0809/3cb5a129c47748308dfa098696f1ff60.jpg,./images/0809/0fe1dc5f0ef344f3b3d0b5b58e508eeb.jpg
0809,./images/0809/4cba68f07aae45d4b3be2ae51df2c0d6.jpg,./images/0809/b0dc2d3c3dab42d080ab7e2d8bdc85b4.jpg
0809,./images/0809/8122cea7e25e4f71b599cce77d6a9105.jpg,./images/0809/6a4347b74755417baaf8fae928622e00.jpg
0809,./images/0809/118cb87184274052b03b85e207ad3073.jpg,./images/0809/1d234672dcf54df1a299c73a8c3deb36.jpg
0809,./images/0809/aaecb2185d394a289fbb0f6d872f9d3c.jpg,./images/0809/3d4551f1d41e436ab7f3ced0a93923d7.jpg
0809,./images/0809/d5793409c7a3436eb0b237f5ec41ef63.jpg,./images/0809/3c5f737d825f4f758717b94efaebd6e2.jpg
0809,./images/0809/37c544bf1a30457b91f0d50eaacf675f.jpg,./images/0809/e67e7de4a7564dafbb08c973882ea9c5.jpg
0810,./images/0810/2c286c46fe944821ab754f14de6a8203.jpg,./images/0810/23240028a40b407ba4a607b2184569e4.jpg
0810,./images/0810/f849d9661044429ea1620affa94da7cf.jpg,./images/0810/79b470ac56a048c4aa266bb3cf46eedf.jpg
0810,./images/0810/ba64f59196d54a27b780ba3a85620505.jpg,./images/0810/006421bf2c42411997f1198dee42c755.jpg
0810,./images/0810/827f4acb4c2b42a78f06ab755d728b76.jpg,./images/0810/798c77949de94900882a49e4a1bcc6f1.jpg
0810,./images/0810/60e1d7d7cb384e0ba09cb24617d864d7.jpg,./images/0810/d0e8e9b86b8e450d8147e7f9d061b19e.jpg
0810,./images/0810/9e5b13e8e1034daeaf642d59316819e3.jpg,./images/0810/b74de32e85f24f4fb0c7a917a46bee5f.jpg
0810,./images/0810/88a0961ae8cb41c89f56c0d40ad2315d.jpg,./images/0810/cd6fa092c165480eaa6f9984f0f622ec.jpg
0810,./images/0810/5e09f6dc5a494d4690956e1778f925fc.jpg,./images/0810/9f06fc7430db474589fc583d69453168.jpg
0810,./images/0810/254d547400074e6b9657df60aeb7cef1.jpg,./images/0810/4832811503e449ad83aee6746f60ec76.jpg
0810,./images/0810/f4573d6a135546229298ad415485ead6.jpg,./images/0810/92478d8037704271bdce5d4015177940.jpg
0811,./images/0811/1565e38eb96244a5854a91bf904ca8b3.jpg,./images/0811/7e83160a78b94e739049a43af6e58192.jpg
0811,./images/0811/72d9c614cfbc4fdbab4ecc1da8f70aa1.jpg,./images/0811/9168e0349c0f4712a3c2124bff06ecf4.jpg
0811,./images/0811/94ff3870f7814dec93a4f170c0f85d10.jpg,./images/0811/3a29f41397c64534b0a7a7a493d96336.jpg
0811,./images/0811/81bf322f6f1c4fa0bcfa634d7fc6c7f2.jpg,./images/0811/0785f7df8fe1470ebe44447006c2b3a7.jpg
0811,./images/0811/993a135ff51d42b19154c893c9403ccd.jpg,./images/0811/8f830bf9f743492dba9ae69ec372255c.jpg
0811,./images/0811/4318e6d77bd24ecd9b2b34996cf497a2.jpg,./images/0811/4b3d9cbdf1cc4e4caad57f02a510d67e.jpg
0811,./images/0811/245082b34bff4ed791bb8920c04f1884.jpg,./images/0811/501391ffb4ca4288bda5502573a99a47.jpg
0811,./images/0811/c705665fd16b4a2d8b8c4179060b7937.jpg,./images/0811/126847c587984343932f21bf9973d7e5.jpg
0811,./images/0811/dfb9068e32644fe3a06dc0d29c6e1920.jpg,./images/0811/060ad8a7af9d43509047fc7a2290fc0f.jpg
0811,./images/0811/9cc2e99ea32f431ab919106a68e05aa6.jpg,./images/0811/31604421bf0147fa8623c9f70ac2457d.jpg
0812,./images/0812/83f6cb2d5279488aaebd6914be401467.jpg,./images/0812/20c37e4db8434bd3a0fe5477169258c8.jpg
0812,./images/0812/f2b2f1b0413d4897949e5bc414353c44.jpg,./images/0812/aa6a11252b384610a42052348590f0ca.jpg
0812,./images/0812/ad955d9f2e5c456bb903e23cc99e5239.jpg,./images/0812/960abda295344def8bbf8b15ecd879e1.jpg
0812,./images/0812/ad33425a54674427b1e43dc46e1ed0c6.jpg,./images/0812/f798420089454093b4a740b34e027d3e.jpg
0812,./images/0812/b760c63de317426a95c225a0e23b3d8c.jpg,./images/0812/6360ab43a9e340f88f5bf426456c0476.jpg
0812,./images/0812/44df196507ea4971801bf3c753eac896.jpg,./images/0812/e3337bd951bf4097a4fefb90fad03cae.jpg
0812,./images/0812/c6091b7541724e389799ccf15e652736.jpg,./images/0812/717277a37ef74170bd4f936bcdb76aaf.jpg
0812,./images/0812/ae728e907a944e2d89d4daae45c72254.jpg,./images/0812/69f5ea6d0fd84e1f800c5aa5b1504e98.jpg
0812,./images/0812/f9858d3c29f042d99c75c800f7eaee01.jpg,./images/0812/f58b006b095b42219299a16c2d306af2.jpg
0812,./images/0812/06fe7cd7689e401cb60e8d8f3bc042b8.jpg,./images/0812/73dd36e514f04d089dcd15803f2a427a.jpg
0813,./images/0813/94d39b4144e34bbbaf51855b938dd11e.jpg,./images/0813/66e4e9da8b47434ba70fbdf8e2bdbbf1.jpg
0813,./images/0813/491abf975de74cbc9c527507f81e6a10.jpg,./images/0813/f57465a555c246d19bd8811fc1dd764b.jpg
0813,./images/0813/d369ddc10a0f4468929c42b3401eb2e7.jpg,./images/0813/21edda647aac4969b65751009fcc270b.jpg
0813,./images/0813/7f03e870babc48fbb414bdf8973053d4.jpg,./images/0813/c4190cfbdd294f72a9c36b185fd47daa.jpg
0813,./images/0813/f65f5ceafbcf487faf04a8ad20b3dd6c.jpg,./images/0813/0e9bb6867b6344f386c2f08a1b926939.jpg
0813,./images/0813/f1de1a01d6d544d895e4985c44a6a827.jpg,./images/0813/520672d26e6c4020b8bf03019cd0765d.jpg
0813,./images/0813/1e169c3d3f7b4baf835e1dc46e388a39.jpg,./images/0813/24670b52b1c843d787658d08a4644a47.jpg
0813,./images/0813/45c91330b38c443bbf9a5abcdae66575.jpg,./images/0813/14263b4b80a7443e870d547f990f51c8.jpg
0813,./images/0813/51808966832849d1813d95ab20547179.jpg,./images/0813/656b0541bf7a4b23a48872ea5871e36a.jpg
0813,./images/0813/7f81a21eee9f4cd1bda8c3d35033f560.jpg,./images/0813/1dc633ad98d642a18653fe6d65bd7b6d.jpg
0814,./images/0814/be46e43c0d5344429cca2b94af36707c.jpg,./images/0814/0e556724356e4ef38f0537422914528f.jpg
0814,./images/0814/91a6e1025cdf42f2b1d16fd64e8884ad.jpg,./images/0814/593daa6eade34e8d81518f98a4821dd2.jpg
0814,./images/0814/ef594977256d4f068e338e40bb67672f.jpg,./images/0814/3c503bbd73094827977540503b66e352.jpg
0814,./images/0814/1778473695ee4c0fbbbb41b64cce2769.jpg,./images/0814/2b68b865fbfb4fb48c3cc3f62c416b84.jpg
0814,./images/0814/591ea8b53be84a8faa8e3856092f6657.jpg,./images/0814/5ac35d1c98154022a9287d6b997a6d33.jpg
0814,./images/0814/151f0c64c226433da8fe2c8e7242f7a0.jpg,./images/0814/5bf98634df214b77a8a35d71b966a9d6.jpg
0814,./images/0814/ffce0ad4a6814bd6a68ad86bac118168.jpg,./images/0814/4145136c7ffb4cefbf63d19c42f2ea1a.jpg
0814,./images/0814/25c72e01e3b5456a920427d9356cc44e.jpg,./images/0814/9248a56226df415397de38ffbf5fd3c7.jpg
0814,./images/0814/1151a9284f4b45768524782f7e1fa04b.jpg,./images/0814/3d8f5d99ca894a0d8a88be8dc3cbaf1c.jpg
0814,./images/0814/bb6ad77feb794e628f93264b01e9a848.jpg,./images/0814/29274433f8a64be7b93faf5434e76142.jpg
0815,./images/0815/bc50625a102a48be94e6847fd9f5f12b.jpg,./images/0815/2fae5ae5325d4acfbbb32efc8ed89765.jpg
0815,./images/0815/bf486832c00b4fd1892ee8b64c7ec9d8.jpg,./images/0815/be6f8a968dbf49f69b00ff42fc66e414.jpg
0815,./images/0815/8d42c5a4cd2b4d258192391d512786fd.jpg,./images/0815/2c94b4115ebc4a2e9e6fb2c1c1df72e1.jpg
0815,./images/0815/0204084df4f247c28905f879666a853f.jpg,./images/0815/399d2259eff74f798aeafc0136cd3e56.jpg
0815,./images/0815/c43f3c41b83e4f1b8b984338aebfee8b.jpg,./images/0815/5e29b49bf60d41d4b489a0425d9faf53.jpg
0815,./images/0815/823b6430ade04115a22d4b839a30e131.jpg,./images/0815/b9fbab8c0f444c98a289cfb5bfe3d591.jpg
0815,./images/0815/abe1fad84712408cb3ff7cf1e329d62f.jpg,./images/0815/7231e9e2d70e42e28bda5b0f6984a1f9.jpg
0815,./images/0815/2e3701aa43054106a962066367dde4e9.jpg,./images/0815/515b8940574548cda5b2fe8a7b1ebac7.jpg
0815,./images/0815/db43e18384e34b2f9a1627907f34ada6.jpg,./images/0815/bc51bfc7958949caae5bf6f69265e370.jpg
0815,./images/0815/28fcf8cb27154bb5a2830e394f48b5ff.jpg,./images/0815/005ce7752191480b958e2d0550bb65bd.jpg
0816,./images/0816/902d1072def64d9eb96099e4e6e751b8.jpg,./images/0816/0f36f49d1af84890ba35b74399c625c1.jpg
0816,./images/0816/694af54381484013ae3b9ba0c1691534.jpg,./images/0816/af9b345a794c4ad896fe4fac76889e28.jpg
0816,./images/0816/939c004f0c554040b4c3cb538fc07bec.jpg,./images/0816/51ee9ce3b531425c823b33df105b087c.jpg
0816,./images/0816/8d8c97b753b54a24af5791b9b9084905.jpg,./images/0816/90b7b2948c234408ac1bab02572b8da6.jpg
0816,./images/0816/18b4b72c5baa4533994816b749dc4a4a.jpg,./images/0816/3372157c0d874093a7d9954b84f4e573.jpg
0816,./images/0816/6a853e35adc84eeaa0783a99f57273e2.jpg,./images/0816/7c88d655211245fab6c92c89b6a4d5bd.jpg
0816,./images/0816/1f930d57e6f8474693d3ee45eb041633.jpg,./images/0816/60b825912c964d4b913c3cd87c0c3bb9.jpg
0816,./images/0816/8220d082be6a4bec9cce5f77d407a2de.jpg,./images/0816/0013bc9407e04ff6b1938da8f367486f.jpg
0816,./images/0816/9e41186e0e51434fa6f223e297c2986a.jpg,./images/0816/ce2424b3e11942c6ac2516b0ae5bac04.jpg
0816,./images/0816/6544c22029c84251bb5c65c198df6c6b.jpg,./images/0816/6e54cb188b4d4464b6bc676fc87fa005.jpg
0817,./images/0817/07814887f59b44cb9b7f399999634fba.jpg,./images/0817/559fe998131e42f684854dfd31f84658.jpg
0817,./images/0817/ad6013bb1f234bca837e49192947b859.jpg,./images/0817/4252ce0b6c5b43ce85f4c8ed96fa8887.jpg
0817,./images/0817/fa3b1da56ba24a08920a416520455dc3.jpg,./images/0817/0822865741de43128a6a6c8897387975.jpg
0817,./images/0817/560518510b4c48ee939c223282466f1c.jpg,./images/0817/75132bbb9c70449f958f4f2d4ca07f51.jpg
0817,./images/0817/d2ea9defd7394433a61403c8c2d3419a.jpg,./images/0817/b7af94d57bc1459baeb017a7b293b6c4.jpg
0817,./images/0817/c6ca382c2c8e44ffaa3df9e596a4c058.jpg,./images/0817/a29568e42e20404d888bb0962c084389.jpg
0817,./images/0817/e507989c7925471a9af1a45cae81f898.jpg,./images/0817/5d3efa649acf49d593843a66472e217c.jpg
0817,./images/0817/ca50fe0dd36b42dbbbb8ca797f35f3b1.jpg,./images/0817/aff2d849d04d491e9263aa6a6f445e8e.jpg
0817,./images/0817/acc3c738bceb48a899224197d3d882de.jpg,./images/0817/696978df53ad4a08a2c9ec272c6a3982.jpg
0817,./images/0817/7af5d74c114e489790a5664928afd285.jpg,./images/0817/a6e7345b870c405b9b92cde6eb7db797.jpg
0818,./images/0818/6ac4e754f8304c5c902cf750d055896a.jpg,./images/0818/0db863ad4a2b4037b9bce998490f8541.jpg
0818,./images/0818/44fd13d44c2442afb2d5fb803caf4242.jpg,./images/0818/3e38ca4eecac4da681776f934f96de72.jpg
0818,./images/0818/4a12333b9e4f400096b9785ae93c79d0.jpg,./images/0818/96cf24ddbbfd4f889cda82135b1191fc.jpg
0818,./images/0818/6a9fa9f7f91f4741941330259f7bd83a.jpg,./images/0818/484ca51b863b4b878d85b3e5c22a32ad.jpg
0818,./images/0818/ecac630d588543c0a5163a119cd776ea.jpg,./images/0818/0ddd351fd6294b1484e576a1971fa3a9.jpg
0818,./images/0818/c30ec77b20864f0b8c8cf6d12f94ce6e.jpg,./images/0818/8a50e0520b684240af4dae84d742f139.jpg
0818,./images/0818/99a10a7791364cb0a5de7eb054f46b76.jpg,./images/0818/fd2eba7446104047868e9ea34bca2fa1.jpg
0819,./images/0819/096471fa20794febbbfe762d98b78914.jpg,./images/0819/32bd93ec80a24ba3b4c7bff1b9fead8b.jpg
0819,./images/0819/e83e64aac65949709d5c1625554bf029.jpg,./images/0819/8c13580cbbdd4dac83df4e25eeb43920.jpg
0819,./images/0819/b7c70be9632f42099a5b5cb8db0940c3.jpg,./images/0819/da535805bc134b12843a60ca36c14aa9.jpg
0819,./images/0819/28b2f2da8d2640c692c83f7fbb1b377a.jpg,./images/0819/5066a338ecbe4298ab866e9f58ec8349.jpg
0819,./images/0819/0f7b24cac7654adba62d00cfc9b3fc09.jpg,./images/0819/446f893ff3b14e2abfb98dc22902723b.jpg
0819,./images/0819/4786a8b0cc154392bc9bb7c464f6298c.jpg,./images/0819/163a7bb708f046838e20883cb5a2523e.jpg
0819,./images/0819/c0e40c0147fd4e7e86464f5eb4ce4a4e.jpg,./images/0819/46c8a205de6e4845b4e078ba58684219.jpg
0819,./images/0819/0f320ed81dcb4610b602d6b3f3b89601.jpg,./images/0819/574a3d56a9134aeeafd92b04f231740f.jpg
0819,./images/0819/141ee7b5e0a24d658cf4e6fe00a44c2d.jpg,./images/0819/aa47fa1ec5514d36848ebb223a2e0413.jpg
0819,./images/0819/1a7e8f0844a14628943b76226bee6710.jpg,./images/0819/2786f83237ef472593d13d32e487e461.jpg
0820,./images/0820/2a4aaad7e8734a2b987b0344703a92f8.jpg,./images/0820/dcead1a0627843b081141dabcf8d8ea6.jpg
0820,./images/0820/1ee5e806da074c04b6802704bd5d57a7.jpg,./images/0820/afb9aef7cf2c4580a979da52388c1a21.jpg
0820,./images/0820/b9a222c04dce4b30964f4fb15bf3c8a3.jpg,./images/0820/e1416a785ade45c29d30683d701b6557.jpg
0820,./images/0820/1b4423a6d223415ba592f46a6adfdf53.jpg,./images/0820/cd27d57c319c488082b1ddf394bcddf4.jpg
0820,./images/0820/f71496395d3b45f090136725bfcdab3c.jpg,./images/0820/d0d3859a78454b2c9da453751152c2d4.jpg
0820,./images/0820/4ea85966f5764477b044145d086e152e.jpg,./images/0820/3c73442128e04473a6974a0d491ef1df.jpg
0820,./images/0820/26bd72dc502045d096f8da1bff951c9c.jpg,./images/0820/ca0f4ed2b2b643a99a65c0f956f52842.jpg
0820,./images/0820/995be9ba88ff447b9ab86f43144b8f51.jpg,./images/0820/1a040e9608a64fe0919cfc6804297bd7.jpg
0820,./images/0820/5a7fa86252ac4d6bbd8ce6916f63409c.jpg,./images/0820/0baf62bf46ba4b4e93104c5a32d738a6.jpg
0820,./images/0820/c6356d162bbb4b37a2217d84a8019e1a.jpg,./images/0820/9738699dc4d04fde984156f236a24c99.jpg
0821,./images/0821/a64b51018e9644fd8e9df2e46f8525df.jpg,./images/0821/ce58f491e6ec4692a96373bf0971d984.jpg
0821,./images/0821/55e7f1d001be46939539b7d120030e42.jpg,./images/0821/26d664720e5940e3a498770b7684a3a0.jpg
0821,./images/0821/0cfec72755c344b6bcad45c6641af39f.jpg,./images/0821/5deb9e36cd52481eb3ccf9219484eb47.jpg
0821,./images/0821/81e90743a5db41c599ab440dba2f5e38.jpg,./images/0821/daacd21359a94e3f84b0f9de8036bc65.jpg
0821,./images/0821/3b164b7d66f2498887ca4d65245e57fa.jpg,./images/0821/4bc1a5c78e2149adabb86eab298237cf.jpg
0821,./images/0821/80ab55a69ba14ffaab854e2c2f302f01.jpg,./images/0821/d75ec823f5164137932c1de0f016f1ac.jpg
0821,./images/0821/9408762cd06845c4b31e711012bb7d0d.jpg,./images/0821/4a1a41b302c74ef4a37886b02d70948f.jpg
0821,./images/0821/1daf258808f048179d163885b89e5fbd.jpg,./images/0821/73ad9db4af4b475c959e29bacbfbd092.jpg
0821,./images/0821/83935026a0fa4512a123da46cac1aaea.jpg,./images/0821/de8433111a244c1399b212960c659114.jpg
0821,./images/0821/7e22f6b816a5404881a8a55d112602b9.jpg,./images/0821/3e7100b1ac6349e6a9b372084d8d63a3.jpg
0821,./images/0821/3e049d35b636447d95abbb8f9d7ba292.jpg,./images/0821/52578aa9e703458a885a7b547c69177d.jpg
0822,./images/0822/e3bc104aac1f443bacafc20319e9ff35.jpg,./images/0822/24842d71dc224b18911298c4c678b899.jpg
0822,./images/0822/23278c933d90465b8f0ddd2a06297189.jpg,./images/0822/41c50895299f4950922d3a3ca54a83fd.jpg
0822,./images/0822/8d2c0d7015204035b956b92ab73a9781.jpg,./images/0822/2aac9bb0a388484782030bf413653143.jpg
0822,./images/0822/e66b6cfcd3df4927a18c2977b607f929.jpg,./images/0822/b89699dd6dcb4718bad9f5d60c667577.jpg
0822,./images/0822/2f130016d0404f51a34a9d446297558c.jpg,./images/0822/4dcfc424768645aaa199830930a7b537.jpg
0822,./images/0822/a09c5633b89c46ee99b1d90ff9815857.jpg,./images/0822/b2a747e7e64849ad92be3259310ccc56.jpg
0822,./images/0822/62583615c5c54ad29df598038fba8774.jpg,./images/0822/2ec61235e99b4027971084bf0da3f140.jpg
0822,./images/0822/134dbb738dcd4edabc9d473b9c0a7c0d.jpg,./images/0822/3e7c2229dd814fb0982b5132e6fd790c.jpg
0822,./images/0822/61bb9375396c47c7b1098325063fb46d.jpg,./images/0822/90cb8ce050a5459dbf665c6dd5c71417.jpg
0822,./images/0822/64f29a9a9a72417cbafd79c841c0a844.jpg,./images/0822/ecf2d119ee2048bbad46784d789a6ce2.jpg
0823,./images/0823/766993608607401a9f40b72f1ec05ff2.jpg,./images/0823/2af3dabeecb1488e990ca7dfea537ece.jpg
0823,./images/0823/ddf18cd3448e4551a23421cb6b6f616a.jpg,./images/0823/c36a760da1994e88b227457915cd3edb.jpg
0823,./images/0823/e7a9af73d49543d5a3b66eb826033308.jpg,./images/0823/bd131df168544052bf76c8914e1ad61a.jpg
0823,./images/0823/4088430066474732bfc5983dcaf93b72.jpg,./images/0823/d83d6c8daf454621801c240c5282c153.jpg
0823,./images/0823/8727d09578f74a239e8eeeaf76096538.jpg,./images/0823/83c7acc0ae914fc195537b17d54a53ba.jpg
0823,./images/0823/47480d1354af49778259affa8044b799.jpg,./images/0823/afa560ed100740aa858bd751fbb716ab.jpg
0823,./images/0823/49fc4f51676346929d17964681c88a6d.jpg,./images/0823/ee321d87638e451e844d82cf26fc522a.jpg
0823,./images/0823/37895f8a9c524fe18a0ce22cf1d8112d.jpg,./images/0823/db8bd56bd0f14c46af6a9110d0aef920.jpg
0823,./images/0823/8c39f0428d9e4735bf4722894669f69a.jpg,./images/0823/bc7b1d1ce20f41a7b9a87a09550e01fd.jpg
0823,./images/0823/5dd548b29a27440cad29925c61286fff.jpg,./images/0823/cb009ac6fb744a89bb4c5e34cdf8abdc.jpg
0824,./images/0824/9c35ceeb29304894912c1fc960a96bc0.jpg,./images/0824/043f335863d343e58eb629de9162e499.jpg
0824,./images/0824/c47e9791e5ac48328b5df07cbcbe93a4.jpg,./images/0824/bc6d4e5653ce486fb9c7dd53ab60aac0.jpg
0824,./images/0824/1b97ad48146545c699b13f8a4ab22755.jpg,./images/0824/34a10e125c324716a11d8a631244052a.jpg
0824,./images/0824/39f7d10c29d74369952eb5c6f8b45156.jpg,./images/0824/76cf8623c2dc4aa3853777b4c20aedcc.jpg
0824,./images/0824/3fcfb09917964796a116dd8a3becb70e.jpg,./images/0824/56f9fc0d381b4183bf83f9480a176b08.jpg
0824,./images/0824/9569f82eaf974f3c8bd2142c76a7e51c.jpg,./images/0824/62a80af0014640699e4adbe66630ce47.jpg
0824,./images/0824/a89546b784f1481e8d50b8c859891f7f.jpg,./images/0824/eb44f8bab94e463e90f80e5288facd38.jpg
0824,./images/0824/ecff2cdecaf7449aaa2d7110e7479c48.jpg,./images/0824/642d084717d54bd68c288f22359f0724.jpg
0824,./images/0824/a8048d905f71493d933b2129677f1647.jpg,./images/0824/c5f2460b2bf64c188cdc124b6116b7fc.jpg
0824,./images/0824/485f8fe9be874787a3fbffa6fd496dfc.jpg,./images/0824/c46ee5cf8d324fa3ab67d3879c290a26.jpg
0824,./images/0824/bda9bc812ae64b6987fba7ef9bdb761a.jpg,./images/0824/7f863679e1fa443eaa1bad5c474bf01c.jpg
0825,./images/0825/569475120db048a78bb9929b80c08ca9.jpg,./images/0825/07c4f469a4eb42be92d6879d865536c7.jpg
0825,./images/0825/272a31f44dfa47119e1918611dbeab1d.jpg,./images/0825/34159ed24bd748919184a4a7ce8809fa.jpg
0825,./images/0825/ceeb0d5a956449fd91580ce63a041333.jpg,./images/0825/f2b2223731c6477f90f2f60efa9b2645.jpg
0825,./images/0825/c6b619fa1eb24214a5ada09341c34fd0.jpg,./images/0825/1806a17b6a7c43f38a034b48a114e9f6.jpg
0825,./images/0825/5e2df95952db47b9bb18583e6d3b855d.jpg,./images/0825/808b39a571e44915b3df7788101b9a97.jpg
0825,./images/0825/b09a094f63ec4d24a4ab157c90ec969c.jpg,./images/0825/88a82db9ac7d4e43b0433cb542e6524a.jpg
0825,./images/0825/ff599b47c6414ec599350c4caa5d7781.jpg,./images/0825/00c276291d6b45bc96f9dbd98b2e9a98.jpg
0825,./images/0825/cad6c54858de4f8d93b1a78768b16e77.jpg,./images/0825/e063e657750847a398b5b452d3f392eb.jpg
0825,./images/0825/75fbddda316b4d84b1594f48e3c8ea25.jpg,./images/0825/cc473ac6ad354b3989755a47d8d3566b.jpg
0825,./images/0825/ba45941643804ea3ad792445c66f6a9a.jpg,./images/0825/476985b423fc4d6da4d55f4ec8286ea9.jpg
0826,./images/0826/59e66b1a044047c28b894522ddab4240.jpg,./images/0826/bcc16bf308ac4c42b05f816780d82810.jpg
0826,./images/0826/34d287f3bb514c4e90cbad5646100f5f.jpg,./images/0826/b5e958f39b584aab91911d831b4911de.jpg
0826,./images/0826/a0c4c3c0f095450c9f730c67e0535533.jpg,./images/0826/c464ef4bcc604dc4bf48f3641995e9a2.jpg
0826,./images/0826/06e4163885624da2bc14727764b11c18.jpg,./images/0826/760ebe2d01e841d5b238b04f9afa4398.jpg
0826,./images/0826/47000d0eda534445a6af5efccfa02614.jpg,./images/0826/6f6c7b976786408f8ebbe9952a25ccda.jpg
0826,./images/0826/5d2070ed8c72402ba759f933e43924cc.jpg,./images/0826/17aa5acf8daa409d850912c05eb9c67a.jpg
0826,./images/0826/ba8df9fdd40647588b9e9a09a24c702c.jpg,./images/0826/c9808e0a62994f9db07e79915b704fb7.jpg
0826,./images/0826/09e6bf5507ac47deb521a687713ec8aa.jpg,./images/0826/03a69655b31e4e9aa609342712180f75.jpg
0826,./images/0826/7bae9087455544889b0f9358312a9c49.jpg,./images/0826/fce9385d27b34a1292d5ab53267477a1.jpg
0826,./images/0826/643fa15128b64883851deb67173f6029.jpg,./images/0826/c44ef8a9bab148838981953529cd8155.jpg
0827,./images/0827/46d646310aff43e8be52d38b5bc0bba9.jpg,./images/0827/b7980390cee84441b0894790f6ddf3e1.jpg
0827,./images/0827/019310d68a3a43d7ab776aa4cd3db737.jpg,./images/0827/e4dbdaf6a3c745ae9c4c4644d627e68a.jpg
0827,./images/0827/087b09a4721e471e915063ccc087eb4a.jpg,./images/0827/61efb06b03f54bd1b309251a5bc1fcdb.jpg
0827,./images/0827/f000fc283b7949df800b57b0796dc705.jpg,./images/0827/846ebf4c82354dd8a97379453e5f9b0b.jpg
0827,./images/0827/128f4ef02bfd43ae904cc26135ddfae6.jpg,./images/0827/416993a390444e5bb3769f16760ab610.jpg
0827,./images/0827/7bf096ce0f4f4724941ee3af9200da6f.jpg,./images/0827/bc64a72ad74a431cb9d30c3083bf2bb9.jpg
0827,./images/0827/29c23ced818d495f80699503146dee0d.jpg,./images/0827/f98d1f8df9154de9955c9f56346bf937.jpg
0827,./images/0827/af16c86cb49149bc8d09c86b218ef48b.jpg,./images/0827/14e44ba0aadf48fe88ec6f9170162885.jpg
0827,./images/0827/4575aaa5774645bfa2ec1111cac30074.jpg,./images/0827/70500b7c14a04286bda527e62a4cf0ea.jpg
0827,./images/0827/7b6471b16e034ecbb193502f57601ab5.jpg,./images/0827/c37169d23d4141fdae48bac042b1776a.jpg
0828,./images/0828/7ea51b4dd43d49c6973845b36ed8b53a.jpg,./images/0828/4d8d2216938042eca2e86e6edb67022e.jpg
0828,./images/0828/ed412f188b04406193d619ff1326eed2.jpg,./images/0828/8a8067cd50874e5fa5b4d13b095e9a34.jpg
0828,./images/0828/0a2574494ab94d19a89ed4172a30cef0.jpg,./images/0828/66d942dec8cf49d8b5de4e9b54e6ea4d.jpg
0828,./images/0828/8715c4362c3f438f9c4c47ece2c6a0fd.jpg,./images/0828/d0ed120550c54c4abbea233cd3a5fc8f.jpg
0828,./images/0828/aca3391e2db342f492a76c0cb2fed82f.jpg,./images/0828/372f86384b13402da42eecf5a08986b6.jpg
0828,./images/0828/0e1c1f556107478fab3cf46f1853db24.jpg,./images/0828/b698feff52e142cfa1cf5494ae741b4a.jpg
0828,./images/0828/62314f655b8c4af0b22bb1465e68ad78.jpg,./images/0828/ff382c48cc6d4b01ab72ab1d0ac82235.jpg
0828,./images/0828/28cbfc0dff8147a89bc8efd086b26510.jpg,./images/0828/41c186f620ad41638cadf35141c95d29.jpg
0828,./images/0828/f3bd4a70e81447619f07431d80d9075a.jpg,./images/0828/38b1a4798f1a486ea2eec32dc9223799.jpg
0828,./images/0828/29b9a20f8e0241b69ef4210a1a974194.jpg,./images/0828/805c0a8af100467097e89937ca46280c.jpg
0829,./images/0829/0e76cdb025de4428b86d38d2a255e833.jpg,./images/0829/161d22003fda471e8a9c65376c15440b.jpg
0829,./images/0829/5c7fbac065ae4f40b9e324738b07cd59.jpg,./images/0829/669bc5be6bd44f7f854ce57bf6df7bf0.jpg
0829,./images/0829/8b6c8005c0af4ad6a71c02cf7774ef8b.jpg,./images/0829/9c228f89e44443f0a32ddf1605479aff.jpg
0829,./images/0829/34804b8846aa4551acae11309d0bc965.jpg,./images/0829/d2d0f95fbe6b48d699d50f296d0df63b.jpg
0829,./images/0829/746ff9666d954c539210778c841702ae.jpg,./images/0829/1b5ee9d1ed994e54a8d4fd0aad55f04f.jpg
0829,./images/0829/16d7069c55dc464c9c2cdc1349667270.jpg,./images/0829/e557d6b701c24e20a5a0a9bf4b27975d.jpg
0829,./images/0829/710f3f8361af43fc9e151f510d7bc3dc.jpg,./images/0829/e4754d38498648dd953ffc805e7aa521.jpg
0829,./images/0829/0253bd0f5ded4fa8b397dd6adbc58377.jpg,./images/0829/1563cfe2870a4b2d9f6082133ec278db.jpg
0829,./images/0829/7c9ba359d1fb4d2faea7d8e00b5abce7.jpg,./images/0829/65855728d6074178bc43108822833152.jpg
0829,./images/0829/52becdedbf0a4cb4b94f6c139dee1cef.jpg,./images/0829/34a0c3cb368945049263b560b3f32437.jpg
0830,./images/0830/fee25ab115284b3ba59a257773efd241.jpg,./images/0830/c72d567b2731422bba9fbb5b8b9deda5.jpg
0830,./images/0830/04ecdabdea8f4782a0d6cec4058cbe22.jpg,./images/0830/e4ae00b768754cb1a067cebece90a05c.jpg
0830,./images/0830/e93786c9f3bc4f8a9f9b74be62975d56.jpg,./images/0830/74c4a3cb54954eb5b8f4d038e81f5367.jpg
0830,./images/0830/6ed43aa9a5784bb6beb3981aa0cb2ac8.jpg,./images/0830/167ae489f50e4652b1b6ef618c7a8f62.jpg
0830,./images/0830/50d85735aebe4f79a11aa8150eb9b842.jpg,./images/0830/9d40068824ac49d3a74abe58f2fa4fe7.jpg
0830,./images/0830/bfda25f28a7b4e76a2b9eb4a47170266.jpg,./images/0830/1a4d9350676845d1a909f4601139659e.jpg
0830,./images/0830/58835b8adbdb499cb9c38e1665c743c0.jpg,./images/0830/55f53ae33d8449efa59acbe189124ed2.jpg
0830,./images/0830/761667f076e94e52b30d4475f4a88223.jpg,./images/0830/df6aaf91877e45f492f7cc606689b14a.jpg
0830,./images/0830/45c6e1a8bf3545f6a931a8fed724cdfd.jpg,./images/0830/7812f00342974d62ae797282933169ea.jpg
0830,./images/0830/1ae6bb22d4bc4e89a486c4f64160f686.jpg,./images/0830/cc9bf9848be44ad0ae692ae943aa8e9c.jpg
0831,./images/0831/13ed8be152db461eadccf1270a524545.jpg,./images/0831/f3528a11af674e68af708db9182ad099.jpg
0831,./images/0831/c1b629ddc075416e93ef2f2335ed6cb2.jpg,./images/0831/b0cdb7c287d84a21b8a9b87e4c5990b0.jpg
0831,./images/0831/b29ee8652e2e490abbba8c5582624294.jpg,./images/0831/a82969ac2738425dad0cdffb5d00fcbb.jpg
0831,./images/0831/8fa4c7901a0e4eb7ab1d0a9b0f781cad.jpg,./images/0831/fd709477671b40229ec42da051da17c1.jpg
0831,./images/0831/d868a9c835944f24b839e3e99e938347.jpg,./images/0831/6587510f9fc741e18a41df00bfe85c7f.jpg
0831,./images/0831/9b8707140bab49c39a16a3e1da3a6d2f.jpg,./images/0831/8f4f9c12b3614e029e9e2d86fcee8acb.jpg
0831,./images/0831/771395f23e1543e3bcfb9140e2e08b5f.jpg,./images/0831/e2756926037c48c787bd2ac5b98f4461.jpg
0831,./images/0831/3fa2624a6781453c9a8950bd23be88f1.jpg,./images/0831/149554fa319e493eab2220d0c45247d4.jpg
0831,./images/0831/7b2d51132cd1448095797e781239655f.jpg,./images/0831/d126548490e24c79a4bae366d1735d6e.jpg
0831,./images/0831/e92ae621c1324a3f8060130f937ce2df.jpg,./images/0831/a2183df1f14f40b4b55707b23c36505b.jpg
0832,./images/0832/8b57b7fdec7045769c49cd9cce609b44.jpg,./images/0832/6234daae50144cdbb2efd482d558f9a6.jpg
0832,./images/0832/abb82d25083b4f06b6771471843cb063.jpg,./images/0832/bba8c67a789d454e89baa0079a5c9749.jpg
0832,./images/0832/fa94bd4a4dc64d68ba4e973e16a98ea3.jpg,./images/0832/015d4f33a49541b9b21f77a5b193e4f4.jpg
0832,./images/0832/87d0fad5d98540719b6db90ee2236e93.jpg,./images/0832/44693c101e684f428c09a4d68ab0f297.jpg
0832,./images/0832/db2601f0175a42b2a94e8dead0c7d049.jpg,./images/0832/af6c781f1b0b41acbd5a1a29b396a06d.jpg
0832,./images/0832/ff2b55522cb54c00918d026e0e72a0fd.jpg,./images/0832/e4cfc619214b442985761bbccf4d56f4.jpg
0832,./images/0832/e9aba577f0ee432ba28c3db942d5b680.jpg,./images/0832/4fb6d4625bde43608ba815b3e8751cb9.jpg
0832,./images/0832/3fc680afc4aa4bb28c5556ba450d1a38.jpg,./images/0832/83106aa992ee4dd0a0c865d9d80ec04d.jpg
0832,./images/0832/de5142b6634c4567a1b04f08ce5a8e79.jpg,./images/0832/f71f2fd907e642568ad55c0c92c164d9.jpg
0832,./images/0832/9e2bbc3a656641768a29b45e17e8361c.jpg,./images/0832/1f0fef7d24394a22af7147a2c78af053.jpg
0833,./images/0833/295b69690de84125938dfe168f78367a.jpg,./images/0833/7784bdcae142495a9ca59239b15c8d56.jpg
0833,./images/0833/4820efc4afa2458aba8ada6d5cdbe9e6.jpg,./images/0833/266fa6d06d5c49bdb5c0dd5bac18e353.jpg
0833,./images/0833/f15322a1a40245ea9d52d428d510b390.jpg,./images/0833/ff162786179d4a909a3b0c28f4e8cc22.jpg
0833,./images/0833/3a06fef34ffd4bc5a108f531225bb3b8.jpg,./images/0833/aaf301d4bc104642a0db2f74145167f0.jpg
0833,./images/0833/2c46e396f87046519a7191a279026c70.jpg,./images/0833/dd6717fab871495e93200b96982a3e05.jpg
0833,./images/0833/ffb6d1ccc0aa405f90075df7740a268c.jpg,./images/0833/6688f29fa7b641288e0406c79630a600.jpg
0833,./images/0833/00c2b3120d044fdf98f22ee2bd4c4b33.jpg,./images/0833/1ac4ca880ef240dc8b152e4b99cab77f.jpg
0833,./images/0833/302f3cf0bbf34932b8c03c9c36d2b5a8.jpg,./images/0833/f265270886e241f4be364145ddad178e.jpg
0834,./images/0834/19604031473444cea61990716be23f88.jpg,./images/0834/309d619d98e54f06b73335a2a5a32065.jpg
0834,./images/0834/94029179275b461c975fb90cf060fde9.jpg,./images/0834/a739edb55e8749d386fd1329c0de78f3.jpg
0834,./images/0834/6f59cab1c41d486e99ac46476bc3971e.jpg,./images/0834/20a454c778a444088154a45d68868c9d.jpg
0834,./images/0834/0f53861a10f244e794abaaddadf041fe.jpg,./images/0834/65d78f7b914f4502965d93ecb0b72546.jpg
0834,./images/0834/372e9c0a436848cca92752c987c6b3a3.jpg,./images/0834/f6731da45c4e45c4946f953c9e82e259.jpg
0834,./images/0834/7802067155da4b6fba449c1a32d0f43a.jpg,./images/0834/3d3c64d8aeb242c0835d40a9d354d12c.jpg
0834,./images/0834/e81b46d6422e447ab503066feb99e5a8.jpg,./images/0834/d3e1bcfe568446d1b8e31eedc229a116.jpg
0834,./images/0834/756de4bce4204d488f18db2500cd1435.jpg,./images/0834/6a990a28d4c54d4e87351cfd74e93cce.jpg
0834,./images/0834/7671fa223b584c508b8c48f09eff0896.jpg,./images/0834/7beb978dd0294affb224af7583b28073.jpg
0834,./images/0834/56e5776a412046e9ba3337cfe0e6731e.jpg,./images/0834/1a779906b36943869bcceb3abf889976.jpg
0835,./images/0835/301a1a1d56364019ab1fdee3b435fb94.jpg,./images/0835/f47e810a92bc4d558ba2a64ee3dbf9c6.jpg
0835,./images/0835/b4bf654614574780bd6616ae913146b1.jpg,./images/0835/b9de95ac6cd1448f810ceebc1484ce6c.jpg
0835,./images/0835/d109489ff68f4e62893c7383fd8472c8.jpg,./images/0835/aaa36ea0a2654437a40c7c097e319100.jpg
0835,./images/0835/572c102f355c4d4ebf4ebef2991601dc.jpg,./images/0835/6c3824a56f7a469db0d5d98d88de64e9.jpg
0835,./images/0835/c3a58ae7b45f4bad9285dc6d473bdf26.jpg,./images/0835/69ddc5f9253345b1bb682e3327e76be6.jpg
0835,./images/0835/74faec9b58334b36b73846710968b389.jpg,./images/0835/f020eeacea704ed095dc5ed9bf8c2ec2.jpg
0835,./images/0835/2747385f89524bee9c2199cb56114770.jpg,./images/0835/0b5a4a46c80a42d4bc8ae7644ee89497.jpg
0835,./images/0835/78283ca5953249af86bc13d0bf8d7023.jpg,./images/0835/a1b1001e50f64dcab42a1f7544374ee8.jpg
0835,./images/0835/fdaf72605ea24e348454e342c91c637e.jpg,./images/0835/be14fd30b175421686648516e4550b28.jpg
0835,./images/0835/bd41e00aa1284e8c9f6e98abbaf9b185.jpg,./images/0835/f1b0b7e4998543e98a08aacede42896c.jpg
0836,./images/0836/2c6adbbaf2d740d4b2c9780b54edbde7.jpg,./images/0836/5bb68f71364c4cebb8d848599f7c985e.jpg
0836,./images/0836/936aec3f5ffc446792b9380327f35011.jpg,./images/0836/8aa1012c71784817b29b7a24abf4daf0.jpg
0836,./images/0836/0345b2070bfd42ffa8304f9a735f31de.jpg,./images/0836/aaa6956afc5d45dda11bc6ab0265c309.jpg
0836,./images/0836/961d1a019e4f49899a10c0a663730925.jpg,./images/0836/de5ee7f2281c4cdc9731629c65ddfd0c.jpg
0836,./images/0836/efb380cfb4034120866cb1e379523b4c.jpg,./images/0836/173fd2c55ad04bfb9d591b3097a671a9.jpg
0836,./images/0836/af8be405c15b4ca9a14f1a286e6590b6.jpg,./images/0836/f24c2194f156493b9a5178db645517e1.jpg
0836,./images/0836/dd2c866b13954137a88f914594c0d5fb.jpg,./images/0836/1ff78c506e254178bd6c658256985f75.jpg
0836,./images/0836/47b985bb3ebc40e2b23a233a2a52a0ec.jpg,./images/0836/324fb98ca23e4abfab8f2376458bbc81.jpg
0836,./images/0836/7709d524ab9243909403c507b4397eaa.jpg,./images/0836/02a44b76242847ef856b8f96ee10d3d3.jpg
0836,./images/0836/4dca79908eed4f82a2f62ce368535171.jpg,./images/0836/fbe7b3d691394fd9b61d148b2c87b12c.jpg
0837,./images/0837/ab7c762f5514460d9091ee01a17dd56b.jpg,./images/0837/e2e5483172fa49af8e90a82c633ec8a9.jpg
0837,./images/0837/6c581dc9976d4952b4405928cfd93170.jpg,./images/0837/ae5f4cc4c1bb442e89ccd45f7db07aea.jpg
0837,./images/0837/86fcd8487a8c4fa398e37df0d36d1dcc.jpg,./images/0837/587fd8a8316e4a32a95ac00f7adf14dc.jpg
0837,./images/0837/3cc63b97d97e4b589b04980f3c48a621.jpg,./images/0837/d6ba9d02fc91451cb5cee1e52083b59b.jpg
0837,./images/0837/3b5320bab8344deab82f69c36101a5ca.jpg,./images/0837/5c9aa9b493cc4195bf5335172aae6661.jpg
0837,./images/0837/12a8d2a11d7b4921be1fdf5e9f5f7c29.jpg,./images/0837/ebdddb2fdd144ea9a204146fcfc70fed.jpg
0837,./images/0837/3eae1c8574684d00b5e61bb33879260b.jpg,./images/0837/8f98a40a0e364ed8bf9252e555e949dd.jpg
0837,./images/0837/23c461ab77fc43779e1f9e14c449a1a4.jpg,./images/0837/3947e3fc308b40568ef51f0509f7c8c4.jpg
0838,./images/0838/4507c2e4da4e4946b5a3b34c788fa606.jpg,./images/0838/2dae8a0dcd3141539d517c24c5b8c6cc.jpg
0838,./images/0838/b84655301d294c33bdff7cd19a9a6c92.jpg,./images/0838/fd8d4a2cf42540fda79211882b503945.jpg
0838,./images/0838/d3343d6e30f949f29d2ceddbb8f132fb.jpg,./images/0838/0270d24664914ce58cbb26e153ada6d0.jpg
0838,./images/0838/587ed0dcb2c7472cbae59398c0736cf8.jpg,./images/0838/7d180489278c4e2893f774fd1c5e9856.jpg
0838,./images/0838/cb3d1e3d2f2241fdb50098a509df2cf9.jpg,./images/0838/9b68357f2c684199acf47833a408bf6a.jpg
0838,./images/0838/2f132d822ad44d0abe1fd89afd415885.jpg,./images/0838/27e3793233be46eb934bc2d85cf44dec.jpg
0838,./images/0838/f344f353264144a2b5cdea3f2027e2ab.jpg,./images/0838/1f9b7b037f444fcaad6f1a06a6b6b083.jpg
0838,./images/0838/d1e81e9b2e224a209da224de4236443f.jpg,./images/0838/71945642cf9a40a59c71cd54268d6ea3.jpg
0838,./images/0838/eb59f95293044067b69517f3cfb51c68.jpg,./images/0838/b096e83845614cc9bbe4bcad29239f09.jpg
0838,./images/0838/5dfa249b13ed498592f4e12e85e1112f.jpg,./images/0838/c023c1330baf462b9669f7a45bde48ea.jpg
0839,./images/0839/5ff2ac36c4ce4c0daab88f8ea3b710a6.jpg,./images/0839/bedbdd3fa8564d5d8b0fdbaac4eaa587.jpg
0839,./images/0839/815c28981a104ac3b95f96b7052a4b3d.jpg,./images/0839/5c1df29bd2ab444185a0fea7f7bc3fdf.jpg
0839,./images/0839/1d275cf740c34b8d9341ce071da4d35d.jpg,./images/0839/6e8e53ac89024d1daf150b37c2ec2b68.jpg
0839,./images/0839/912ee303785d4d239049963f59007641.jpg,./images/0839/ed09929dced94a55a3e48625e057d2ed.jpg
0839,./images/0839/e8cab9f3ae474b5ab5045ee7183c8024.jpg,./images/0839/82af59fd4b4c46a1b309f88b2a5d65d7.jpg
0839,./images/0839/4efecb580e2a48fea53d67cff1749c5e.jpg,./images/0839/88a9a2985c2245cdb1213257b31ebabb.jpg
0839,./images/0839/7052b1ac076a486bb68df783747cecdd.jpg,./images/0839/3e31d3672f484e6b8d240343af04c904.jpg
0839,./images/0839/edd778d5a4ec4d2f8a1c27355d5a7a13.jpg,./images/0839/c28598fdd1bb407195d6fe28ebc4e158.jpg
0839,./images/0839/2e8456bd497a40faad7da8cc5c313d03.jpg,./images/0839/0c88f94fa0c14d7e9d56959f2aca44fd.jpg
0839,./images/0839/6948d89b5be24eb1a2d5f2e05bb836de.jpg,./images/0839/84a2e6748e114df1a9e1bedb5783884f.jpg
0840,./images/0840/a1b9a11221af44c697e371634a589ad0.jpg,./images/0840/4c346d89854f43a98db23c0374f9102e.jpg
0840,./images/0840/80a2ea8efddb487492816652b8b919a2.jpg,./images/0840/cbb98751c0df4c55be17d44b2c819c5f.jpg
0840,./images/0840/002b74767ee14e03b128dfe354b427b5.jpg,./images/0840/f3960383e65e4ed88ecc7956cf7bc6f6.jpg
0840,./images/0840/38f4235d7f44456bb5e022b6efdf4245.jpg,./images/0840/0df14eeb8c2c40e89a6b72fd94e541a5.jpg
0840,./images/0840/6d9580302b0442c693a3fcb4a4558b80.jpg,./images/0840/142a440df58c491bad6d1c7e7eaae991.jpg
0840,./images/0840/87f141a0a5874b9fbb6f584f335a4ef0.jpg,./images/0840/f67fcc0463624a76b2d812b08a4be8c5.jpg
0840,./images/0840/23cb73974e5044ca85488dcd747eaeb2.jpg,./images/0840/231cbe4e35e54b139f9108fe7ec064a3.jpg
0840,./images/0840/0a2f2765c8c74208b0a41d69fcccef2f.jpg,./images/0840/ea148ee604674f008656a1636308cbb3.jpg
0840,./images/0840/a59ce91de99b4b18bb974b35842a9dfb.jpg,./images/0840/0166dd8ddf684cb389fb7e37a2296df9.jpg
0840,./images/0840/384bbc8754924c0798f9043b801a2a72.jpg,./images/0840/4a442e799369430ca6e7da123924bdf8.jpg
0841,./images/0841/ac498583f30c4702b2c8948d17dec04a.jpg,./images/0841/129268ba56394afc82bf45eadee50c88.jpg
0841,./images/0841/584e4d4917ee47dda3a82285faaa8944.jpg,./images/0841/e1f6841701df403b8376e950f6999b53.jpg
0841,./images/0841/f1e7b26682e64d53b985e38519d07664.jpg,./images/0841/8d37782742d84970947cbc8c96561c85.jpg
0841,./images/0841/9564f52de5df41ed90a1b12e21668c57.jpg,./images/0841/06dce314753b4f179a79927d361b34b4.jpg
0841,./images/0841/2cbf41974a614821a52b8362255bf108.jpg,./images/0841/4b75fa93d0ae4f66b0029343ac5f4104.jpg
0841,./images/0841/e3783779849f4da78536eda36f63e76f.jpg,./images/0841/c715b8b3fd65496985c2c8c21659a5a5.jpg
0841,./images/0841/2adc85d07f4b40f6851a763769ede97d.jpg,./images/0841/75b5775a7a164fe0a57e85c5704eb7c8.jpg
0841,./images/0841/ea77a8beca5845d6aa686e9a9b7a3d08.jpg,./images/0841/08f7c9b82fcb4001ae2c16f5911ce310.jpg
0841,./images/0841/2c7846d62092415db154b3cc95162757.jpg,./images/0841/750bcec08e4f46f1a1c535b46f492df0.jpg
0841,./images/0841/1a172f4cd602475b945bd7cd86c7c802.jpg,./images/0841/a88e2c8a5efb41d89651fcb85711d9ed.jpg
0842,./images/0842/c997b62cd7e442ea9ad9a6d641c20bc0.jpg,./images/0842/d812276130264398bfee1f6635fd3707.jpg
0842,./images/0842/cca101ddd4ec46e2875acd577f097f91.jpg,./images/0842/1801054b0c644ac98028e50dfc49f6e9.jpg
0842,./images/0842/385187f49dd44d268fe68cac17d70276.jpg,./images/0842/23960458009744939c0119efaf43a34b.jpg
0842,./images/0842/c20993db4aac448886fdeb3e9709e8d3.jpg,./images/0842/ff4d73387b11469fad81ce5077ff6a70.jpg
0842,./images/0842/5dcc77f830a649a2a01a01bd66607f15.jpg,./images/0842/92dcfee78c5746d28bb5ae70a22d73da.jpg
0842,./images/0842/216ae0dc6f6c4e609e652b3f4813096e.jpg,./images/0842/23277f1655a84fc2beb72edef9db28c7.jpg
0842,./images/0842/864b574e8a1a4cbda9c9cd418dc16d64.jpg,./images/0842/3d8a7f8e404c42b08e4a60a19a578508.jpg
0842,./images/0842/4c563ad54b944cd2b7af176a6800894c.jpg,./images/0842/c8557253a174481daf969f456c13c3c5.jpg
0842,./images/0842/822d65a03d444a26a99e4a13a51baa4f.jpg,./images/0842/fb1244be76784fa2a1143f76fb4a315b.jpg
0842,./images/0842/bbfd106beeb842f8b05a9bddf371f573.jpg,./images/0842/01e48f1582574a9686a4b6947ca0ceaf.jpg
0843,./images/0843/d91cc44e29924b109fd0f1624bd29d15.jpg,./images/0843/ad7d76d5cdce4ffe8a5c69d4cd63b774.jpg
0843,./images/0843/e39d9587f0124776a6abb328b6ded913.jpg,./images/0843/de1daefe6cb34a5285ccc68e0c4c9e1f.jpg
0843,./images/0843/874a1ae71ede4c12ad5e1ce240eddf60.jpg,./images/0843/c0680dd58bc342d8b0003f6aaf70972c.jpg
0843,./images/0843/d7421dd33d7c42f9be1b5b181f41b7d1.jpg,./images/0843/32530987a7bb446cb46dd6a88a40ca02.jpg
0843,./images/0843/9fa37b89cdb94f3da35d3eb1c01e14b0.jpg,./images/0843/db1d88d973ca4c38ac17dfa1571262bf.jpg
0843,./images/0843/86274b19b3df4edcae0c30e8b2daeae3.jpg,./images/0843/890503750f2548c2acc8d50fc8a02c20.jpg
0843,./images/0843/50e38bdbaf13482aa5afc27832ffd302.jpg,./images/0843/141e572e5eaa4ec5aaf8ae7563aa800a.jpg
0843,./images/0843/03899a8a37c246748956a3f65744ea5d.jpg,./images/0843/2f9ed999c9d64efe89c284dee1193208.jpg
0843,./images/0843/6b9074d2b69b47fdb4c280694c416590.jpg,./images/0843/1136366ff5524705acd39eb7c00d7b06.jpg
0843,./images/0843/9cfdd849c08a4b9693e54c56e649f601.jpg,./images/0843/a341c282a1d64e6da09c66a7ec02eada.jpg
0844,./images/0844/4a2accbf05d54241863d8af04aaaf431.jpg,./images/0844/b23955ac5e854fb0a57a47ea7b0f3322.jpg
0844,./images/0844/8cf1a75b56224f939ad88fbbc7a41a15.jpg,./images/0844/4f1f2ec9c88042ee9e3ecd87a2b5f417.jpg
0844,./images/0844/cdb70c24370a494e8e78bf3c8f690a30.jpg,./images/0844/c946985f0c1343fea103bfbf3746d3bc.jpg
0844,./images/0844/7672fcc254cc416a80cc97861433147d.jpg,./images/0844/703a34391a9a4467a3601691dee0e872.jpg
0844,./images/0844/9fc77cfd24c34cc28b5f538309be63ba.jpg,./images/0844/1de3f2af62e74be481511714db8a50c5.jpg
0844,./images/0844/d0cb34419c254f97948e56cae1135e94.jpg,./images/0844/e20a1d8b2d1c4104b747255d99df04dd.jpg
0844,./images/0844/3c31b669842d4f349aa4a5072eda68c9.jpg,./images/0844/9a747cab04fb4f65b12d65998cb32300.jpg
0844,./images/0844/461b20ec70f04ac88b3f9f36b5e1aefa.jpg,./images/0844/440fb10df32f450aa381694fe625df0f.jpg
0844,./images/0844/45a251c309af4762b91e1a8554c8f0b5.jpg,./images/0844/81a68d1416df4a259cfc785a7bbde647.jpg
0844,./images/0844/27206fd810d54d2ebfe8a0a75ded042b.jpg,./images/0844/af9729b1f694496497d8dc21a9ba6bb2.jpg
0845,./images/0845/37bd556d1305413aac374c2a0320cb24.jpg,./images/0845/78149f0f39c24f0a97798b4b8295191f.jpg
0845,./images/0845/80cd508ffe37479caf54277c9537a75b.jpg,./images/0845/cdac24e9c8cd46f4b8a56d27c599bb09.jpg
0845,./images/0845/3f6c0ca0bc7749f196b72d02c1d6fee0.jpg,./images/0845/fc1e7958b1eb43aab96f33a777799c00.jpg
0845,./images/0845/d5538988fc094fa3ac2c0408c2493014.jpg,./images/0845/7561c71ad5e04c8c954918c1277a3905.jpg
0845,./images/0845/ddcfea6db50d4ca5a81e6f4880a00fa1.jpg,./images/0845/d0de65df478f413cb4c880a6e1399ff9.jpg
0845,./images/0845/b722db7b0c4a4d889e1dd60663bb6b0b.jpg,./images/0845/9f7fd54a623f44fbb00bceea470888bb.jpg
0845,./images/0845/65b115174ce34ab7aa119c13f705008d.jpg,./images/0845/5029b11283e84da6a638cbf8b0bfc282.jpg
0845,./images/0845/381184cc136e4991909701f768a221b0.jpg,./images/0845/ed288cf9a2b84588a57d24f2f2ae8382.jpg
0845,./images/0845/f8a4db620ae5429fa928695388636a6f.jpg,./images/0845/9691fea46c2443efb720c03f8010bfcd.jpg
0845,./images/0845/fb6aee65b3094a398af9a0673c289340.jpg,./images/0845/b2d37f2c49ee401e84c5a642f20e65b1.jpg
0846,./images/0846/6d47fd7746324b24b3db69adc5876d7b.jpg,./images/0846/b7eac5596e394981bab4f8f154321388.jpg
0846,./images/0846/dcfe2ced6af940f1be7254c1619ca879.jpg,./images/0846/4fee96b3111545c1992cca779751102f.jpg
0846,./images/0846/db7014e3a63b4167ab8f652628dec8ff.jpg,./images/0846/e19b3d6cdb0b4242b1a005a79cd09b47.jpg
0846,./images/0846/a60e54c4f8e149d0bd861294dfddfee1.jpg,./images/0846/03198861547146128e762eea5632bdea.jpg
0846,./images/0846/8c1edc5830ed4a12b2bbb5124a4b9bee.jpg,./images/0846/96e949d390194eac84c2e7b5cf08fd95.jpg
0846,./images/0846/2a5312e0130c4d0aaac2f4c5a4f64188.jpg,./images/0846/91324fc1311e4d7484d1405530c08b43.jpg
0846,./images/0846/57ebf14f5a5c4a8397835902f8a79662.jpg,./images/0846/88941c94898b4a8dac6816e88981a821.jpg
0846,./images/0846/227811946f3c4b1da208cb237ead3968.jpg,./images/0846/9626ba8856254cec8573ddea74716b3c.jpg
0846,./images/0846/832a61ce0a594ba9ab4caf31e0b854bf.jpg,./images/0846/f7b02ad1bea246ffbccf039be533fdf0.jpg
0846,./images/0846/aefe5d58431246f39ee321232b283dfe.jpg,./images/0846/5efc0869947747ddb36c3c61fa13b6ca.jpg
0847,./images/0847/2713f6188ac548e1bf8fad990aa77311.jpg,./images/0847/cdb33d430fec4c5899c576b96902ff03.jpg
0847,./images/0847/dce9aca13fbe45b197ffc5c1d62c71c5.jpg,./images/0847/bc76f00896534ab49d78008fa87a8a6c.jpg
0847,./images/0847/08ab017becd94c01a7a8f678bd840085.jpg,./images/0847/6fd550ca9d75400fafda7cc6d084a374.jpg
0847,./images/0847/88711607dab342ebbd64984d624dbf46.jpg,./images/0847/230435d690a043658040f57b7867b863.jpg
0847,./images/0847/e7a73c0f5cc3408a950dc52a194e6718.jpg,./images/0847/cb95ce8e0c044ecb9abb343cfd3d8cdd.jpg
0847,./images/0847/18696b9cc3e5496cab6612564d3e92b0.jpg,./images/0847/e2e2c1b3897b4f92918bc12e298fbda0.jpg
0847,./images/0847/e6470cdea31742ea8247d6075c809b0c.jpg,./images/0847/fd370d272d5e49a4b034a8af536d450b.jpg
0847,./images/0847/37a34a6767004447a6c40d6f402d76c1.jpg,./images/0847/2c55169b4c40435f844b843bbc2c294b.jpg
0847,./images/0847/ed68bf394d7444f4b6d7fb2f94168835.jpg,./images/0847/c93fb3782efe408aae66f2028fb64c19.jpg
0847,./images/0847/a847a47cbfeb4b49be2e7476087181f8.jpg,./images/0847/63b851badf9b4bb1a0abbe7ad6c519e1.jpg
0848,./images/0848/f5d8feb92275485abeb01b5b2878effc.jpg,./images/0848/2f4de96e979842c39d7913ccb860c154.jpg
0848,./images/0848/3f70b38b8e2542828ad9d19e2dfe39ec.jpg,./images/0848/0238daedc19b4b43b0efbf7a97ba65f7.jpg
0848,./images/0848/f168c7799b624348a8d9f128f0fca08e.jpg,./images/0848/bde4eda663164c2db9d2efc6add279ab.jpg
0848,./images/0848/7e4f70f166aa44568e4c18c68ce2b2ee.jpg,./images/0848/626882798e394cbbba9c11c3c1d680b3.jpg
0848,./images/0848/088c71abb52346cea041343a859efa02.jpg,./images/0848/7ead32ac8a5c47d6ba85345a936de035.jpg
0848,./images/0848/9c7a6debdeb14dbb9dc8b80424570711.jpg,./images/0848/ea082d259c7f43b3ba95b66f2af64a4c.jpg
0848,./images/0848/40424c2ad63a47e3b904099d997750b2.jpg,./images/0848/eceac90bf0e34da89c483fb0342380a0.jpg
0848,./images/0848/77bc41366c6f46e3b354482489b6667f.jpg,./images/0848/a70b6c0f467446f38a71c561618476d7.jpg
0848,./images/0848/b3c72244d9dc4a6fbe40926e0bd75def.jpg,./images/0848/1443625a985349f7a949c3aba144b598.jpg
0848,./images/0848/cf7ca9ae4763471d9c7c5e39633ad006.jpg,./images/0848/d3ef0a959c554a7b97448f3a823aa1e4.jpg
0849,./images/0849/a3d41c99872b402db8d06e083d13b954.jpg,./images/0849/c430b434dc5c4813a68554f1bc906c9e.jpg
0849,./images/0849/2987bc3c719a4131b8a435b6d5ededbb.jpg,./images/0849/2e4e31309a834ad2b9f9e8b73bbcccce.jpg
0849,./images/0849/ecf9a952e8664440bf3fd6ef864fb796.jpg,./images/0849/a209d4d95a8e474ab48994771e80da09.jpg
0849,./images/0849/860823f4d22343ab811599535ba37641.jpg,./images/0849/5071499a99e74562be2c3ea4e4ad2e0c.jpg
0849,./images/0849/00670c1d7a1e4e039d41e0923d5c5e3d.jpg,./images/0849/710f7a275ef2491b93536c2b18ae2d6a.jpg
0849,./images/0849/e3cf4a14a67141a7a4d144517ddce9bc.jpg,./images/0849/41666db8f072419ba913cd7de7751a26.jpg
0849,./images/0849/a2d337ee3deb409aa6ebf5940369b86b.jpg,./images/0849/a219583c69d44a9d8d233f845a6581d8.jpg
0849,./images/0849/73bdf118c72949599d5704d39df85c41.jpg,./images/0849/713a89e4708b40688dca966c597648a0.jpg
0849,./images/0849/3d6b8e87db5a470b98c72acc13ea2d33.jpg,./images/0849/f61e8a1b9cc446a8ab1a3909b4a1a76e.jpg
0849,./images/0849/4ca692278376406a895a560e3294acf7.jpg,./images/0849/86d6bd57ab9f4329ab0272c1a8f04f95.jpg
0850,./images/0850/1bfeaa787839470ca7cfc5d853012523.jpg,./images/0850/ecd6f2b3ed854408bbba87d1c551bb76.jpg
0850,./images/0850/32c51c6d0f504fb8a2cb84b3fe6c1e56.jpg,./images/0850/3667687d4f294ab7bc29238ac1fdb547.jpg
0850,./images/0850/3a66442fb08541b5af0aed461b580ca8.jpg,./images/0850/973ae8444c0c467e8245d082c3526be0.jpg
0850,./images/0850/fe4c26d0e2f04f65b8be40efcc5df0c4.jpg,./images/0850/173455292153453b933c3be7e6231e49.jpg
0850,./images/0850/641b14bd21d84258bbbd65f6abc1878a.jpg,./images/0850/e84cb76626c445599161c5481dabc34b.jpg
0850,./images/0850/87044d7e41a84d8eb45e59dceafb5aad.jpg,./images/0850/2cee67516d33408d90a9cb61d90844e1.jpg
0850,./images/0850/c60e6d320de34869a380d663c3dd31f1.jpg,./images/0850/bb1b92bd3d854239a07b451a021c42a8.jpg
0850,./images/0850/182bc21f2cfa4ce5a4d4f7ecac9433ab.jpg,./images/0850/d1a3277b5065441c9a41ae1f4cfd3de3.jpg
0850,./images/0850/3315fada709f417ab68215f93addd089.jpg,./images/0850/dfb10d2b4b2e41f1b5b3d806f1b9ad7b.jpg
0850,./images/0850/950137a6bee3452ab7940b7c0adbb7de.jpg,./images/0850/1ff80d4ba89841a5a41482b1407d537c.jpg
0851,./images/0851/87815f9381af48298b243c47f2f1b421.jpg,./images/0851/8e1cf841778d412cb2ecdf7bf80a5a14.jpg
0851,./images/0851/a2ef452be92d4a80bb4ab3e4aeb3d08e.jpg,./images/0851/b5de9979999841849da3b8dd5783f9e7.jpg
0851,./images/0851/487bda32cde443ae979641b202780c1a.jpg,./images/0851/6dfb0a3731f9490fa73dc080f5acea89.jpg
0851,./images/0851/026af716094f4f4da67f9d5155361e79.jpg,./images/0851/df34d89ee4da4fd6a4c3a17c81b24e93.jpg
0851,./images/0851/f0e41fc13f054b10b4a984b6e191931f.jpg,./images/0851/9895e950da044a67be70c33e22333061.jpg
0851,./images/0851/081044ac76b34535aed42af94f93d4ad.jpg,./images/0851/980a8883a5174a9fb83dc91c6adef34c.jpg
0851,./images/0851/d91e1526c3584c86bbc50c14bac6ba61.jpg,./images/0851/fbd27403d3554568b97302f2c612d898.jpg
0851,./images/0851/d600410834ed4b7db5ee0d30abea4816.jpg,./images/0851/3b390e2aab704e8598810d0cbea208ff.jpg
0851,./images/0851/0a23c94696f1455080ca7db3fe787f2e.jpg,./images/0851/a8bd3c967a8e481b9f44455fc7cff6bc.jpg
0851,./images/0851/91de249ad60c447a83456ea5165f0fdb.jpg,./images/0851/13b2d3d75b1b4e378d035d42a48a378f.jpg
0852,./images/0852/cc145c4eadca4014bdf5d6f5ff988404.jpg,./images/0852/16b01e2bf29148558120be899d0c9a35.jpg
0852,./images/0852/49191097e1ee45968ab66caf7dabee0e.jpg,./images/0852/cea296ade9d44479b3c7517b8a9f00a4.jpg
0852,./images/0852/6d6fb906fc184ee291018e3f175b2307.jpg,./images/0852/9f4321d4a8a3425db04294a2483fb657.jpg
0852,./images/0852/0ac8c7a46fc64cf889c8ad9a46fb0314.jpg,./images/0852/e292999f94944e5fac2f7a63771ab7cd.jpg
0852,./images/0852/bc2eaed68ba04b6e89d5b08ecf9d8f6f.jpg,./images/0852/400a1985b20d4e61b1ca3fb66d537ee3.jpg
0852,./images/0852/20bba92515c248c2badcd327f8b8cd63.jpg,./images/0852/0fe03645117c465085364e7a846cbad3.jpg
0852,./images/0852/351f6fad51f1403f926ba600c685cbfe.jpg,./images/0852/bdcaca584a634f009585b703b4a6f729.jpg
0852,./images/0852/b630ad2c50a641a4b8225e05fdf7a044.jpg,./images/0852/d3f5341fea4c43ea8f4fdb40e8525bb3.jpg
0852,./images/0852/52e3dfda13c542f9820b0e6fdf06dab0.jpg,./images/0852/f331ae17443a473e8e644e889fce3a0b.jpg
0852,./images/0852/95adcad05dad4b9eacfd69fa6ea3cc0b.jpg,./images/0852/75865898fcd84d7087dbc6067bdf3d50.jpg
0853,./images/0853/d69318859fc545cba1af655824cb9aaf.jpg,./images/0853/90c0367ce18d48bdb90a2496ac1bb7e9.jpg
0853,./images/0853/56bde25668864633af0c98374db04a38.jpg,./images/0853/0267d0c6a9e143aba3d5fbc9aeec2196.jpg
0853,./images/0853/0f642fbb17e1415e87e8415d23c892d9.jpg,./images/0853/fa8aebfc31f24d88ad4cbdbe8054c765.jpg
0853,./images/0853/9775f2341fdd49458318909c9b433ea5.jpg,./images/0853/5d0f962c05254ab0aee853a5c1ec7bb6.jpg
0853,./images/0853/1251de1c07cd40dab53915f8d2e97706.jpg,./images/0853/cfd31764da6944619bd61e5fde622c83.jpg
0853,./images/0853/f301c66498254d80b92c3c7f2fde2e7c.jpg,./images/0853/6ba661b921fa4c2e8d919c6844db42f6.jpg
0853,./images/0853/ab00159b431741f9b31b889d32cd1ee2.jpg,./images/0853/143871681e044765988eaa3e99cd54b2.jpg
0853,./images/0853/5357a84b140a4ec8ad2abd5b37dd83d5.jpg,./images/0853/2e8c2c7ea5064fc482b7a019c3bedec0.jpg
0853,./images/0853/f5cc10c5984d4dd48aed18ca94bfd526.jpg,./images/0853/3634af739189413b92e9c31b2bcaf07a.jpg
0853,./images/0853/46efceb2bca04bca97abd180054790ae.jpg,./images/0853/2245ccaea92548c1aaa339b7f61bf311.jpg
0854,./images/0854/862c6729ef9645dbbd569d8d1a48f094.jpg,./images/0854/9419d04488ec45af9317307aba7e8101.jpg
0854,./images/0854/c3a3cd01008b4cf0bd45871b08e5f858.jpg,./images/0854/0b5e624ca39b4f46896627d1d8cc4343.jpg
0854,./images/0854/1be0dca6b9bb4422805d911bb5da21e2.jpg,./images/0854/cf8c10304199467dbe15dc09597d4cbb.jpg
0854,./images/0854/3b0fed66ddf24739b99c62f6fecf6198.jpg,./images/0854/364e4ea35a2b4d978a6a4c3495d6e9c9.jpg
0854,./images/0854/ad52498ebfc64599bee2893f8da4a749.jpg,./images/0854/0a3e9d3a18144de697fbb0958b7db294.jpg
0854,./images/0854/8847117a95114d36bea5178ef833ef85.jpg,./images/0854/02f96fe1173f45cf82fbe2d7fe83109e.jpg
0854,./images/0854/17d84eecfed94d4ca468004cf8ce15eb.jpg,./images/0854/033a98333e044380ae760bbd815a6f6a.jpg
0854,./images/0854/9f5952ead74d4c528727bab5bad5dc1f.jpg,./images/0854/2b2c809cfb5449cdaa805b073522163d.jpg
0855,./images/0855/76936490118440ad93411542d24b5926.jpg,./images/0855/4ae260da5a7c408d83a1b5b33848b131.jpg
0855,./images/0855/1e7a511beb47496dbecaba97ab65ae4b.jpg,./images/0855/53f4bbd3fef3403197f608caec0756d5.jpg
0855,./images/0855/cb80a4f7333342ea868123941663be4f.jpg,./images/0855/6fdfae33255c4fadadac776ebd889543.jpg
0855,./images/0855/4bbd8ff468024d2187acc964ffa693ac.jpg,./images/0855/7cbcb0cf176b4eb1bef57cc155800608.jpg
0855,./images/0855/1e958877a99e445a84bf0f6a973158e9.jpg,./images/0855/2cb7ce0643b2437cb86c7ac82d016fab.jpg
0855,./images/0855/cc19a10735264804b2be1d502463ede8.jpg,./images/0855/a8f14c027a724c478764fd5602f2678b.jpg
0855,./images/0855/3b366715f5554fa8886f21a284e24354.jpg,./images/0855/1f45e781ecf041a18c211a24418fac0d.jpg
0855,./images/0855/414228a966174ecfb975fc3916088591.jpg,./images/0855/e1b1e9fed0a74a8299613d716229c176.jpg
0855,./images/0855/42ce2b2b60644c2ab591530e4c7c8150.jpg,./images/0855/3298bbd319c241c9a1f78cda6bb7943a.jpg
0855,./images/0855/663225beae1f44f0b2c32e1866d18355.jpg,./images/0855/7dd36de5413e4793b211abb255ffec10.jpg
0856,./images/0856/60663b93a3aa46fa9efdeb5cff0bd394.jpg,./images/0856/740164fa065047a1989594ecfdd11c2b.jpg
0856,./images/0856/da509b76f591482ca53b18494a53fbd8.jpg,./images/0856/81835f98485b42128a85538678deddbf.jpg
0856,./images/0856/361c4907d1d145389f562069762a87b1.jpg,./images/0856/4a0ec4e72a7c42b59457108c3688acf8.jpg
0856,./images/0856/f193991df76d44b6b00b91edd6ea89d7.jpg,./images/0856/8c185913292441589ab39ec71686cce5.jpg
0856,./images/0856/6a45e35c277d4ff4b67d8ba62d4468bf.jpg,./images/0856/cccd66b016f340e2bc66daefad1f2c86.jpg
0856,./images/0856/1a72dc59480346838aa97f62c07eb48e.jpg,./images/0856/a30f68263da948d1b4937b851abb5a32.jpg
0856,./images/0856/3c2400b31d9b4343b43ee1f331efca9d.jpg,./images/0856/12f33e7cda5a4479aafa8a29d6a6a744.jpg
0856,./images/0856/24b85bb23a2e4d9ca6045409ceb106dd.jpg,./images/0856/38738f60009f47c68f65574ac5e4c347.jpg
0857,./images/0857/0062c292e29d4d95b722a841101dd8bc.jpg,./images/0857/0876668acb594dbea41a3d3e620e65cb.jpg
0857,./images/0857/240cd08c498f4c40b8e66d9388839b34.jpg,./images/0857/e555090614ee4c33a1502e158e98e595.jpg
0857,./images/0857/1ac9d0f8d3894cf7a81e4dd204332cd8.jpg,./images/0857/f61758fe050347b8ba5ea8940af1ce4f.jpg
0857,./images/0857/ffc41f53725841d5804d8423a29c10ee.jpg,./images/0857/0e6ebfbf802d4b158809a1591dd6581d.jpg
0857,./images/0857/84ab8571f22a4c0cb01e2b0e5a68db83.jpg,./images/0857/fe7432c4863d45e4ac7a718851194717.jpg
0857,./images/0857/0473e2017115462098d79e552fa4287c.jpg,./images/0857/1b54fa0b87a24cd8a8cef64ef2b664ab.jpg
0857,./images/0857/cb56c7effd1647a7a301dc88fea2f3af.jpg,./images/0857/a952baba3e044d928bc624b8a19b8979.jpg
0857,./images/0857/01aea9ae56f74b4590f505f6d3d40b1b.jpg,./images/0857/7da4d596d4e14e83b6e8071f5dbf2440.jpg
0858,./images/0858/61f714bd334d47cab31e16a23aa48991.jpg,./images/0858/8e1bdcca2b60450da992a6d212d52c92.jpg
0858,./images/0858/66ab8e763c9240f58ae7d4ae7d0dc068.jpg,./images/0858/98aaa6a08c674d30881f9a523dfdd0af.jpg
0858,./images/0858/7cf5e56833d44cb481273f83b3bbd802.jpg,./images/0858/046865adacc24657ad38161b8cac0bcf.jpg
0858,./images/0858/f9b60d7ee96e47898853f0b6715497c4.jpg,./images/0858/45ae76cd2b8d42c78c5c3c80a08d2378.jpg
0858,./images/0858/1a31fd29ebb04e99af1498426cd9e1b4.jpg,./images/0858/e457faa13f9b44d0a24301149cb876fd.jpg
0858,./images/0858/2255c29b240741ae9990f2e764105bd8.jpg,./images/0858/df292aada4a147abb1814a9180f58f0b.jpg
0858,./images/0858/01943995d1ed47868e308102a6f7ce19.jpg,./images/0858/56a60ab053d5411888b47a000354cb6f.jpg
0858,./images/0858/9187429b004747c0bbd6fa62bc5b8cae.jpg,./images/0858/0fba54571d0a48b89464ccf94eaf17c3.jpg
0858,./images/0858/466f15c6cbf64379a7ae4a6100746fd5.jpg,./images/0858/1effa010629141e493df72fe77096f38.jpg
0858,./images/0858/adb63adeb0ae43fa960a86d5aa9be42f.jpg,./images/0858/38da1f0b34e9431d8b9262c025e67311.jpg
0859,./images/0859/4706f70ccbdd4969ad3506df22359f9e.jpg,./images/0859/4310f7ec50a740568d891bd54d2fd9c4.jpg
0859,./images/0859/7bd9ceede06b42bc85f096dd829347c4.jpg,./images/0859/b28a3ad5ac454a23a32d43a3ca33b1e8.jpg
0859,./images/0859/2602f322ef2c4ddf8fd73dccec4c8f0a.jpg,./images/0859/553e976b4d79478cbb2f509ec615acaf.jpg
0859,./images/0859/f5d0940e437748cfa80101b752c80066.jpg,./images/0859/dd276ded53514a46ab58c077dfa7fb7a.jpg
0859,./images/0859/3bf8f08665a94d1b92cee4b9a8f75015.jpg,./images/0859/633de8e397244d55ab3aeac49bfb312b.jpg
0859,./images/0859/6efac6f0504b4ba7a5098ead02a00aa9.jpg,./images/0859/dea438e3abae418e93f895ec6020c241.jpg
0859,./images/0859/069f1e8562734944acd8bdd23c068035.jpg,./images/0859/30f7b120f6734567adae735e6db2bd3e.jpg
0859,./images/0859/5e17acd094c74e2c9a93307f054cdd56.jpg,./images/0859/4b035667bf1142568a717e6dcfbe5435.jpg
0859,./images/0859/8fedf2ede29e43e6930d42bf565d5a57.jpg,./images/0859/2aa479de973748788cbbfe66ab7fef79.jpg
0859,./images/0859/d79a77a1ce154ec8b180b93f3bfc72d9.jpg,./images/0859/3f5aa9b444de4c46a649a748030ab309.jpg
0860,./images/0860/940c2876d6564a10877072619c83d0a6.jpg,./images/0860/c2d8a2b221a04fd19fd0d1c6f93cbe89.jpg
0860,./images/0860/eb33baa115304366b9b29369f81c9710.jpg,./images/0860/fc4129f93997484690758908cc7df450.jpg
0860,./images/0860/6cdb95c4d6624ec8a4548399502986be.jpg,./images/0860/31ff643698bf4652bed240f627229568.jpg
0860,./images/0860/bcbc538b09764acc8ceb22ad694e95d1.jpg,./images/0860/335a2261cd4e435781201ed5ddd34c3a.jpg
0860,./images/0860/c3de564a548e4291ac059d1160861224.jpg,./images/0860/9426b3c9516b47ac86b2acc8aeda747e.jpg
0860,./images/0860/33c53ecb2f21421c9955a76c7496d9d3.jpg,./images/0860/17050eb961c44d6f8daf2ab7f133bae8.jpg
0860,./images/0860/da3a1023a8f0424d9677b9d95de4e4f6.jpg,./images/0860/4f695df5afac4da79875fee39b0b24ad.jpg
0860,./images/0860/8fdba999b9464c7d9891336018b563ef.jpg,./images/0860/a3994b97e2924cd6903c5b230630ce46.jpg
0860,./images/0860/e8b8c51e183448758b616c5bc9b178bd.jpg,./images/0860/349b0ebb2afe4a388f7d8d66e6d92850.jpg
0860,./images/0860/209f2f5b6d844f1db0f2380b1b62b037.jpg,./images/0860/4804e895f1334cc5b8fa1904edf09dad.jpg
0861,./images/0861/0b34340489594553bb0041662982c954.jpg,./images/0861/40266a735cc94ca59b653caab1c0971e.jpg
0861,./images/0861/f408ce861f7d47a695c7b353457bb115.jpg,./images/0861/3cc51cd1d7bd4c83a087d20c3fee2560.jpg
0861,./images/0861/4a9b37b7832b40998f7fdccec74c6a9a.jpg,./images/0861/7c0aaa24126e4146859dd6e9df461409.jpg
0861,./images/0861/f0b6a32ca3a64a17bbf8dd64fea3c7f9.jpg,./images/0861/5321d934ba38495a8c4826fd925f06bb.jpg
0861,./images/0861/36f9b33bcfdd466c98a13ad8113636d0.jpg,./images/0861/5ff6986fc9db4dea9c3e3bdd43e96e4a.jpg
0861,./images/0861/b9aeb98e9cf14e7e867727eadfc5360b.jpg,./images/0861/2202da7894dd403eb2626ffd6c65e2b4.jpg
0861,./images/0861/a8414390d0384ae48c9880057bc2184c.jpg,./images/0861/0029cd7855e842dc9ec31fe1c3608aa1.jpg
0861,./images/0861/e1f988f2e0724078a6d12f5cef112271.jpg,./images/0861/3a82e120ed8f4594ab92e932f4de82a8.jpg
0861,./images/0861/04cd2886cf9946e58173913deb973898.jpg,./images/0861/e162e27328fb49738401f2b03a9fb661.jpg
0861,./images/0861/3b7c00d9b24e400daa2156b8c11eb6ac.jpg,./images/0861/5f8feb9e890043bb9fe2ee743d903d93.jpg
0862,./images/0862/f43ceabfacc14107b8575d1849808f93.jpg,./images/0862/e5ae913f94c24cc9a56bf801d85690b2.jpg
0862,./images/0862/2f728d9275004ac7ab40c4aa3f95923f.jpg,./images/0862/dc6faa1500f94b39aa738150f5849aa3.jpg
0862,./images/0862/53a9cf7c93c441b9952f07d17f7a17b2.jpg,./images/0862/2a28642dda8c48e8a19f85d8f28326df.jpg
0862,./images/0862/e0f1a4e9e1b645f7af6789f334e6630d.jpg,./images/0862/57afe50148e0410db6439c257184839c.jpg
0862,./images/0862/a1b0a8030ff2472eb4f52fb7b1bc90a0.jpg,./images/0862/b6191e5675274f96aa739dc48dbcba86.jpg
0862,./images/0862/0686c07bc5d24fa4b96f88cfd70a97d4.jpg,./images/0862/b7df3942d4784a07892c01f2f689345f.jpg
0862,./images/0862/8dbb082f13d54c65b6ea3ae04a4c6dc9.jpg,./images/0862/94d0e6d6ebab49958f8652d71c889721.jpg
0862,./images/0862/73efb9eadd5447ac97204ca98d7fb7c9.jpg,./images/0862/dc76e2a566d345dc9a7bdf4929b654d3.jpg
0862,./images/0862/3ef86ae1c7f440beaaa87cdf56b7ee59.jpg,./images/0862/c2708b8114a448b5949e9792d2d06d7b.jpg
0862,./images/0862/4f0bd4e65243418ba10a1298623665a0.jpg,./images/0862/d4b72f502bb944a886064f82621a9c18.jpg
0863,./images/0863/d86dde40aa2c4e2fa2b0c7196e6377a2.jpg,./images/0863/9ef9ab9a26084004b56c24569b425b68.jpg
0863,./images/0863/c9bcf8b09f344d65981951934baa6d69.jpg,./images/0863/b0595784108a4eacae642c74b916442d.jpg
0863,./images/0863/8c6eb8185c1f471e9b4a73f7b4879d04.jpg,./images/0863/6f2318e2486b4f1692cd64862b522540.jpg
0863,./images/0863/cacfbc186bdc48a4b83f7cfa16b668c5.jpg,./images/0863/a505df3658a74e13a4078071143913c3.jpg
0863,./images/0863/9ce1b82e3f6143acba11b8c9cc903b0f.jpg,./images/0863/f2a4a0cc446b44d8a844dc2066a2aafc.jpg
0863,./images/0863/6259817dfb1a4ea68bcb35484067f7b4.jpg,./images/0863/a6e47b4045cd4aa5bb220cd7446d113c.jpg
0863,./images/0863/387d5a98be654e5192591ee5a8d5b5f9.jpg,./images/0863/9324edbe5e0c4818a66c42160074d162.jpg
0863,./images/0863/23aa0f7f60b44e419cda4771b067385b.jpg,./images/0863/742b16feb1604ac7a555111c1f106ca8.jpg
0863,./images/0863/ea02694e5f764120940810f7a0243db2.jpg,./images/0863/712ec03364ab40f1af1b38cb86ff6e91.jpg
0863,./images/0863/3b7bfa1af5ef431290329317df46128d.jpg,./images/0863/e75bd29431644d2fa2fe1559dcf7e8ee.jpg
0864,./images/0864/300bb8118b3c4c4286536097c3725197.jpg,./images/0864/5f74a6533bdc43088ccaac667dc22e1f.jpg
0864,./images/0864/681075fe105c4e838081845039d2694c.jpg,./images/0864/300646dd9f97474e93bcb4fcf1e52a76.jpg
0864,./images/0864/f1506dff4a95492a9d52cdc2a2451b66.jpg,./images/0864/afcba0a37e274757b254e9f05fad27e2.jpg
0864,./images/0864/42003f56b1ba4b269eb863aebe44ca65.jpg,./images/0864/c3b63e8fea394d70a1f2b3fe4be8eb75.jpg
0864,./images/0864/e11597875cf044fc973a48d064b10892.jpg,./images/0864/100c4641c28b477cb5e234a46882ea01.jpg
0864,./images/0864/a06fd83c323b4804b6d51b6914ced279.jpg,./images/0864/e02eddb5f468499c91bff7be3ffe979b.jpg
0864,./images/0864/9fa764f9d6c34ab19988f30d120525b1.jpg,./images/0864/fc7259a63fbe4ff3969e0d10da2cece4.jpg
0864,./images/0864/94f8eeccba5a482394c595c2dd04e2da.jpg,./images/0864/efcfbb1b819744c9b72340d6c608dd3c.jpg
0864,./images/0864/5754a6cad4464c89960bd932a944b849.jpg,./images/0864/228654ecf84c4cf0ae45703ae5658133.jpg
0864,./images/0864/02be326b936848409786f9378bedd59b.jpg,./images/0864/6398b18f595140abb62ef62df3056cad.jpg
0865,./images/0865/3f0e12dc50804b79948fc23b609393ef.jpg,./images/0865/822bceab789d46538d7cb10d678b5ab3.jpg
0865,./images/0865/58258033c0ec4fb7b367e3a315d1b097.jpg,./images/0865/6303cb0ed9c546c281338f08c2ea0c06.jpg
0865,./images/0865/57e1ab37289542e088fda00abe8f0903.jpg,./images/0865/b59e73514008428b9c4b20fd4af3719d.jpg
0865,./images/0865/644cd4f03a7d491ebc31c359775d41cd.jpg,./images/0865/15e119a8ddf048379d905f60026e9645.jpg
0865,./images/0865/87c491936e9a4bf1a83094656e0a95bb.jpg,./images/0865/1bd5f077fd85406baa7a5983075f1f52.jpg
0865,./images/0865/de2c2f050f8d47c689f1d4318663ec7d.jpg,./images/0865/27113b3a9709443f8730d218418b1fdc.jpg
0865,./images/0865/b4f132da954e4132877aa4c74598e579.jpg,./images/0865/2f707aadf137446f9412939280fa3ada.jpg
0865,./images/0865/795922b5f1f6494a8d5821c6f2e3279e.jpg,./images/0865/e6e4328838c64f258b3bc5a0d4e6e86d.jpg
0865,./images/0865/21635307a9c8427381d3a79ead35cd2a.jpg,./images/0865/81d4c84786fa479590c49d0c6644ff81.jpg
0865,./images/0865/3bac19e30607488280b8d26b8fa2a2a0.jpg,./images/0865/ba7e6dc80a454aacb0eb2491d8b12d0e.jpg
0866,./images/0866/8efcaa4683ab4deea35f850402aa21ae.jpg,./images/0866/f31d3724f25d4e1e9593ed7d619f881c.jpg
0866,./images/0866/0207e9a27dbb40b59459b472aaeceb2a.jpg,./images/0866/bdfb04cdf9a14317a3eb305449a5b3e4.jpg
0866,./images/0866/28ee75ba779d42a2b6b8be258b231890.jpg,./images/0866/74eca4b067c94ffdadf0c16b714849d8.jpg
0866,./images/0866/f756f7d19ad84a349ef67a443d705bfe.jpg,./images/0866/61b41512ba674e20864bbade10bc5057.jpg
0866,./images/0866/620cd1aa080044148f6e90342e7a99ad.jpg,./images/0866/a15b02be11bb43e3b0e0ecc3bd7dfc49.jpg
0866,./images/0866/1c0e186314ea49f1a15d0ca39adeb3af.jpg,./images/0866/9b38d69118024959ab3ffc902f0e4ea6.jpg
0866,./images/0866/b2fd8033607a43999039708a53abb784.jpg,./images/0866/4a87911ad5be4d4eab8e3d1f581bf507.jpg
0866,./images/0866/33774adf4e064755b0ae82a67237f07e.jpg,./images/0866/4e08eca7c59e4ac495f1fa632d5d0951.jpg
0866,./images/0866/5eae4ef0f23e45618e49aa40247c3c29.jpg,./images/0866/6da94687515340aa8d8f05e13627bca9.jpg
0866,./images/0866/8c31d61781a249fa82b01ea866b22ca8.jpg,./images/0866/cde52d47d50c4fea86ca5f4ece62669f.jpg
0867,./images/0867/26611f4ed6944460b7e243c62753ddc3.jpg,./images/0867/a749dddb69f044a6acdc2bf295cf6dcc.jpg
0867,./images/0867/ac1797e48afc48feb25286d1defb1cca.jpg,./images/0867/b9612c13a43c426fb8fa0a1af4c8635e.jpg
0867,./images/0867/f248a8c1cfcd4b64941a01ad52532230.jpg,./images/0867/303004379c9e4768a97263ec6c612a7a.jpg
0867,./images/0867/f26f6b60f7724f4c95a4addc62cfd692.jpg,./images/0867/dc1bcdb123a74312ae8fcfcf7fe05049.jpg
0867,./images/0867/2e1a0b58cdb14107a14e452530d7b9b0.jpg,./images/0867/58e859e588fa4778953d766b90f1c4f4.jpg
0867,./images/0867/e8800f5a5f72472f8b41244da153c5cf.jpg,./images/0867/d5cddcf511a14e43be4a52bdda6d1b27.jpg
0867,./images/0867/de793b848abc440589902f8811d81828.jpg,./images/0867/db4ca73a1d68405c9e694c7330cde5f4.jpg
0867,./images/0867/c2cd80ffc4e342a19be80a959bf887f9.jpg,./images/0867/e3cee748596d406fa809f72f8be66779.jpg
0868,./images/0868/988b12ca74794c59aedd7f7eeaa5cae2.jpg,./images/0868/22ed20ff5d04421c94147cec19f6e5f6.jpg
0868,./images/0868/7099b5ae38464e15b885e28c0cb86606.jpg,./images/0868/508f60baf12b4ea0b1ef0fc4ea7b8114.jpg
0868,./images/0868/9d4fd2bf7da34cd0bf69620c7542d54c.jpg,./images/0868/846c46b7bf73468db18695ab63a6d560.jpg
0868,./images/0868/d675c811bf6b40449b1fa21c7866739c.jpg,./images/0868/d6d1f30d4323435ab1947892521bc57e.jpg
0868,./images/0868/4a8a45ed2c4f421b9564409a33ecd26c.jpg,./images/0868/90ae41efc9d14db198447aa87e463814.jpg
0868,./images/0868/45180fbb5581410c894800e34a6b18f4.jpg,./images/0868/fd307a369a3a47d7ab7cf810d0b35040.jpg
0868,./images/0868/3b441ee3621f4ef7b5df6cd3fdb8fca4.jpg,./images/0868/72679f42d5fd4261b55cb14fabdf21b6.jpg
0868,./images/0868/8d7023aa740240d298a214ffc71b5bee.jpg,./images/0868/df18a2cafff14410a2ec5f02d8bfadd9.jpg
0868,./images/0868/ac2c6e6471c740b690292384a0d4a5c7.jpg,./images/0868/900a517376ac48cabffadeb84d67c21a.jpg
0868,./images/0868/deff29169f1d476fb80de0c76852a88c.jpg,./images/0868/8b0b8473e2c04331aa56c3a5c29369da.jpg
0869,./images/0869/7365e50daa804daf8edebd85d4ba08c9.JPG,./images/0869/58352169af014d85ae5252aa634e084c.jpg
0869,./images/0869/6fba95e02061428fa9d800666a75942a.jpg,./images/0869/21894680001d464e915405d72a6beb22.jpg
0869,./images/0869/e8c34e920bcc47688ebbbdd3942e61aa.JPG,./images/0869/3294454795364ec0b08d8afa85b99f08.jpg
0869,./images/0869/09938c61791f42e6a515456ab4400a14.jpg,./images/0869/0d00df9942eb4e55b807705594f3b63b.JPG
0869,./images/0869/38f0cc86ab5247ddb717e6684b728682.jpg,./images/0869/dcd20f1eb7554947b904fef4ad29c44e.jpg
0869,./images/0869/d5303fe7f2b34a728a67aab3a7b28188.JPG,./images/0869/f25af903b1d8434eb37b2467a95be9f9.JPG
0869,./images/0869/aa5bdaa723fb4a6d850f6e823b58725d.jpg,./images/0869/bd0ac509e329478297879ef130094883.jpg
0869,./images/0869/e22eb5584168495cac8fc03803fb1dfa.JPG,./images/0869/734128f6049142e69fcef818a65ac8d3.JPG
0869,./images/0869/e03d38763b5742089312ab418c46d8b8.jpg,./images/0869/046c1180669b431a96418ad70ffb72f2.jpg
0869,./images/0869/e01d163bb8b44617a37c897885b7635f.jpg,./images/0869/ec55fa3792564fb693f2fead6a202993.jpg
0870,./images/0870/4b12efbbb72c482ea31b34d91c495ad0.jpg,./images/0870/e2e94caf396b428c9ff413f5f0db8993.jpg
0870,./images/0870/28d52f3e86c346d3bf63ef6f73fe7ba4.jpg,./images/0870/1ed1ddf98d4f4564a10acfecf2e2e005.jpg
0870,./images/0870/19882fc4ef4b47fe91793adcb472aefc.jpg,./images/0870/180ccfbc2f7d4dd39e8e2073fffb1187.jpg
0870,./images/0870/53432649cad24257959e163f2a491013.jpg,./images/0870/1fba67644aa64e00a30a87a3379de901.jpg
0870,./images/0870/275ca942c99844a5ad04a83fa362bf29.jpg,./images/0870/43c35e5ce96c46fe961bbc1703844841.jpg
0870,./images/0870/4a32e3ce81b243cdba24e6b0071321b7.jpg,./images/0870/2eb519455c50457ea4900c602e7f0562.jpg
0870,./images/0870/de2230452b27463191b5f7b078cfab2c.jpg,./images/0870/fc7e63b98b6f4bbc95e49227b2670dd0.jpg
0870,./images/0870/63055cac05a54f5f97f288ab96a570ca.jpg,./images/0870/502e6f41de2e4106a07f8c9e5074e883.jpg
0871,./images/0871/2e271a79a26141feb85ec4b174d31541.jpg,./images/0871/bf906260fc2c4377b2d5691bc8ab6b3d.jpg
0871,./images/0871/44cd6fe8c3c5480ab534cf6174d8fa98.jpg,./images/0871/6b89c09492ef4b88b9bd3e4e22ca0896.jpg
0871,./images/0871/5f9d5466872c48bc8d38cdd8beaef1b0.jpg,./images/0871/32cd742ec7614e8ab4da4375d46bc0d4.jpg
0871,./images/0871/c1efb6073927478c94e185f9996b99fb.jpg,./images/0871/896aea3bbac945fcb77eb373a1af415b.jpg
0871,./images/0871/1dbe15ca29f84c4e88378c536e0585d6.jpg,./images/0871/bede9be3bda4410ebb80a6d289097951.jpg
0871,./images/0871/58b5310a656e4a43ac4874505c2f5fab.jpg,./images/0871/d4ccdbe492fb4c37ba035de1701c3094.jpg
0871,./images/0871/3725bdb73b9b44dd858e07b9487ea457.jpg,./images/0871/7eac03621ee64252a45f5de5550cd586.jpg
0871,./images/0871/ae7bdf94363e43008387d6254cc0f9bf.jpg,./images/0871/6a8d23136c564c2ab352633f545b01a4.jpg
0871,./images/0871/f9d24be2ed504909b672142576759325.jpg,./images/0871/b08752f33b6a422bab22fee4d250cc2a.jpg
0871,./images/0871/5e9d9b39bad243e4b59179aaa2b2124e.jpg,./images/0871/047d7bd1facb4d9a803aef9e43f9393a.jpg
0872,./images/0872/026c2b05e193473ba0233473c7203901.jpg,./images/0872/ac7a86c1772a4f839c04aab31f0c7700.jpg
0872,./images/0872/b796fb2b4ac14421821d220add5bf303.jpg,./images/0872/d97ad57f0cd44ab19a4af59eaebad179.jpg
0872,./images/0872/8346ee13c91249c8bed21b2ab76d99a9.jpg,./images/0872/cb6e46a4bce642498368b2dc4bdd4b27.jpg
0872,./images/0872/5481d844a5d141eca330011185fca3a9.jpg,./images/0872/18cedf72a5044b919d87202ac4a28640.jpg
0872,./images/0872/47191b5bfaf840afb6a994e08b05561f.jpg,./images/0872/529b74ec76eb4c029bda16d2795ef4d9.jpg
0872,./images/0872/6e2e7478b13440ca9593e0ef22e988da.jpg,./images/0872/57b3179dd2b34b7d88b2885b787cc37d.jpg
0872,./images/0872/5bc5d5fc6f9c4229b4b180adea1b3480.jpg,./images/0872/df1091d57db54bcc85679ab6826b34bf.jpg
0872,./images/0872/a881c675981341699558db3e86c7eea7.jpg,./images/0872/6f99487fbe2c4e2ca94dbbf4bcefc886.jpg
0872,./images/0872/4ab8095d8ffc4d719de97b35aebe644b.jpg,./images/0872/171862b7292e45569b86585a96ec6346.jpg
0872,./images/0872/0c6d92a708a64a0abe5ec9c3d6006050.jpg,./images/0872/a83d7290b90642f2a559f8015b0e9cd5.jpg
0873,./images/0873/8d63479e13e04325a2a171e3d2460d4e.jpg,./images/0873/be35ac34dfc54503a8af7ba5ba87caaa.jpg
0873,./images/0873/a668d13318534219aebef0b4feaf86a3.jpg,./images/0873/030d88cf270b4f01a88ad4807703980b.jpg
0873,./images/0873/ac86dbfd04424dec9d1037d7093f5a52.jpg,./images/0873/3b75f2136a39481a83c4d4119518f9fc.jpg
0873,./images/0873/63584d781be74b53a2133689e549342e.jpg,./images/0873/6110910a78954b6aaf5112486a4595a3.jpg
0873,./images/0873/d68f4b419c364471a9ce5427d6b448c7.jpg,./images/0873/7822a540f06646d4800d31c748887c0d.jpg
0873,./images/0873/1001388177a144f6b1b34789b3b71c0b.jpg,./images/0873/fc3311cbcae649c5b9f8547aaeea1cb6.jpg
0873,./images/0873/60aeeda0bcbc488f9ddf5f0637245f9d.jpg,./images/0873/abe29bcb89a84384825facb7cfd2cf59.jpg
0873,./images/0873/d0ce4418efe04e6e8b85ea22fe2574c6.jpg,./images/0873/b02f9cce7f584f1bbaed50fee9f0a21f.jpg
0873,./images/0873/94b06dd75e604acdbc4dd4f7cb644396.jpg,./images/0873/3d961e160d0f46ca87e70f31dbcfe0a8.jpg
0873,./images/0873/841d654901d24ebd8d6725d219876178.jpg,./images/0873/b65fcaff70b54788a03f7472517a8c51.jpg
0874,./images/0874/a82926a30b434add803cd5f9ea7798ee.jpg,./images/0874/120e9671418642bfb77699e89b1daf9a.jpg
0874,./images/0874/767f289c98144496803f745cc8913d1f.jpg,./images/0874/e3a3384cdb154fc4bd10cf175c496d43.jpg
0874,./images/0874/971a6cef1ccb4d63bfea329ac420870f.jpg,./images/0874/2c9464dd8a234baaac941ba3af5c15cc.jpg
0874,./images/0874/ca32a2188b574bf8a064b4c530019fd8.jpg,./images/0874/f8cf39cf19184586a095b2720b165dfe.jpg
0874,./images/0874/ebf7b5b1c70d4451b0957139fd553883.jpg,./images/0874/2b42839bf68d4c3ea7730058843befd7.jpg
0874,./images/0874/33657230605141718f4efd2f95a7222e.jpg,./images/0874/3ce41e7c40c84d58a546171114521796.jpg
0874,./images/0874/772f5aacc66e46348c27aeddbd9bdba5.jpg,./images/0874/382337bfca6648a38539d561c5c83e35.jpg
0874,./images/0874/f9c03f9c6d4d41978590f13db7896202.jpg,./images/0874/a3bc679d619f4db6bb68116dcb757d9c.jpg
0874,./images/0874/84896319c43a4931a442b13a79b91e8f.jpg,./images/0874/8f95614e627b494c80f43d329fe2e2b6.jpg
0874,./images/0874/2ebcb1aebf6b435c945aeb51b0d073ab.jpg,./images/0874/a3bde84a104749cca02567e18773b239.jpg
0875,./images/0875/2c361b79c3d14eda812ebf03192407bf.jpg,./images/0875/5a1e51000d944fecbbe9ca9894d2cf8e.jpg
0875,./images/0875/5cb367680b054804a98aecaa0a1bf50b.jpg,./images/0875/dbdd643e6d0e4a5cab57b9c29b9c981a.jpg
0875,./images/0875/dddf034b59d64154ae7160a5b0995291.jpg,./images/0875/ebfb460d31a448de835b61e5a6051d3c.jpg
0875,./images/0875/f87e942c888949589658fa95f27bcd70.jpg,./images/0875/55de42b665354ce4ae45195bf40ebac6.jpg
0875,./images/0875/09a20852d01f42e89b86ef068dc53867.jpg,./images/0875/f732da3504f5407cb10bbbec8a81a1b9.jpg
0875,./images/0875/9572a91acf0141708adaf357a000d278.jpg,./images/0875/f3387a418e5f45e9b6d8770015c04eca.jpg
0875,./images/0875/b0b5d57e757a4af0bba9baca390fb5fb.jpg,./images/0875/35f42da839e44bcfb67b07caf14d2047.jpg
0875,./images/0875/25cda4c977b24deab11012f2d7a8d161.jpg,./images/0875/f8ded9af97fa44f8ac4ab8bc6b39d41c.jpg
0875,./images/0875/2e13d160eea1416baff1d37ab99ecc1d.jpg,./images/0875/f853a05c88a5407aa6446d5f37d38611.jpg
0875,./images/0875/adf2eae188144f16a8221f61c3b092f1.jpg,./images/0875/b60416c4fb9e443082930ac2476056fb.jpg
0876,./images/0876/e38f67cc71874f42a694347e3d2a7ad0.jpg,./images/0876/81e04b24adf6463ca7db2c627615bd26.jpg
0876,./images/0876/71ae126c7a384a1c936545facb15bd84.jpg,./images/0876/b8aa870f1d4144c9a9a0723fe19c2114.jpg
0876,./images/0876/5d8fc0b1a35b4f4bb97db87027647322.jpg,./images/0876/f06700045a184e17848efc3f4245fab9.jpg
0876,./images/0876/8ad4a503ac5244bb89401535525ba439.jpg,./images/0876/3c529ab5930f40998b243ec43677beb7.jpg
0876,./images/0876/2814e5b2fe4d4b5bb1bae3f52f51ffba.jpg,./images/0876/82ba2239cd52452aa09332d2a2015646.jpg
0876,./images/0876/ef9b5e5ee89e4beebac45947d8ae3093.jpg,./images/0876/52004be247814cc3b3588828b48a371a.jpg
0876,./images/0876/ceaf62086851480d85727794d1d747e4.jpg,./images/0876/de7eae8336cf4fb5aec1f04d62861747.jpg
0876,./images/0876/62c9ace60fcb4e97b68f06c244afce69.jpg,./images/0876/378c1d30b3184542bdf303e4f7b82b7b.jpg
0877,./images/0877/70d0acca446548e09eb887454db5cf8a.jpg,./images/0877/730e9805a6e24ac2a85e71642ecc433f.jpg
0877,./images/0877/13be9d81de5f4bb8a0d166e618e854ca.jpg,./images/0877/d6d3bee18b9348d48774684aa4c3367c.jpg
0877,./images/0877/ea4d267b53e2489bb9838219cefa445d.jpg,./images/0877/053928055a8642f688d633d5ab165f64.jpg
0877,./images/0877/6be8bd108e074ce98ff259c2c1985f6d.jpg,./images/0877/202ac0a4b04b42f4b6863d7cddf9f8d6.jpg
0877,./images/0877/75dc419269e24d6796c60047f995c131.jpg,./images/0877/52dc7a1f8e394e1aa3137dcd277bc4cf.jpg
0877,./images/0877/bfaa00a9ddf4482196a378e2d60b203d.jpg,./images/0877/08a9e16a69854acc8b9f47c2a4f317e9.jpg
0877,./images/0877/8ff125a36c0a47a2bfff826f484fd7ef.jpg,./images/0877/1eac7698d40d41adad09ab048a29b955.jpg
0877,./images/0877/df429657826946b5b4c46b59de17b73b.jpg,./images/0877/78e867d4f66a4176a4dfac09c2f95ad9.jpg
0877,./images/0877/0cb92b6a1d464f6790516c86e0040e74.jpg,./images/0877/c3b5fba466b447549a4b6758dd9c026c.jpg
0877,./images/0877/c075f0b786144c109fdd252caf4f85da.jpg,./images/0877/b2738ee9fba94becb9d7dfd186e89f6f.jpg
0878,./images/0878/4d381275298b4eba940665ed99e5b7e0.jpg,./images/0878/1bdc7fd0c447499fa00518fcc3e76ad1.jpg
0878,./images/0878/cdf0718665bd4071bc323837edbb0d63.jpg,./images/0878/d455822c559c4fcb98e7dca8600be323.jpg
0878,./images/0878/75d38acbae2c4681a190871c62e0bd96.jpg,./images/0878/856abce59e334b6fabb56da627c33925.jpg
0878,./images/0878/cd4e5078989c46e5b9d166825724a200.jpg,./images/0878/5ce7d88d510f49aebac7fb727ab573cf.jpg
0878,./images/0878/1d1813eaabb3409089be84d77ea0c4b0.jpg,./images/0878/0128f35067bb49b0a86fbf2724ba1d9a.jpg
0878,./images/0878/95b1a0b201cb435099b246b8513aec0a.jpg,./images/0878/64c699105d624a5a84864fd164ac2b9e.jpg
0878,./images/0878/081a91472f594d9f95b4393488f443eb.jpg,./images/0878/72cffae1eda042c48c058a30707c1cbf.jpg
0878,./images/0878/7ee3e0c2cffa46718c71172de164471a.jpg,./images/0878/6cac5041a4a444eea15cf28eb26d38c2.jpg
0878,./images/0878/dc693aa33031466297f378dea627a3ee.jpg,./images/0878/75eace446bc74868863b593cef93fee9.jpg
0878,./images/0878/47e03282fadf4e45aa934e11b4de052c.jpg,./images/0878/6df1032dfe694a879e30756935c2af2d.jpg
0879,./images/0879/6a0cfbd93a984580838868e5a5726c2b.jpg,./images/0879/0bed781345724b1bb6da67bcb2787942.jpg
0879,./images/0879/86c0c7caab90445b95768590b6950ba7.jpg,./images/0879/9b6b2a2ca03f4de69faf2597273c68f5.jpg
0879,./images/0879/a3039367cff6445c95bf1022b73defb1.jpg,./images/0879/33ae35a49faa41f782ca0d48d914d221.jpg
0879,./images/0879/a85de5de47074f569197eb9caf5e0a51.jpg,./images/0879/8c02bf9f122c4ca29f30cef4e4b6d5a6.jpg
0879,./images/0879/44b50b06bdf24fcc999606c93d1163b8.jpg,./images/0879/202752440456451baaae9153711d7d37.jpg
0879,./images/0879/47f21dcebc1e429cba3b0ccaf88403f1.jpg,./images/0879/1c14548471504ac2b59469c355531283.jpg
0879,./images/0879/3e221a911539498daabe08f3e9901c5f.jpg,./images/0879/7d260410f0b44cc1b34ff10c83eb1e1a.jpg
0879,./images/0879/dc6d5350472347d68928d7919b0e86db.jpg,./images/0879/15cf81476154447f94e64f6e927f35dd.jpg
0879,./images/0879/af6a175f3e184535b5b9a7cf6a9392d4.jpg,./images/0879/e339953d4a494d54a246be9df492a09c.jpg
0879,./images/0879/501ef45f57234eceb734668986751bd2.jpg,./images/0879/8a5baa51fea8490facaeb42e5c762dc5.jpg
0880,./images/0880/507b11e5a41248fe9b67151d86e50de3.jpg,./images/0880/d04d1cae129e4aa99cbcd9c99b537cc9.jpg
0880,./images/0880/742573c15fd8417ba45ecc516648cdc6.jpg,./images/0880/4cf5112c0c0c4bf6ab33d3534f9bf4ed.jpg
0880,./images/0880/5a1dc1a4f78c4b6083f9623381c8fca5.jpg,./images/0880/ae8cec6eb7ce4b38b37e004d1375327c.jpg
0880,./images/0880/9c7cd0e29e5d496abb716b9d47b7dad7.jpg,./images/0880/f1b2887dc18d49b5a4621d0d36ce425c.jpg
0880,./images/0880/9040ed62246c43fa91abcb6ba6bc70cc.jpg,./images/0880/0b52aace7a464b8e881b83a4e97e4e7b.jpg
0880,./images/0880/25657b096c26448fa7801cc4564f568a.jpg,./images/0880/3d4ee76864b746efb0635854ee904255.jpg
0880,./images/0880/6323f0d4a4864ef294745a1b8b5a40d3.jpg,./images/0880/202cf1c5cf5c410ab6f71de9494e558b.jpg
0880,./images/0880/2baac465e2b34101a1965c4ba6e0a7b8.jpg,./images/0880/7c24076999924f81bb15b6119d4a8ffd.jpg
0880,./images/0880/a1a6ddab0b5a4cb1ba40659ac2940234.jpg,./images/0880/08f3e30e1b5e40fab49f521e2a73af54.jpg
0880,./images/0880/c883e5d49eba4602b97944fc3a77f727.jpg,./images/0880/fffff3a52a7547d0887f03871e3f9a37.jpg
0881,./images/0881/ed4c971f08734fc8b6d6e8bbd82f0bcc.jpg,./images/0881/f8bd891eaa09478289db33e7cb2b0cf1.jpg
0881,./images/0881/4bd3458194d84e888c895cef864ca3be.jpg,./images/0881/287ffd173a78478d9a165a84993a984b.jpg
0881,./images/0881/cbbf22f1e6db47ae8cc6255eba4273ba.jpg,./images/0881/44e098055a254f17a7164ad4a331b174.jpg
0881,./images/0881/c87aeb38498c4221b820f8adb9a20b4e.jpg,./images/0881/1407b85ba1c645b198843b24203efadb.jpg
0881,./images/0881/d1b210a5b1094584b8c5ca58b64ef452.jpg,./images/0881/f6bd3b96dc404e998681bc3a35cf896d.jpg
0881,./images/0881/c843e210bdfe4a7c8bbefcea1f90fe1c.jpg,./images/0881/d3a891d858404612853c04dcaa8a6146.jpg
0881,./images/0881/3a8bf560b9ca483e987b71628c8c99bd.jpg,./images/0881/f7a8cc63884240a49ff8fe530310d62c.jpg
0881,./images/0881/292e9b4bfca04ba887f14048f9e37b7d.jpg,./images/0881/633c6f4056d94b48bf1cecd83116eabb.jpg
0881,./images/0881/df66fd3284db4dbab9a0570fd3d40e26.jpg,./images/0881/e98d5a3cc74e4a9a8f29c1391e5b3907.jpg
0881,./images/0881/cdccc3a1837a449f8f6cdfb64b547ef1.jpg,./images/0881/7e31e5dc22404b1bb5a03acd980099ef.jpg
0882,./images/0882/6705930859a548cbba697ab1a88bfee3.jpg,./images/0882/5cb9de0d116244d6bd10572d9c087e86.jpg
0882,./images/0882/d1ab5a6e1ba14c26acec41c5096fed8c.jpg,./images/0882/45de91147f9c4338a80106d2d5e3829d.jpg
0882,./images/0882/173fb72569a5406ea2b0fd4d7c337099.jpg,./images/0882/e67b0e5668924e5e89563c57e0f9442f.jpg
0882,./images/0882/0abe44495a2149ccb18a2138d73a6b57.jpg,./images/0882/f9a11bfe132c4b4a81e3dc55eaa894fb.jpg
0882,./images/0882/b4feb54a3b63433b9d2c1526ae5d3ea9.jpg,./images/0882/6b41cbd32f804cdf9b556f43978f8286.jpg
0882,./images/0882/68d73cdc8d074814bd5633ce1630d825.jpg,./images/0882/15b3fe69769e48d2a5e39020d5d8e674.jpg
0882,./images/0882/be1a9a37bc944ed7a0dd07c2785439b4.jpg,./images/0882/011ac2c99ea348a3a742eb184c13eb30.jpg
0882,./images/0882/d0a85f5d1353497d803dfca3c108e481.jpg,./images/0882/e8b353d5d84c4d1a8a35d75dce6ba5a1.jpg
0882,./images/0882/8f0452d82bab4ac898fb410630127422.jpg,./images/0882/4f5d2b851da84ebfb7cc5b9df0cb0122.jpg
0882,./images/0882/dc2549e6d33c446e85048cdcc6e53a56.jpg,./images/0882/88df83d6810b49fb8e5b1b0765d45677.jpg
0883,./images/0883/95e4d0764d374605877e1b47b4938ce4.jpg,./images/0883/02f50df0eb8c4e17836ac89ddb1c04e1.jpg
0883,./images/0883/cf7cf1a6ab74473bb2d993bb831c3dae.jpg,./images/0883/52b538c2902b439abc6bfb260faae1fc.jpg
0883,./images/0883/952b75894d9c497d94c6f1d5b5a402f1.jpg,./images/0883/5be8f8d2dca44537a9f53ff5f5a13a9a.jpg
0883,./images/0883/bebde10750e142c196cdf60f6e91aebf.jpg,./images/0883/f416ad70b1284d7493b0c9492d766ceb.jpg
0883,./images/0883/eff15ce59393443c829f71242d1c56d0.jpg,./images/0883/6884954b873e4d6f9b4b95d158e0de6c.jpg
0883,./images/0883/46d6b8ad7f31441e92d20cc16d3d99ce.jpg,./images/0883/df1c6d22bb1b4eedb4feeb5e46deacd4.jpg
0883,./images/0883/8a27d731941b4dafa8bc0149c0d513db.jpg,./images/0883/41f1cfed72d045458cc91dc2f27d6099.jpg
0883,./images/0883/82897931d94a46c38f5cd2c53e18e8cc.jpg,./images/0883/49aada36b662416c93ae9eab6598bfae.jpg
0883,./images/0883/e3603ed78fca475aaeb1d1f7651c4618.jpg,./images/0883/cc0c31096f324435ba755d5a4e02c8fe.jpg
0883,./images/0883/ff85a2f114b14b7e9c87887151d97e01.jpg,./images/0883/599aacc5bb0f4dea852c9a27727eb0b9.jpg
0884,./images/0884/734a2bfaa77f4f18a312755de64f57b0.jpg,./images/0884/3b8c7c3b7ff14b02b278141e1f990de6.jpg
0884,./images/0884/69abe1a71e7c43a3904a01fcdfc1e201.jpg,./images/0884/10c0a35be20a4d75a7c0959a578d9ebf.jpg
0884,./images/0884/ffcce05ab38d4570b3dc751e89b7790a.jpg,./images/0884/01e73ddf0bdf4d3485ba5ba2eacbdef2.jpg
0884,./images/0884/0b4cf8d44c8f4312a794f99e01679176.jpg,./images/0884/3c61ea12a40847ce98aab14e0f6d4591.jpg
0884,./images/0884/0b25ed7b8c8c4113ba04f65d9f2e365f.jpg,./images/0884/5085d424b3f5461ba1c7f7ca55abcf4f.jpg
0884,./images/0884/4d006f6662834ab79064cda359345b73.jpg,./images/0884/c663fbb7950a4880b5f24edfb0375911.jpg
0884,./images/0884/2eaf954beb32486d807fd6bc200f48bf.jpg,./images/0884/8ed603a604a249cc89c37977e83a03d6.jpg
0884,./images/0884/8816cc7bfa0a44d8a757862444fb11e0.jpg,./images/0884/3613aeb400284205aea01ea28cb1f80e.jpg
0884,./images/0884/33e5ee789b544b3f95448b89b4af4d47.jpg,./images/0884/a6389ab4329144349b91eeae3b04fce4.jpg
0884,./images/0884/fb45d437f16647ab8afcd6abee204bd8.jpg,./images/0884/a8f7b85400104c7aa8fbb1b1dc1f1ba1.jpg
0885,./images/0885/d4090d8437f94b768a3df38e20815755.jpg,./images/0885/0cdcdacaf91e4d4aa6f6dc90ab676435.jpg
0885,./images/0885/e0f2519575444f6694b52c08c98c001f.jpg,./images/0885/89d8c48b8bde42edae71de669b15ea34.jpg
0885,./images/0885/699a04d31b9e41e0b1a83024d1f694c5.jpg,./images/0885/76bd53dcb48a42f9ac264fbf73520890.jpg
0885,./images/0885/f151627447274948809fc512284a2a7f.jpg,./images/0885/fddd9547752046cf8615637a05f66c08.jpg
0885,./images/0885/34d68adf6836449c83cd7b12fdaf9d36.jpg,./images/0885/c840cf2cc95d4a08b3c2044d1ea946a7.jpg
0885,./images/0885/c502dc6066354295b1ea4954a354545b.jpg,./images/0885/a4e5c5641e5f4fed9f73b8d1becf62b6.jpg
0885,./images/0885/b23ecea1e9bf4f5193e0db24a92eacd1.jpg,./images/0885/d2276b26e91a4f19a818cbeb297ed884.jpg
0885,./images/0885/b24891e20be74045b2f1c1533e52a7c1.jpg,./images/0885/5a47e19f19b44545bf47b508cb65da6a.jpg
0885,./images/0885/5225e532281241d98ef00fbfc612784e.jpg,./images/0885/1e66fe6115d542b186aadbfd13613f5c.jpg
0885,./images/0885/eb5e4557179249c3887116afa58f3a28.jpg,./images/0885/6449664ae8a845d6b1841d5d0584c51b.jpg
0886,./images/0886/264aa081b0c14109b4ac21db6f2306bb.jpg,./images/0886/7f919357663f49328357cf1fae8fa6e9.jpg
0886,./images/0886/047f8a68a11647caaff2b1026a9a5d5d.jpg,./images/0886/3ea40d281c83478dbe282499a7c6c8da.jpg
0886,./images/0886/87ff18a6f0b646c4b711125a4235f091.jpg,./images/0886/ec33e59ec8db448ea64178f3b3c915b5.jpg
0886,./images/0886/76f9acf81c534380be1b1898bfff9368.jpg,./images/0886/1870a791dfee471e8417197d4a53c75a.jpg
0886,./images/0886/7c8283a0b3d347f396d6491f30532c97.jpg,./images/0886/d796c29154624fceb497dce4d88c9ee9.jpg
0886,./images/0886/5db6f6f4aafe40818aefddf102a0ac74.jpg,./images/0886/417c6e0e1127412299c3221f4eb2f1a6.jpg
0886,./images/0886/97a0885e5d764143a7cafd349ee77756.jpg,./images/0886/abd8dd83d8ee4003b4d2b4045220a578.jpg
0886,./images/0886/b34cc89996eb4f3b9818c9d01df40813.jpg,./images/0886/0a1ee0537dbb4cdab8c91a3d9bdfa2bf.jpg
0886,./images/0886/eed5dfb01e6045778212547ee22cdd24.jpg,./images/0886/7524278a052c4b91b548c0b73e89c580.jpg
0886,./images/0886/c41364a0ad69455b950e134bd0234340.jpg,./images/0886/57f0ec59bda94a8cb26ec017c28e5215.jpg
0887,./images/0887/578bbe66a113402eb89f37ff3994ec0c.jpg,./images/0887/0596eb64120043f08860b45b259bafe4.jpg
0887,./images/0887/34d39367062e4db39276cfecd9efaa43.jpg,./images/0887/fac2bf5f6ee443ddb9633fcb2b5284a3.jpg
0887,./images/0887/677b2804d24f478fb3e6e045aa61bcc2.jpg,./images/0887/73c892318ea6408d877066dbdb441e62.jpg
0887,./images/0887/74edd28fcab042f592166636e331c8e2.jpg,./images/0887/031274d9f81c44888216423875724c3b.jpg
0887,./images/0887/24cdd683c24c4aa1853b9095b93e4c20.jpg,./images/0887/fcea0f68179841379379647fec17f73f.jpg
0887,./images/0887/15dd32acd40b4672a7894e1dcf44adad.jpg,./images/0887/3bdb5c4935fe4c83bf3041f953eb77c6.jpg
0887,./images/0887/0a983153ecf34ec3af0f836fd8d4530a.jpg,./images/0887/321ceaee480449c7bdcfd3b68deedf23.jpg
0888,./images/0888/5e2be122e6114e3ab4c4ba5e1fd24346.jpg,./images/0888/7999d2dd04a34d7c8eb47e6f791044a6.jpg
0888,./images/0888/307f6bcab0b24db39e30b8d363fd6531.jpg,./images/0888/6bedce51895248e6ab9b155b392971d3.jpg
0888,./images/0888/73c90d45b13e4472b2353b46cb35b3cc.jpg,./images/0888/e4727ef730af4c619818d724fdd5d981.jpg
0888,./images/0888/e6be1112af7a447dbe52d6f64e76880c.jpg,./images/0888/5e28aff319a844fa8f56f776b5c5f3e0.jpg
0888,./images/0888/6aa7a43fc629473e8cf7ed1496567333.jpg,./images/0888/c205e81125d94c5586ba40132e5e6331.jpg
0888,./images/0888/680d0e88e72942d6a3585bdf0f68940a.jpg,./images/0888/179bf503a46543e2b5e92f635cbd7bc2.jpg
0888,./images/0888/df2cc26371a3490eb12f32f529e43320.jpg,./images/0888/612939b4aeca4521a51063aa3d25eed8.jpg
0888,./images/0888/dbbf0387df4b405d9d29e6e596549ebb.jpg,./images/0888/529e6c35a0ae499b83579816298b3167.jpg
0889,./images/0889/b163700faa8d4aabb409597b993cec22.jpg,./images/0889/2820f5ec895941b1af6cbe13d775d394.jpg
0889,./images/0889/a3be6dd2d6be465d8b03af3f6434a93b.jpg,./images/0889/4404403de78945eeb2a860443f769639.jpg
0889,./images/0889/abff69597d2c4eccab9b7dcb03fd733c.jpg,./images/0889/913d74f2f4c54e11974ca9895a379b75.jpg
0889,./images/0889/1a44c1e16a014064b74d950e34651279.jpg,./images/0889/13b72198d3144b7aa24ba51ad72f3c39.jpg
0889,./images/0889/6984949126d644ea9d4807c033f68a5e.jpg,./images/0889/981270136d524bfeb0779d75fcf60ae8.jpg
0889,./images/0889/53a021b0b2f54bfaba27916755392036.jpg,./images/0889/d477ba9da85442df99951319969b519f.jpg
0889,./images/0889/fbf81469607a4f3285ebb1002823c1bf.jpg,./images/0889/8d587934522f4f75980295b2f1e69574.jpg
0889,./images/0889/7e7f70979a0a4b12bbcf1393aabd7aab.jpg,./images/0889/865e1842163a4ddbaf41c5e51041f554.jpg
0890,./images/0890/ff6bd5ac60f44ed288a17811c2f56f28.jpg,./images/0890/676e71364bb2437f964161ea4840b325.jpg
0890,./images/0890/e498e2f5ef664f60aa6abd1df738d219.jpg,./images/0890/19f0db6e9c3c40c2835236a2e47c0d6e.jpg
0890,./images/0890/321ff24be0204bbf95cf82d01f0c39e6.jpg,./images/0890/2f4f42110bbc4b8c8c8353276146343a.jpg
0890,./images/0890/de6305ef72ef44e3b9ec88d3433fa08d.jpg,./images/0890/70f524c53e524c63a6b27e1d52c9db9b.jpg
0890,./images/0890/1c44bcc6bd0940ed914c2d8feec6781d.jpg,./images/0890/2cbf2b7a770146819a1b863265a299c3.jpg
0890,./images/0890/4f345366191b4b98a0159a0b49c437bf.jpg,./images/0890/3d5d5d5da0e648f9a8fedcdbeaa9dbf6.jpg
0890,./images/0890/f94d570a914d440bbc2b9922a9f055b7.jpg,./images/0890/930618e8f1924f2c8140b05459c3edfd.jpg
0890,./images/0890/b1393d04d07843cfa8c6d3a449a09d67.jpg,./images/0890/af357d6c3bc14198b3923e9a3a709def.jpg
0890,./images/0890/2d230e498c2f46bb9db1f04f5f614d23.jpg,./images/0890/5f52109e213a4c51adf171f3b3ffc6fd.jpg
0891,./images/0891/7b4cfddeadd1451297a3c8cc89ee1832.jpg,./images/0891/e658581b19af4c898848a0211c6210f5.jpg
0891,./images/0891/9a807a83b4534b7988504aea5f48c2b5.jpg,./images/0891/e1b0c12baff74baab00110ae5de36677.jpg
0891,./images/0891/1659b07cb0434e8aa85f6542c85e67f4.jpg,./images/0891/e0dc42a367ed4e9ba9d6b1ee2e4d7237.jpg
0891,./images/0891/4524a9d95b3a4792ae049618cbb01613.jpg,./images/0891/9cbd3b5ae17642339f61ed797b8bf25b.jpg
0891,./images/0891/a09187a5ffa244fe8b05d7e5c92f852e.jpg,./images/0891/432ff3d345d847a590cc899394c99407.jpg
0891,./images/0891/c25585f25851480bbf280d651af71b62.jpg,./images/0891/438bf1ce1aeb459c8af60c7e73b16c20.jpg
0891,./images/0891/423093d1097e444e8dfd999cf65800bb.jpg,./images/0891/c097c627195d4b49ba92518e3b59a7b8.jpg
0891,./images/0891/f6674413e17e48bea5c56a214b05357e.jpg,./images/0891/2dfe758c4ca8412dad70b323abca62f5.jpg
0892,./images/0892/5083666df75e4cefb7be0d273b8693bf.jpg,./images/0892/c20d321d71994217b351b228869c7ac5.jpg
0892,./images/0892/7904274391544c8fba1d2ac7553d96f2.jpg,./images/0892/056b05a1b09943668e8e460f57881a40.jpg
0892,./images/0892/27a3620e1f92471d9f52502958340ff1.jpg,./images/0892/c48ae40abd1849a3866500fc1d38a1ca.jpg
0892,./images/0892/647eb6a1c6a04bde927f413756a23d22.jpg,./images/0892/a12604b6b30c4a24b2db5aa3d521595a.jpg
0892,./images/0892/3a3b2f733fc746579309da5b31241fe7.jpg,./images/0892/f8b482c92106447c83a45df8050d7c97.jpg
0892,./images/0892/414f674a0db849109e049ea09c589cf8.jpg,./images/0892/b95ede54a96049a682dde97582493bc1.jpg
0892,./images/0892/17477590bdff4331b499dc3e6b004a62.jpg,./images/0892/a53ac3793b3d4d24966aa1ff5aa119f0.jpg
0892,./images/0892/252e52977a1b49e2a2a8bb970215aafa.jpg,./images/0892/0294df4087774a96a7ba68c584810f94.jpg
0893,./images/0893/8a3f71a10998480a86452002b6edb95b.jpg,./images/0893/323957a9b08e4d92b64cfdf58d67e221.jpg
0893,./images/0893/e7382b20107a489fa8497405bb4755d4.jpg,./images/0893/d12d29dd03d941aba3f7c675ca9a008a.jpg
0893,./images/0893/44a8dbda5c634473b933e11285896773.jpg,./images/0893/7d1f1bda229c4c0a8392cef89c545b81.jpg
0893,./images/0893/906974c259dc4650a7e25445ea2ff448.jpg,./images/0893/20b07aa85b4145f8a3ea4e2f2fb069e9.jpg
0893,./images/0893/8b5cd0611c1d48ad90d9026ab85a8032.jpg,./images/0893/1182954c56ee463cbaab1dc65cd00a8b.jpg
0893,./images/0893/c7b9b802865944b2b557f53df2bdfa56.jpg,./images/0893/561b0974e4da4bb1a418d0ebef017f59.jpg
0893,./images/0893/5cbbafa12183415c8f98a4c9b5fb93e5.jpg,./images/0893/b146944f35ee4314ac56f8cf3f2a54c5.jpg
0893,./images/0893/9e94b7c1eb584682b2b1897a8392f873.jpg,./images/0893/5828bfb5a5f04508959baa0591b08131.jpg
0894,./images/0894/d3897a9aa1404c4fad33f0251cfa8762.jpg,./images/0894/933df57906f1473ea41d9a6e6435e79a.jpg
0894,./images/0894/b2d2f66ee48046daa02a6d0c6b285d78.jpg,./images/0894/552de81a5cf344959c2e3d5f3241349c.jpg
0894,./images/0894/f824c900a1ff472d99aa242769b68134.jpg,./images/0894/c505c65acde24f2c8cdef8676f7c894d.jpg
0894,./images/0894/3664e04cc6d34c9bafb625d89974b174.jpg,./images/0894/862019686e784d689b3ad1692e066210.jpg
0894,./images/0894/3adef67d7676499580b2bb31b8aca3ef.jpg,./images/0894/2ec3fdd1a998403a965912bebf06ba05.jpg
0894,./images/0894/7f2f31fd661841c6b65a0fd8b2851bc9.jpg,./images/0894/bec2d1e5cd1a466cb8a03fdb3e681a5c.jpg
0894,./images/0894/8186bf66e4f946b4b99e17de864fbcfa.jpg,./images/0894/1a010553d5984b06a77281f1e7b3addb.jpg
0894,./images/0894/6d85a05d720541b8b03c2900ae874979.jpg,./images/0894/b3035adfa94c4cf98585f6eb6244c74b.jpg
0895,./images/0895/a723d0c36b3b4c7b8e945b169f3f5697.jpg,./images/0895/30e8a5697fd1465992082d664c92dbc1.jpg
0895,./images/0895/e49f641188014432a82f7a5a66cc93a2.jpg,./images/0895/6d2970ee20224b35b4a93b5b22e2e9a4.jpg
0895,./images/0895/31aebb8317bd4521a9f863528374524a.jpg,./images/0895/951ed865dbb44c0597c8d9f099429b08.jpg
0895,./images/0895/a6f8ad4215f441b3bd4e80618749d4bb.jpg,./images/0895/044289e429f1473186b59228bc91c989.jpg
0895,./images/0895/9a43744298db47248aec0c6df89e3979.jpg,./images/0895/beaf0d5c19214e8f95092b13cdea6d4c.jpg
0895,./images/0895/ca0cda3a39684e7a88f828d628aa25ae.jpg,./images/0895/2edf664341d64a80b86fe96a828b70f6.jpg
0895,./images/0895/6e360fd0ca29405db28b7911ce8dc82d.jpg,./images/0895/75e3e3a202ac433186072d5e8a6fe9e3.jpg
0895,./images/0895/b61c323c198f47d399a87a5bd094d2e9.jpg,./images/0895/b1cf61759591497ea084c764e371bb9a.jpg
0895,./images/0895/848ed9e7656d4404af34eb121a66c730.jpg,./images/0895/37b22163122a46b19a3205ac65bbf1b8.jpg
0895,./images/0895/f5ca9eb9c2a34d459200af67e4940ef8.jpg,./images/0895/85ca49f562dd4cdaa44cb16e018810e5.jpg
0896,./images/0896/3590aade6993498381343354c9c2bbe8.jpg,./images/0896/784819120ddd4d2cba3405fb150a634b.jpg
0896,./images/0896/181dc8e312c64585b5904c6cea83d883.jpg,./images/0896/12453dbeae764b4bac1fa8948bb64d85.jpg
0896,./images/0896/2f6710fa02ca4778b8f9e2658d243909.jpg,./images/0896/5511104df7f147a98db5a0603624615e.jpg
0896,./images/0896/01d725e765f54634afefdea6fe53920f.jpg,./images/0896/05e729a7327142ae8de8b8281cbbfee3.jpg
0896,./images/0896/1ec3f50b79d7461c9b030b1069f28721.jpg,./images/0896/d3933201f79c44bda95addbc4c64242e.jpg
0896,./images/0896/d957ed55189f413c86bc899e0f3a9ebf.jpg,./images/0896/b181d20624174f8b874f7623d08034a4.jpg
0896,./images/0896/f39dbfee454c4ed9936e1ce069df720c.jpg,./images/0896/7f80fd851f644b18a9f4bdba962116f7.jpg
0896,./images/0896/02dc74b0692347b68e96dfc2ea4c29d6.jpg,./images/0896/4b6a63c061b34262950a3f080d19350e.jpg
0897,./images/0897/5b78236b2ed346aeb0eaa8fe6228a186.jpg,./images/0897/37562e8395a94445ad73be78e20fcca5.jpg
0897,./images/0897/09365072b760451c9ed56b7831128f57.jpg,./images/0897/9a4133e4feae4dad96bca73dc693e3a6.jpg
0897,./images/0897/db56195fae83474988ddcb7e8caac9de.jpg,./images/0897/3eeea868d1bc4a1ba659fa08c1158264.jpg
0897,./images/0897/5997be6640b446f58c08e94cfcd44ae7.jpg,./images/0897/6a8db5b7169041c2b42cb67cd07a564b.jpg
0897,./images/0897/1a636f8a2b294abea25f88380fd42cd5.jpg,./images/0897/5f357cdc2e594e049c8120d613b080a5.jpg
0897,./images/0897/29404ce78aa141728deef74a265a1b7a.jpg,./images/0897/10e8e6e9e9234bc289d713c16f04c3f5.jpg
0897,./images/0897/60539f735db84b3b926c79b89e62c185.jpg,./images/0897/334f6ec992ac450e8f7caf41a3b22f7a.jpg
0897,./images/0897/5c5ec3b4378c45f4b432e39b7551ac51.jpg,./images/0897/f7acf4e1ba7d49ad85981a80ad664bb0.jpg
0897,./images/0897/280199566ef74470b88f96dc7fe2321e.jpg,./images/0897/a6c1da5ad7e04204a7e668b79f723933.jpg
0897,./images/0897/e576207aeb194e6c8860e8d9b2843d97.jpg,./images/0897/482dd92985a04147b2b9f92fd7f9a8bb.jpg
0898,./images/0898/c971c6b94c4e4e2098e0d997e9b1ca62.jpg,./images/0898/08c72dacf8ad407a9ce68c9a5d679c3a.jpg
0898,./images/0898/df79dddcb88e4bcd9107e88cd5f09323.jpg,./images/0898/e193928e7fd44475a6f4d73ac81f5b38.jpg
0898,./images/0898/6cd3830bd44e4915be2b88d31424b91c.jpg,./images/0898/b1c02dbf9bc646f9b514849b0dc0ae72.jpg
0898,./images/0898/a114b375cb8944ba949874213f1ecdee.jpg,./images/0898/26c4134015bd4ead8fe4c0d0ddca09c2.jpg
0898,./images/0898/a012ae6cd613481ca3f3f97b8b340569.jpg,./images/0898/8605a25b6895476d8c13df7a83f96093.jpg
0898,./images/0898/8baf5b9ca6b54b28a6a024897d7ebc4c.jpg,./images/0898/5f69958138534547856c12f419ba5af7.jpg
0898,./images/0898/0b54522d05ff4b0c8a385b6619a6d745.jpg,./images/0898/661621d4a14e487c8c74354134a29710.jpg
0898,./images/0898/2e85308ccdbc473d948bbc7e5cba7371.jpg,./images/0898/f026b0cadc8f40b8a029374f027ad45a.jpg
0899,./images/0899/6d8f98b801be4845bbc512ae02b70463.jpg,./images/0899/f0e938244025445f9b732ff9ae85c002.jpg
0899,./images/0899/a16fcec4fbcf4035abf04b96d48b5cae.jpg,./images/0899/c0ffdda8abe744b1a0198ca52b5a23c7.jpg
0899,./images/0899/dfe52487de8e4fe69d185685d34e21da.jpg,./images/0899/55cc5ad1c30048efa94e10d8b3d6166a.jpg
0899,./images/0899/4a32a9f250d94e8a9cc96a8e22627dcd.jpg,./images/0899/bf88286a203e4029a56fc55dfbfd474a.jpg
0899,./images/0899/0e1d936adbe24afc9f197b7a1ae6c9ed.jpg,./images/0899/f95cbdb4f8044f5dad76373ad343e658.jpg
0899,./images/0899/66bf4113ee12426c84d2ea410b6c803e.jpg,./images/0899/33bdd7bb2833425591a93d4519cf8291.jpg
0899,./images/0899/7be045fcc8444e0693578d6c4ee5e79a.jpg,./images/0899/479597d6b3d643afbf9d084cf2c353b3.jpg
0899,./images/0899/0adc0bc36fca4078be6fd45ddf1653d5.jpg,./images/0899/fd9efb43701f4cd6baaa4c38315f4bdc.jpg
0899,./images/0899/c2cd6168a28e4d8bae47f0f65c4a8ad5.jpg,./images/0899/ddf96ade692e4602bd22dedbb46401bc.jpg
0899,./images/0899/fee66a180c9d4629bc57be0b67cfc965.jpg,./images/0899/96c68a36c7424c8082159535442f360d.jpg
0900,./images/0900/a4db5a0fd4a54d8c98d34600a8c8ebcb.jpg,./images/0900/7271464eaf7c423db993d9bad83ebf58.jpg
0900,./images/0900/20c09fd8fcc1439285bb8a1ce8638b9c.jpg,./images/0900/4f8e56c73e554388849bcfea274b1f1e.jpg
0900,./images/0900/6eee6e60332c4170846d4a4fbc5ea110.jpg,./images/0900/8def19e85ee8421991c46ab03f33ec20.jpg
0900,./images/0900/cb9e67232e7f41e0b9786f0c393d0ee6.jpg,./images/0900/d24a5d2533514e3eade17ed1ee6d8284.jpg
0900,./images/0900/8055062690bd45d1bff3cc25509f5540.jpg,./images/0900/13409e1e4f134455a57fd696f6276362.jpg
0900,./images/0900/d0f33ccd731d4f43a206973ce015598c.jpg,./images/0900/c9b64a1a43fa4c5bb888f13c3c00e26e.jpg
0900,./images/0900/ca2ee3b94f314cd1ad6df72450aa7ae7.jpg,./images/0900/6be6d55453bc4edeb56d24724b735fa8.jpg
0900,./images/0900/58a05e1c904b4a5da1fa78eeaa4b7a54.jpg,./images/0900/000193069d834334b255a447742edce3.jpg
0901,./images/0901/a9b9c0a08aed4888a78a65fb7e764d13.jpg,./images/0901/c1531ac869a2495e9f4de40574323254.jpg
0901,./images/0901/d61f267ac4924db69bfb61efd49cf072.jpg,./images/0901/effc03f68f9d46dba66c16fc83891c5c.jpg
0901,./images/0901/62315ff5ed9546b4b09992552079659b.jpg,./images/0901/a677638191fe43f8ab73261d318f95fd.jpg
0901,./images/0901/8bb79e829c434b6fa65540655519598b.jpg,./images/0901/7d4a3388488d4e9b9d329d0def7aae8d.jpg
0901,./images/0901/b123d10947b44f9a80c99bb16da42efa.jpg,./images/0901/d6d15b1c4a304f74a3fdd4c8ee4169ca.jpg
0901,./images/0901/2a953e50d237405ca38d5ed21494c968.jpg,./images/0901/148b747a7392437e882333053c5dff3f.jpg
0901,./images/0901/00acf6c1b66e4060bb044caf29b5a8b0.jpg,./images/0901/b13fa50fdbe04d0f86476ac0fd8f40bd.jpg
0901,./images/0901/594b0151b284404894d3e8c4c5b06680.jpg,./images/0901/147f41e39d964c35bfea555bb56f9426.jpg
0902,./images/0902/27b84584948a485b8749cb09929ef631.jpg,./images/0902/3978f6ad67e043a09bb6acd9f7b216d2.jpg
0902,./images/0902/9419861870474dc9ad0485f4ba913067.jpg,./images/0902/d49743d667ae4c2ea9398fd895a0f18e.jpg
0902,./images/0902/3f0eeac5c9964026a376563ce8f28521.jpg,./images/0902/d5e25767e8ec45f3ac0a7b4a6f7a9edc.jpg
0902,./images/0902/c3a5bd5c3573468bad3b3b41a9473c77.jpg,./images/0902/21210cea49154b57bd8aa1a31f3ded86.jpg
0902,./images/0902/094762d4e3dc4c239c6a6ecb6bb87af6.jpg,./images/0902/a6e9e15cd8ae4622b5977a17c0e1a6be.jpg
0902,./images/0902/7499db233a4141eaab5b6ab4d4c3ed35.jpg,./images/0902/962f645e9b5546289b50c703422bfe1a.jpg
0902,./images/0902/17a48f861b724a9ea1aae06d3de83442.jpg,./images/0902/07437a163d0f4a5c89ec36d0efa4b3b8.jpg
0902,./images/0902/794606a0d8a84e588bf89d114ed5a548.jpg,./images/0902/91d80380d00e44048d0942a35fcee95d.jpg
0903,./images/0903/43ffd882077a40dda264e58d519420a1.jpg,./images/0903/ce0aaa602175406491d510c930c2c17b.jpg
0903,./images/0903/f0ce9e56c0424a03b0e8ce0e4b157696.jpg,./images/0903/365f176c25a44973bd3c279bf1b39476.jpg
0903,./images/0903/5ea5bbe0f2384724abe79ed8dee8c0ba.jpg,./images/0903/f45a103c9bfe49fdad96bdd8d2589195.jpg
0903,./images/0903/470acfd555714a7bb3a428d87e098138.jpg,./images/0903/aa842abe6fa3448abf7188d3ad28663b.jpg
0903,./images/0903/71dbc325b5884297a5cf7f268a722ad9.jpg,./images/0903/07b445ee0cdb4d2ca23bd727613f4059.jpg
0903,./images/0903/81368973de8146f4844fb901f3bfd66d.jpg,./images/0903/36e4ab1fcaa940b38616faada076df94.jpg
0903,./images/0903/6138142ec84e45fc9487c974f3d4968a.jpg,./images/0903/150cf64c0bd24674abbba1387cf1f3e9.jpg
0903,./images/0903/6e06ac36d8884a8baa4b3863931c952d.jpg,./images/0903/5248eedd7e6a4d3991b006ec227f3ed0.jpg
0903,./images/0903/23dbfcb6290d4a49bfbd316a1e32c875.jpg,./images/0903/ad7b72057d55466fbd2407ab2c1aed90.jpg
0903,./images/0903/b4a0f61ea9644b79a9a7f767a8f92f34.jpg,./images/0903/445d8635714b49bd945c89537191b06c.jpg
0904,./images/0904/9b3568cc3cf742be9df3fdafde7a58b8.jpg,./images/0904/0d2d3a464c1141c9a91f5b4c540569e9.jpg
0904,./images/0904/e9423a8cf94643adab7b931acef870e2.jpg,./images/0904/c78bc12e38204fd784e4aecb610de3d8.jpg
0904,./images/0904/cda6508c68d349a4bf1fd0d3f68123f6.jpg,./images/0904/498d894436db4dad9c39bb242ae4c28c.jpg
0904,./images/0904/b7c2a2c8df334473b3d4ff7147c60db3.jpg,./images/0904/60d1a521edf746969263f21ac0e62a01.jpg
0904,./images/0904/f17ab4860841487d9d6f5d3f4367b9a4.jpg,./images/0904/b5855d6a7ef946ca92156e9fa046e543.jpg
0904,./images/0904/2fd488e9960f41f78a4433375f7d5051.jpg,./images/0904/fe746a3f845848d08a138cba2a9df9f8.jpg
0904,./images/0904/417173ca28af4c79b446d13c4f9e519e.jpg,./images/0904/1d10df11b5c843709a6b097a7f965895.jpg
0904,./images/0904/7d88343d65a84e93b6f74cc225dee0d4.jpg,./images/0904/5cceabc9de1d4c67989bc28a4ef77e79.jpg
0904,./images/0904/0323e4a7ca9d44c58a96b35aff231747.jpg,./images/0904/552f2eb1d70649008c08b129cea3bad3.jpg
0904,./images/0904/d19308e353144c35bc219dfc1357d2d4.jpg,./images/0904/35a40dc760a14d4fa555e17c6c7c8038.jpg
0905,./images/0905/6124643d263f4a1195e1479e21656b2f.jpg,./images/0905/d33ffba83e7146fe92667ded11c1d2ef.jpg
0905,./images/0905/398b78c68080444396711d9c30a43a79.jpg,./images/0905/038eb984c835459fb1a83d601594424c.jpg
0905,./images/0905/3db88337ca274cabaf3ce08773ebd285.jpg,./images/0905/96a23576c58042d19c3fbe2cebc188a9.jpg
0905,./images/0905/2b90000062974cd5ab58bb1270ce07c8.jpg,./images/0905/46993f83305f4673a0fc9e81202d445a.jpg
0905,./images/0905/c426d7bfdeda4b0aa583a7dc96180205.jpg,./images/0905/5ebf6c1a9a184eb08a1cb28283cdf6f9.jpg
0905,./images/0905/5c426d52e5904870b4683857a26b721e.jpg,./images/0905/fc62927544c84bc69e82f7a3beec4fdf.jpg
0905,./images/0905/72803ba078d84e10ada52a74be73fb0e.jpg,./images/0905/bb95235c096446d79748036dafe00197.jpg
0905,./images/0905/aedfa5a6205e47548220d3cc52664bf7.jpg,./images/0905/3548a5468f36431fade8c0dea15b84ae.jpg
0905,./images/0905/0afdb4ce496d493aad714be0706932a2.jpg,./images/0905/6d4e85c0ee4a427ba6436b3c41c2f5b5.jpg
0905,./images/0905/3cbf24ea642a4635b641a7ee42897901.jpg,./images/0905/62e901e1fcd64531b4ac977b21f1ae1e.jpg
0906,./images/0906/93e9c4074ef4474caf44d9f13daa3f25.jpg,./images/0906/0255a824646c4a29b6834d0515a3c31d.jpg
0906,./images/0906/f25f9486002f4ddfb7b1464d29106c8f.jpg,./images/0906/ba42d8c7c8374b5289d8b55799599126.jpg
0906,./images/0906/adc9a2d315ba4921b07740b4ab49e063.jpg,./images/0906/481b45e7026a4bd5babb150477680e54.jpg
0906,./images/0906/da8d4a27fdee49fcbdb4381557e5b2da.jpg,./images/0906/c70ed1e085b744c28e5d1f72ca72dc68.jpg
0906,./images/0906/12d7b58ed4234377aa54e938096fcdaa.jpg,./images/0906/37cb602703264640ba11a23e5d873c65.jpg
0906,./images/0906/b1a1eff4488448f0890575db286924a3.jpg,./images/0906/e6323dfedd3d4d849df4073f73e7f890.jpg
0906,./images/0906/8846715b37914a1d850fe54886971b4a.jpg,./images/0906/573942a86bab428da192fd047feb9927.jpg
0906,./images/0906/ce7075a4bb004040a8ab9319867a4658.jpg,./images/0906/2e38070dafba4b3a8ed3dcefe6c547cc.jpg
0906,./images/0906/aca9555d453b4379b8b10c2a5ee2377d.jpg,./images/0906/93855ce2efb049e785485da24a1440f3.jpg
0906,./images/0906/bec23f6fa50944fd83303c20488584d8.jpg,./images/0906/b26fb557e5c54b0e9edf6be9106a49d1.jpg
0907,./images/0907/9b85ce3aa6274ee2b7738d3be23c0009.jpg,./images/0907/4e963bc45c904cf78ea264170e938b82.jpg
0907,./images/0907/0b9d9dcfe5974ff3a410bc8a17fb2345.jpg,./images/0907/27204e2b369b462fbc5c119d5cadabf0.jpg
0907,./images/0907/6aae5ca44d704f43bc6d1726862c53f6.jpg,./images/0907/69bb2cfdb47f4243b7fbc30ec8123e62.jpg
0907,./images/0907/fd72c8fd16ba4a7fb853b057070232ab.jpg,./images/0907/55768df5f6624b7cb8147eb5cc96c7bb.jpg
0907,./images/0907/573f1df51d0543f8a323e9e2cf77ae9e.jpg,./images/0907/3b7df4230ade480d9e4e823215ad2736.jpg
0907,./images/0907/a62940b61b224ea4972e319f1d19122e.jpg,./images/0907/d8bd2538ce384637b1a702b670aadfb7.jpg
0907,./images/0907/c3d54037beff421e914aa815a92662e4.jpg,./images/0907/f50a61cdb69e4a159a000b515cde2c24.jpg
0907,./images/0907/1cf0bf1b0de3401d9b61ce5318dbb4e9.jpg,./images/0907/689241f0e0db43bbbc15f4fad08b86e7.jpg
0907,./images/0907/f4bd54d1d0144f88ad0c2ed70444ddef.jpg,./images/0907/bd8c3867063a408eacf4d1ce760db434.jpg
0907,./images/0907/8d23c13e1de747a6889de8fc62ae7d4e.jpg,./images/0907/7ef44b1ee9664c8eb4b1a8a01f659368.jpg
0908,./images/0908/15d3ecd5f98643f6878cf8ac5075c052.jpg,./images/0908/917036f608374d549d2f30428b16c0eb.jpg
0908,./images/0908/7acc6930942d411d9c3f922c2dbc5c9d.jpg,./images/0908/d93f30683fe047dda0c73c75655c480b.jpg
0908,./images/0908/33b380ab8f0a4bfaa320dc7a8cbda6ae.jpg,./images/0908/11c4b17d469449fb9451435702df2289.jpg
0908,./images/0908/8934694deba54290afbae0177a8a46a9.jpg,./images/0908/d41af4401c3f43bfbf43ac9d5fb9f5c0.jpg
0908,./images/0908/7bd64c2116ec4702b5946151ed144e25.jpg,./images/0908/f00927e81b374ec894760226b32adc54.jpg
0908,./images/0908/0a49f183c8984952bc895baf1ef9c305.jpg,./images/0908/93cb65e101d04bfb8847a02338037844.jpg
0908,./images/0908/debd1319f2fe4bffb2d9d13a0d74b4eb.jpg,./images/0908/d3c4731eb4434287b69a8ef9d039581c.jpg
0908,./images/0908/4bad326732d8403bad5400350a81afb0.jpg,./images/0908/2bb18d7d614342aa95ec1884709d6e35.jpg
0908,./images/0908/5596b4a8e0854ec6b975bf2ac838ed21.jpg,./images/0908/10ef4faadc114614adc9710d659b2cf3.jpg
0908,./images/0908/6b66a9ee623648a4aba4f9e605357b44.jpg,./images/0908/af4213923d234c12954c858ce2aa353c.jpg
0909,./images/0909/74d7d397e2da445cb2b81683c38edddb.jpg,./images/0909/af215b44d8d744208b42b9bd3b03b2bb.jpg
0909,./images/0909/c5892aae40be4d9890d1230cb371aabf.jpg,./images/0909/3a856cbb53e24aa28a81e6c1d7ff670b.jpg
0909,./images/0909/badc61b002c34bdab0c0f7478195af00.jpg,./images/0909/5f5fd79633124bbf80e1e6acdfb02342.jpg
0909,./images/0909/095a821ed4ff4fbbb7c1f24bd3ef2bed.jpg,./images/0909/90f1f0f41afc4439b5d475ec84148801.jpg
0909,./images/0909/ec074d7155db441ca0efda58c40cd5d2.jpg,./images/0909/447773d46126444eb5cf07bf8ca8780d.jpg
0909,./images/0909/2d1495134baf4a6faf78396ac8da0821.jpg,./images/0909/e788b9e59f554a98984320c4aa327d7a.jpg
0909,./images/0909/52007ae8d68948dba9062ad4634c2b3a.jpg,./images/0909/5c5b7301fab7494c88b7870144ff2504.jpg
0909,./images/0909/04e23a4c5c86499d8ead4d074b278e47.jpg,./images/0909/ee9a9da7ebdd4280a2cb2d4eeb06f552.jpg
0909,./images/0909/3e54820dd477400e92f3d6f852bf0e96.jpg,./images/0909/8a4c3e02b76142d8ab67885523c5f3fe.jpg
0909,./images/0909/d769dcdb67dd497f8b74135c0cd6f4a2.jpg,./images/0909/5216badc84a140d495cc6c99de27a3cb.jpg
0910,./images/0910/9ce9cd628ff34443a9d77a49d2473e25.jpg,./images/0910/cc9cebe6678249b08735f4a4197a1226.jpg
0910,./images/0910/b1a5d5b92b874bf4be6c3f93e17208db.jpg,./images/0910/f917dc6ef3cd473c82fdc4123b1afbb4.jpg
0910,./images/0910/c814782322d6460dbeb1104db0a5657f.jpg,./images/0910/0a7c9ad96fcc4282a8f395201cb789ff.jpg
0910,./images/0910/3f90e603d92c492687d82387b3f8c4b3.jpg,./images/0910/4e7802e8ddd240c3af2a05a7385ec169.jpg
0910,./images/0910/b2caa0e2958041b882e05482b7b2bb7f.jpg,./images/0910/0d2f382f19b34470abdd0a9bb06bec1c.jpg
0910,./images/0910/1ab9864937e94cb3b9b067cb75e444c4.jpg,./images/0910/6f0dc83137ee4129a3153caf17a42761.jpg
0910,./images/0910/b7a4fa48976c4b918ecbaec1c5f8122a.jpg,./images/0910/72fba3dbddc847babcf8fd296a774e30.jpg
0910,./images/0910/1d23e2febe194767b9f8d6f11f9d0bbc.jpg,./images/0910/b12cceb1444040fabd8f54777dbba87d.jpg
0910,./images/0910/62f035d95df040d3ad7fbd031cd31467.jpg,./images/0910/1ef2c9bc3bf44769a1ac5ec61e4fcf77.jpg
0910,./images/0910/19c3e1a0b0e14b77bbdf83841e74b1a2.jpg,./images/0910/d4c4571439a240f7a63837c51c0d23e0.jpg
0911,./images/0911/b461d7e7e4b843edb31a35cd5322b959.jpg,./images/0911/149c4b5e7d9e498c8737f07935476abb.jpg
0911,./images/0911/d9482aa22fa540a7b0aa6d8112ad70a2.jpg,./images/0911/65454a4199d34b44b0bc460bd8ff2ed1.jpg
0911,./images/0911/9d7ce8621e9b422a9d0c41142b0e9f16.jpg,./images/0911/261d1741fac34671b31840c29e521c5c.jpg
0911,./images/0911/fc6897ce95364bf0978a5b44f4cafd14.jpg,./images/0911/6a3061201ef14290823ec8df0af31fcb.jpg
0911,./images/0911/d226cfa5604c4b07836b4b8fa0fc7f24.jpg,./images/0911/96262419fee14356ac74a0a553a11614.jpg
0911,./images/0911/8eb1edc46a9c4830aca5354d48f59a51.jpg,./images/0911/149d9348a9d64218a3ebd605610fd23b.jpg
0911,./images/0911/858eb330d1dd45a5bb5f2c7a6ac6f557.jpg,./images/0911/892682785eab49f39b50e3b94ca8b5d7.jpg
0911,./images/0911/f341160752074f6caf131dfd361808c2.jpg,./images/0911/cc695de1f88249829e37615bfc8e66a1.jpg
0911,./images/0911/919e3afe76fb408197a5b19add020c67.jpg,./images/0911/0a737225f0a449cdba4bcb46f5f7ae60.jpg
0912,./images/0912/114380b900184e7695aec1001966a12f.jpg,./images/0912/9c62fa945c154194a28f58f5b7f65d31.jpg
0912,./images/0912/4d017c2277334c0f81137acbb59bd059.jpg,./images/0912/901ff55034f34f19918e371c04916377.jpg
0912,./images/0912/d528f3887fb3451c974d77e57bfe1d32.jpg,./images/0912/8cc66367f2074f7a8505ebbd0c278908.jpg
0912,./images/0912/1e3f912ec97b4140a43df050caea1f07.jpg,./images/0912/2de9457cd4fa4fd488e3d6609db183da.jpg
0912,./images/0912/03445d2ceb094fd7bd327392e4153cbb.jpg,./images/0912/0078fca2f5db4e35939f499c14f06846.jpg
0912,./images/0912/32ec7332d6994076beeddae855a3b9fc.jpg,./images/0912/4d91a37e4aea49c0b6b419daf3eabf12.jpg
0912,./images/0912/aebe4082a5a24e5f98075633f75cf9d5.jpg,./images/0912/dae5b701fa0342928f29bdb8cbf7c815.jpg
0912,./images/0912/9bfb0ec2b60a43b7a72c96068cbac9ca.jpg,./images/0912/96c896bc03654b32a0e57b6632d9ba58.jpg
0912,./images/0912/a2ab4ae59c99429292cd0e295946ed11.jpg,./images/0912/603aa3f986fc48a8af30b44f972f58c0.jpg
0912,./images/0912/a35b4adfd30c4dcb9468ccd42d69c048.jpg,./images/0912/d2887baaafb74e8aa86ef92c5a86c849.jpg
0913,./images/0913/b77eece1e85d4894af4cba085b6e11e8.jpg,./images/0913/e96492d6aa184324b633831beb5fc647.jpg
0913,./images/0913/95f2aa74978b460a9fa606a74d845935.jpg,./images/0913/67695a63fb2549bbbf895110db8b4326.jpg
0913,./images/0913/ea334d35094343fdbd8c86772e18c0ac.jpg,./images/0913/bb4e39c2f1c742ce9415e3e261bc0ec9.jpg
0913,./images/0913/e4d5c1c2286548c78467a8f56d53fafb.jpg,./images/0913/c24a415a1add42c5b89909a9df84ad44.jpg
0913,./images/0913/698c7f40bbe846fc8f5bc7001c3fae2e.jpg,./images/0913/13f85020c73d4754be03bb8102ce3e11.jpg
0913,./images/0913/32893b5e345f4cb9baa74089928c940d.jpg,./images/0913/2dd929fddbcb4639bb63edfc1dc1542b.jpg
0913,./images/0913/56ea2e2959534ca398e4d6cc60cfe51f.jpg,./images/0913/316a2cb8825546f190619eea4a99f087.jpg
0913,./images/0913/3cd84c1131724c41b7ecb7d22ef1054a.jpg,./images/0913/c23f078e776f49289b0c0525a4a762de.jpg
0913,./images/0913/7e145b76ce5d4b09834fa89467d31ef5.jpg,./images/0913/4d3caf9700294a1581667a271b5aa32b.jpg
0913,./images/0913/3e61325b8939416c8d2880d898152406.jpg,./images/0913/f7da9794d8884952ac3fb98185196b12.jpg
0914,./images/0914/4d4b70da0c2b4ec991accb2143a38540.jpg,./images/0914/2165f8d3956e4fdbb839854264e33057.jpg
0914,./images/0914/71426fdb71c24bd0949693f0dfc7a239.jpg,./images/0914/6ed6235f16284f1081f89e05ebb76241.jpg
0914,./images/0914/57d9e3aa6f9d44cb892b22016d2baf6f.jpg,./images/0914/aa5083e0566444b3abb564f259fb4f35.jpg
0914,./images/0914/c26b0fa7c00c4fb19188ab03a86923fd.jpg,./images/0914/0aaa7d9ebf9a4bb8a5f8085282a0a2f4.jpg
0914,./images/0914/eb96821ff4744581bfd9ee9719fec7f8.jpg,./images/0914/2a09ed01c5314673b60662c01188efb4.jpg
0914,./images/0914/e2c07235947444daa527100d3cfef9e9.jpg,./images/0914/c5b8a724365946edbf9326af8ec2a61c.jpg
0914,./images/0914/8d9fbd451a274d1cb5090ffac8cd6c54.jpg,./images/0914/bd3e5e5380ed4d58ba48a38981239223.jpg
0914,./images/0914/7ca3edef3fa0487c91afc126aff01c76.jpg,./images/0914/7c4614abb8254080b7b9e2a65c54a872.jpg
0914,./images/0914/edc6327a69d145bf97801db5767d1799.jpg,./images/0914/5adb05ca285e4e5e8682355dbb0ef64f.jpg
0914,./images/0914/ca9a643f25954bf8a4d3416ebbc9e667.jpg,./images/0914/6f5457a90ce44585a977f0c5722c510f.jpg
0915,./images/0915/4846ae670ac847be945e84dcefe1cdf0.jpg,./images/0915/504bdc52386d40139789f9fd4208c3ba.jpg
0915,./images/0915/b6f96e42dd9348fc990d8f0d7a39c997.jpg,./images/0915/55d44499e41c4651b0f2f7d68d429d3a.jpg
0915,./images/0915/86fb2972f0e344acac576cbe5e4a9dcf.jpg,./images/0915/d0d7cfba0daf4124964cec85fd3d3f02.jpg
0915,./images/0915/bd411411968a4822bccc091a056d284f.jpg,./images/0915/63c9303ac8b7428a8726df91c725ba3e.jpg
0915,./images/0915/2536153a1fe44a498365c2195dfdbef9.jpg,./images/0915/0c7104191b9241c7af253975d4fcee82.jpg
0915,./images/0915/eafd1a942fed4e21a1d90ca72f468135.jpg,./images/0915/043af9ebf2b4426eac5768b26ed3e01c.jpg
0915,./images/0915/13cd1110a5c34912b96cb1d5227bfe8f.jpg,./images/0915/592fc84badaf44749b643fb9aab2a4d8.jpg
0915,./images/0915/b71c13ed06e4469783119ba190497365.jpg,./images/0915/d33fb611ce09427db4e8229d8f3beb26.jpg
0915,./images/0915/520e5081bd154a9e99919a3345d04e45.jpg,./images/0915/15d30dfd87504ab2a36d11abf83c8304.jpg
0915,./images/0915/0b7a71c8238d40d8ad548cdffeb3e5bd.jpg,./images/0915/4e41edd3d2ad465db98bf19f8052dd74.jpg
0916,./images/0916/c42f0701a54d4be6bfb1fd96f5eabf5e.jpg,./images/0916/c88ca17f2c8945e599aafdecae8a3f83.jpg
0916,./images/0916/e1a19ae67cee449fbcc469e82fb31a98.jpg,./images/0916/304e9f6122c646c39e5180e0619df4fc.jpg
0916,./images/0916/572177a69a694a0ba0da037134c8dbc8.jpg,./images/0916/2734fbf9fd984eec8534961a96473e95.jpg
0916,./images/0916/1721399d8b614e41b3a5a40d57aa69d0.jpg,./images/0916/97b6b62a12de412393c492900b981659.jpg
0916,./images/0916/65fc8e435f164e5fb77fc08281b4cb64.jpg,./images/0916/06cce1482d40493dbfca7bc3b3262257.jpg
0916,./images/0916/a0c4cc37e6fe4846b0b6b48a961b8620.jpg,./images/0916/144cd501e88349b48c3c7ea14efd3801.jpg
0917,./images/0917/dcb23afadf4f49c79dd38c3da0c8b303.jpg,./images/0917/0630c94b3dd9440e963f68422d0000bd.jpg
0917,./images/0917/ebfae89d7d6b4c7b8f42d5e7d8eabd49.jpg,./images/0917/0c2239988d714299a03f2527c1503081.jpg
0917,./images/0917/c72f90f6e3674959baa37e32448f71f1.jpg,./images/0917/9bc5f8a1c08d4f11b59a54d9bb71d0e1.jpg
0917,./images/0917/cf5e3f84e11f4fbd939441842a80ef91.jpg,./images/0917/edbcade9f0154ecd81e8e572c9a2d57d.jpg
0917,./images/0917/3fd12249dc2146cca7f42d45cd749fe9.jpg,./images/0917/6654bc54912e44bab4f65829baefb431.jpg
0917,./images/0917/d396848ef98a4fcd8fef9aca057f0ddf.jpg,./images/0917/01149d79e309403d903e6291b16c4c5f.jpg
0917,./images/0917/e8a0e5b5745043258372aa03e96d55f3.jpg,./images/0917/39700490134c4061bf85d7ad6112ff27.jpg
0917,./images/0917/51b48fa6df624edd834c09feadc47afc.jpg,./images/0917/52facaf936fe4dd29c0c5f944017b114.jpg
0917,./images/0917/d507f895c86c41c9a9145156a4c2c0fa.jpg,./images/0917/b11ab3692b1547fc9bdd8c355216b5b8.jpg
0918,./images/0918/25a660c0d3b2421bb6a74865e5438d73.jpg,./images/0918/934f965232454383923ba6303f65bdf2.jpg
0918,./images/0918/d33b5aadd26441878406d630f1b74790.jpg,./images/0918/bd45d0b9f61749a5826a820e6f893d34.jpg
0918,./images/0918/d57641f502c1450c9efcc51b9465fa16.jpg,./images/0918/b65fa0c2f43b4858a779d4d9c78da6b8.jpg
0918,./images/0918/965f39dcddcd4f5fab1bb18395db2788.jpg,./images/0918/f7159676fd004ff495ea479f09a14df2.jpg
0918,./images/0918/8c9576f771904abab298843fdd29900a.jpg,./images/0918/dd5b52b05750436d9b7799c93a5242cb.jpg
0918,./images/0918/9834724a3ff5499aa9136059599bab6d.jpg,./images/0918/e7e57f70c2f249b3b7cb0ad51df0d1db.jpg
0918,./images/0918/67fbe3314c2f4f2eb20b880bc047cd7c.jpg,./images/0918/ec77014b193140e8bf0a41a938303abf.jpg
0918,./images/0918/f11f4bac57274fc38de4d586f015dea9.jpg,./images/0918/c826fe535a694cd1aa97bb5217420bc1.jpg
0919,./images/0919/c25a9bc7ee184d298a0dc212e5f67932.jpg,./images/0919/b0fa023bb7714aa38f344d786afa8698.jpg
0919,./images/0919/69ebd57f6f3a4801825a8b9170e7d72d.jpg,./images/0919/8304490d469e45b6b35b93b5202adb8c.jpg
0919,./images/0919/7cb41206b7b14411b7c9fa28531b1b91.jpg,./images/0919/cf2c4f5fb0cc414daf7762edd170dba8.jpg
0919,./images/0919/6bb240fe136c48808404950d496cd1b4.jpg,./images/0919/bac36795553f42e0ac1463ef1d355a1f.jpg
0919,./images/0919/31ff838c001e482ebd2feb5860f6826d.jpg,./images/0919/8dccf755cbbd4ec9af01043c15954f7a.jpg
0919,./images/0919/04c0cd6d6d6c4cf985ab83b557ee19e8.jpg,./images/0919/9c14af8e3bd04db9a2ba81233a321639.jpg
0919,./images/0919/f85bb441185e41bfbee835f1884d28e9.jpg,./images/0919/afd24dd7c7954a9aa8161fd6b5f5ca85.jpg
0919,./images/0919/f62c6634ff3743178eae9bcacacd333c.jpg,./images/0919/81f191cf27ca477093ccbf1dea2a6698.jpg
0920,./images/0920/da9900e325744e768efffeade0261ca3.jpg,./images/0920/6371a2664fa240bbb72accb7383ecc1e.jpg
0920,./images/0920/ed855dfd0fb9405cbbdeb7eb455ccf2d.jpg,./images/0920/61a1174ae59744469688682785556e10.jpg
0920,./images/0920/54ae5774fec5415aa77e1cbae242e05f.jpg,./images/0920/48322d3fd06a4935aa0d1ad04f0e1366.jpg
0920,./images/0920/8ecf5bac0cf441ed881a2b48bf181805.jpg,./images/0920/0d001e7f995f4241892c36410770c910.jpg
0920,./images/0920/2488a257090047ba8b26a2f6ad6f5c3a.jpg,./images/0920/8c64fd8d0ed345e8a52781ae3c385290.jpg
0920,./images/0920/0d13899fc2b7472eae3ba3072230a7d6.jpg,./images/0920/9cc4481ae7e54d2c989deb74106437ea.jpg
0920,./images/0920/c3b88d0f47b544728aaf1f8de22b8cdb.jpg,./images/0920/1c3de17af61a4b86be6f6e09296900b8.jpg
0920,./images/0920/5344ca22bac44d62a93d348d43fee5aa.jpg,./images/0920/b7268be0d9a74ce68ce3b21d7f040f88.jpg
0921,./images/0921/13cfb8e881f841f4be92a1b74fe43fd8.jpg,./images/0921/d3cd8ab0cbc74f66a424c3c0a0cdb45c.jpg
0921,./images/0921/05dcbaf1aeeb4ce5a49ee7636e08701c.jpg,./images/0921/70906c9dd1d5497f9353297686802ad6.jpg
0921,./images/0921/364de080195f419fa8fc4fb0761f5077.jpg,./images/0921/6d80611c3f6d4768b2e49cd6115240d7.jpg
0921,./images/0921/614f9dfd59304894a1ae4d6ae9044849.jpg,./images/0921/2b47d7a7e4334cb2aaedaf6b39b04c9b.jpg
0921,./images/0921/43398caeda884692a9a51b795028812b.jpg,./images/0921/6105d442f0794077a4d0c56d74f33af4.jpg
0921,./images/0921/2e8fbdf675004f45994c6fcee79ef43d.jpg,./images/0921/419a3b5434644996b118bbed91debb9c.jpg
0921,./images/0921/27b8b1d0d59a4c8c88169c6481713928.jpg,./images/0921/aedb8e65b1b44d148b4addba1362ab4d.jpg
0921,./images/0921/10bb61065d41455588a6d90e288b999f.jpg,./images/0921/269c4fc54c124e6a80705f1733ae8d57.jpg
0922,./images/0922/573e9073f3ed44b094a3ffbbe8fed4db.jpg,./images/0922/fe8d629c71fd443395d37109c6ad2a1e.jpg
0922,./images/0922/57f6a02ebfaa4340af2adf4d066b0a6f.jpg,./images/0922/36c1edfcda8240bdbbb2f6ac51073a21.jpg
0922,./images/0922/f162918d92ef46d5a7ea1b6e0f155f0c.jpg,./images/0922/571b534494664f83b7f796bde052bf49.jpg
0922,./images/0922/3c08f572aa264552aeff7ed80dc13c80.jpg,./images/0922/b9a57c0d8e6c4799a1448b87ba5d6f4d.jpg
0922,./images/0922/53f93d3383b844848ac472dd75c86912.jpg,./images/0922/4341c068a287460f9eda03937ff82e9a.jpg
0922,./images/0922/6b94d252b54242748bfb2c611bd3368f.jpg,./images/0922/6a9ad8f4e7be47bc8f2085e5a85bd28c.jpg
0922,./images/0922/c3cc03928eff430c817b8f8138efaee0.jpg,./images/0922/d02e7086dab140c69b0e585f0edfcf31.jpg
0922,./images/0922/f7dcc868e74444dcb5e7630e5251fa1f.jpg,./images/0922/78765bd55e9a4ec7a9c5f5590a36b386.jpg
0923,./images/0923/17fa20759d984b82a543fca99acefe06.jpg,./images/0923/ee041ef551be41679608c5cd4d7dc1bd.jpg
0923,./images/0923/4098164ff9374764aae0f772707f7908.jpg,./images/0923/e6d9478797bc4af789f1f53f9c62824c.jpg
0923,./images/0923/792bbdad4e8f42929f600c91464ec17d.jpg,./images/0923/4db1be214464430cb828b4a4bc0be522.jpg
0923,./images/0923/31a373b4fc024abb8d7741e90b608309.jpg,./images/0923/5bbf247178b5441dbf379a948b13f04d.jpg
0923,./images/0923/38db603966aa430785871280fe60882f.jpg,./images/0923/bfa0582042b34f63ac5683cc5dfb292a.jpg
0923,./images/0923/14b4b43064a643ca9bac0c31e8d1e6d5.jpg,./images/0923/ce771721d0f24417a8a5eebfc86e3f67.jpg
0923,./images/0923/4ee10705d41545cf8da56efa75c0d820.jpg,./images/0923/3e15fb50e8ab484aaf33e8709e4851dd.jpg
0923,./images/0923/294eee23858a48428d70d28fc434ddaa.jpg,./images/0923/b6228340bced447da0e213622e6fe332.jpg
0923,./images/0923/b32d06892d6b443ba896388f034dd326.jpg,./images/0923/2dc9f33a6a44411197e1b59d88797365.jpg
0923,./images/0923/80f2cec05e4545c492678921412f036f.jpg,./images/0923/4b6a0217540f46abaf8387c08fcb8cb0.jpg
0924,./images/0924/69dbeb8ba2184fccb083a123fe461348.jpg,./images/0924/1b5ba4253b93421b9df2e1654f3b524a.jpg
0924,./images/0924/e4426595fe1e4eabaa89b667de664f7d.jpg,./images/0924/24b91e9a940a47c890c600617ade4e23.jpg
0924,./images/0924/2f1eda131de34751bd1629f413cb1c2b.jpg,./images/0924/745921d60df144c9949f3c2d05aa62d2.jpg
0924,./images/0924/01fdeb49e5c443e782c2626cbf0d0799.jpg,./images/0924/98aa970a1bc54d17a2f4c360c5904fde.jpg
0924,./images/0924/55fe3936c21e4b5ba2e83528d7e5e366.jpg,./images/0924/7573cf6b8953487eaf500b2615caf8d0.jpg
0924,./images/0924/b58e94a6cd09410595dfa01e1615c539.jpg,./images/0924/0f884c75c8f14d84b01bca102572d37c.jpg
0924,./images/0924/83105b2943ae4fbea4f83367162d973c.jpg,./images/0924/caab061227554244a5f837d02eb020fe.jpg
0924,./images/0924/50cf03251ab04cbbac23627ea1f1d132.jpg,./images/0924/22306ae16edb44b2b3df16d90b824363.jpg
0925,./images/0925/1b513a88ced14ce19f2268c387f00184.jpg,./images/0925/c87ea3950289450a95c29772f62b6ecc.jpg
0925,./images/0925/d14ca095c9444d4399449f837e4f2492.jpg,./images/0925/bf1f704b36464bd182279be645b51861.jpg
0925,./images/0925/23d4c25784e341a58106278c730a4e0b.jpg,./images/0925/4205e8920a1d45058c038b9d61d71cab.jpg
0925,./images/0925/a9dfc7023077478580ac8a32b94dd4e3.jpg,./images/0925/b4472e21b92d4c199e6224407d809009.jpg
0925,./images/0925/919a0c184258447ab5532d1dfb846c3c.jpg,./images/0925/d93d8587aa654b99982dae4b60bbc46a.jpg
0925,./images/0925/b90c417b753e456fbca207cbcd5d299b.jpg,./images/0925/07dc154ef8f64f21b44e34504e363f6f.jpg
0925,./images/0925/3b1157c74f1b48a79859d5688bc85ab2.jpg,./images/0925/6e99446cf00d4388bcc843f295d6735e.jpg
0925,./images/0925/0a11296cc49d4445a46aa9605ea373f8.jpg,./images/0925/85bd489275d040efa30ad38d0fc9e6ac.jpg
0925,./images/0925/d04fa56c50d545618861d19c88628e1d.jpg,./images/0925/0efbe5196a0b4b43a07ad6e091dda6ed.jpg
0925,./images/0925/c7b734120fae4303b838f69dc8ed721e.jpg,./images/0925/35fbd3831db549a6b158526843eb94c1.jpg
0926,./images/0926/0e607a1d388843c8a01268747bf0f56a.jpg,./images/0926/baeb7b5990cf4f8c9bfff0fe9437ca91.jpg
0926,./images/0926/748022abe486497981808122a3935e89.jpg,./images/0926/252996319e17455bbf0989771373ab43.jpg
0926,./images/0926/e6a162d715b044fe8e9a2c49707e197e.jpg,./images/0926/422eaf744e9a4404b5e8599955c1110d.jpg
0926,./images/0926/3b39822520d6446fa38c071be0b50ebb.jpg,./images/0926/1e5308e4170745d0854ce403a0a4fb7b.jpg
0926,./images/0926/5430ca68c6af471994b029d60d2f5681.jpg,./images/0926/5d3ec73c3dca41a99e3b640def92c0da.jpg
0926,./images/0926/40e798bab45c4a25951ca5656b7221cb.jpg,./images/0926/745e779542c842c8bdd1870646ea003c.jpg
0926,./images/0926/eba77f05f082419484b2dd534069c603.jpg,./images/0926/dd2c13ca59584016bcf39ac7792c5d63.jpg
0926,./images/0926/88cd420f9d264840ba28319442bdb87d.jpg,./images/0926/ab8bfbf1e4304fce9c7d1247b8a61efa.jpg
0926,./images/0926/e8906b7aca22496baf40d9b2fa42d4bd.jpg,./images/0926/b8cd64c221144135addf7b1ff60a35b5.jpg
0926,./images/0926/ebdf9ec919bb4104a6504809a12369a6.jpg,./images/0926/d11e6c133b2a4c5193a8313e5a7fc3d4.jpg
0927,./images/0927/c1b1bcd9d57d4be8a05adf135f4866d2.jpg,./images/0927/d0294607836f4eac97b572ddf975dd07.jpg
0927,./images/0927/80ff0da14b3a4caf812594501402791c.jpg,./images/0927/0f925266d0264c62ab2282008672562d.jpg
0927,./images/0927/087bff5291f74b0c817df215c08c71e8.jpg,./images/0927/b992b8fdae9c4375b1589764ba7bd83c.jpg
0927,./images/0927/17d27bc791564e0aa2160abbc4d89c7f.jpg,./images/0927/d76bd56c7a3f4e6394eedcf0f55ced3c.jpg
0927,./images/0927/6d4cc111f71147dca4fbd2dcbe39b4cf.jpg,./images/0927/ecc304935f354f3495d7b8322260f963.jpg
0927,./images/0927/ce43327ac27b41b787f4167cbb512d28.jpg,./images/0927/70fe62cf05b1470f83f21f30735f9476.jpg
0927,./images/0927/8c6724ba936247c28d14716379128f36.jpg,./images/0927/0039ce66310a47099456fcf7c61c8b12.jpg
0927,./images/0927/267ce197cc804d9d99ef6f9af34fbecf.jpg,./images/0927/c5123d2d2d17433db812150f7ec8964e.jpg
0928,./images/0928/21104f1a982f4102bb82e7f33c533ec8.jpg,./images/0928/8a4243a4947b4b20b78d84fe15b04bea.jpg
0928,./images/0928/31b77f37ccb648109469549b3e19b229.jpg,./images/0928/dfc601f470f44228a76216bcd27b4f08.jpg
0928,./images/0928/825326704e2c45e889797965da2ba0a1.jpg,./images/0928/7a038f5202c04560bc27e371a40e85b9.jpg
0928,./images/0928/d9623c9a50984d08b3d29d55be6968ca.jpg,./images/0928/4b115c11ca994eefa867175fb9f59a06.jpg
0928,./images/0928/3cdafb2f06914ec896dfe1c49a81959a.jpg,./images/0928/a409d9f081d24c86a2a28e1aebb713ea.jpg
0928,./images/0928/177b3f1b2d24499daaa0f3a8c5866c06.jpg,./images/0928/b74a510cb94649cba28225bcfa744007.jpg
0928,./images/0928/06beaa1ed31d4721bfced3064d4b2c83.jpg,./images/0928/4c291f617ef04afbb7c7f141cdb580cb.jpg
0928,./images/0928/82d7bc02762e47eabc4956d0f9129ff7.jpg,./images/0928/9023ac70cc774a0f8abd6655fd3524ec.jpg
0928,./images/0928/f4db0daff6984a92aedc414146ca80e9.jpg,./images/0928/750826c358754cdba83355d7ac338d84.jpg
0928,./images/0928/312a8ea7b02f43ee86ebba89844c7ad8.jpg,./images/0928/f79b028e7a38410fabf61ca4c7db0a8c.jpg
0929,./images/0929/a487a5fdfbeb4f9a8473fb3732326102.jpg,./images/0929/84781cd8d06e49689be025a1aaea7793.jpg
0929,./images/0929/5aa5aa578e8245bba8b6d7752f825261.jpg,./images/0929/2e98664534ac4258b29ef03b589d0a58.jpg
0929,./images/0929/182260590d98471cadbbbe9a8b311a2f.jpg,./images/0929/23e9ae3f21664ce689e293bf4508ec0e.jpg
0929,./images/0929/38fc4a4bca1e4025b87c2db7a8a5c7b5.jpg,./images/0929/9016a402885b4d2f8b2ddba5784adb9d.jpg
0929,./images/0929/eac1aff8144a4fa1ab7496c2f64ca7a8.jpg,./images/0929/94cdc025839541178a47d995c29ba719.jpg
0929,./images/0929/0722885d71a64f6288cccfcc46dfa9ae.jpg,./images/0929/cb529fa9e25246a38ed12e4638eafe61.jpg
0929,./images/0929/41f6802224b94c008101c7c23d32da20.jpg,./images/0929/7072595898364872a6a6d311c6a3e6ac.jpg
0929,./images/0929/2d98e7af9e3b40af9e9cd48b2a936330.jpg,./images/0929/f89af57eab834fddbc1d55bcf1e2dbda.jpg
0930,./images/0930/54945713356f4040a34aca1110b4c9a0.jpg,./images/0930/52d5b1341a8d49c599c05164a88c387c.jpg
0930,./images/0930/0e726479f82d498d929dd5bb8b3ae3d6.jpg,./images/0930/cc5c8cdf2a1f411eb9b090f867fd3323.jpg
0930,./images/0930/b66f90e44c404bbab1a6dcfde7c1591b.jpg,./images/0930/7c6fc7760c6f413c96f353bddc772d0d.jpg
0930,./images/0930/adf854deafc24dcda6d6cc76460c99e8.jpg,./images/0930/14a1ee262af44ff38c966e3044488fce.jpg
0930,./images/0930/f43d3cfa1c2545139483537e86b688cd.jpg,./images/0930/819ef083e2c54479a9ae00991eaac1f7.jpg
0930,./images/0930/3852602f4a00419c86aa358b48e20502.jpg,./images/0930/be54ada29f6147f3bab93efbf8656dd7.jpg
0930,./images/0930/b52e71e71d5c4ff5a0046dd3b4d0e9e8.jpg,./images/0930/a17e9aefce54448f9ecae31c2ccc82cc.jpg
0930,./images/0930/29cc4a8207a04ba7af31f262232c0f44.jpg,./images/0930/05ba475fb308482bb00335568818d8d3.jpg
0931,./images/0931/403faf5b42034bcb9fc9a3eebbb29618.jpg,./images/0931/74c204958a394e12ab5a9aba669fe39f.jpg
0931,./images/0931/e3d45c5d4c8147acb8935a5072302225.jpg,./images/0931/e5beb0bfd1494010a1085982b1c6b9bb.jpg
0931,./images/0931/58ab7003900643729103c0ac4ff7c195.jpg,./images/0931/434f896cb107491f9f2374c2d906130e.jpg
0931,./images/0931/25d852a73e0940d68964930fd38a0ca7.jpg,./images/0931/9b605ccf4a4a41f3a69f79850ab93c1b.jpg
0931,./images/0931/29ba36cc84554e04a78ebffcad28573a.jpg,./images/0931/2a73895424434138986555d966b28da0.jpg
0931,./images/0931/95d22939d9734678b1b5472ca9cc78d2.jpg,./images/0931/118857a41d92477c87c045d4e192d9fc.jpg
0931,./images/0931/5de6d204dbf44437b964f47c511e895c.jpg,./images/0931/66bc4ae2d8e746e1b97a2d0bdd1fc44c.jpg
0931,./images/0931/7a72d9bebfc34790ab0f28084dad32ec.jpg,./images/0931/b6295ef3661a414fa0ac11088ea5e620.jpg
0931,./images/0931/36ff626b2db04519af5950797eecf41e.jpg,./images/0931/32f02f542d534b6e8c1ebece4121279e.jpg
0931,./images/0931/d4e3a28a240348e781ed22efb2d4e09f.jpg,./images/0931/5ab9d5eadc9643ccbfc856c92625c6de.jpg
0932,./images/0932/5ce67b04f89448ee9bf56563804d567c.jpg,./images/0932/080ec47dbe28470884dc85b1877f8ad8.jpg
0932,./images/0932/3b4acf92646b425eb17d8a59b5344629.jpg,./images/0932/90c5918641a34323a0a635eea82fd10d.jpg
0932,./images/0932/10e41ea367854480828aa519a75ae7f1.jpg,./images/0932/d50f0a751b8248499aaad535da1f8389.jpg
0932,./images/0932/ea81e1d7ea064fd1a261f47fea5ecff1.jpg,./images/0932/394543816f644530b468375ceae3038a.jpg
0932,./images/0932/a3eb3612ebd8419c964de49646c51ec5.jpg,./images/0932/999b1e82672c41c2912138a9cac47579.jpg
0932,./images/0932/920aabe240be4e16b01aa765ea10a47a.jpg,./images/0932/c8d5c848066948aa8419ff554e4b2722.jpg
0932,./images/0932/93c4aa91297b4a13ba50ecdfa4c1657c.jpg,./images/0932/933d48fd26a542ad94972dbe06de0f06.jpg
0932,./images/0932/55d49ab2440e4b3799ecc5519e15dba0.jpg,./images/0932/fd83c1f0f2414e2bb71605694bdf1d8c.jpg
0932,./images/0932/ed2717fdcd88439fa0bd1260ce47d9d1.jpg,./images/0932/5540663e588546d8a32982624b380209.jpg
0932,./images/0932/287f02266c0643c8a55a6440b90e376d.jpg,./images/0932/0e83133dda824c2d9df0620b7156f390.jpg
0933,./images/0933/b75b996098884c2fb97910d8d7fb51a7.jpg,./images/0933/586a9eaf01f14ac78b23673bd07a870c.jpg
0933,./images/0933/c1daa810fb3741388c48a9119deddfd9.jpg,./images/0933/f706f4965de04f8b8d9521a1860093c2.jpg
0933,./images/0933/8e73e3a4326847239f38956fc94387fe.jpg,./images/0933/668a49287b314f5389fdf02bd3912a1f.jpg
0933,./images/0933/3bb2d40e0af24e3e96c5b7588f0b9791.jpg,./images/0933/a6bbe8c1cf574c15b7be545eb1bedaf6.jpg
0933,./images/0933/9de2b41fb82d4123836dd88eff73e320.jpg,./images/0933/1ebf2bdeea0246c683cde51f15d88861.jpg
0933,./images/0933/0b7b1f782ce647b080a98ea0e937568d.jpg,./images/0933/2c2963d62a2549248a77c5eb5fee2306.jpg
0933,./images/0933/da6cecf7fffd4a558289123c9af47a31.jpg,./images/0933/10654de2ce144ca6aff4c5a3b2bb8508.jpg
0933,./images/0933/d46f4acff71c420d82eef4a2dce5ec7a.jpg,./images/0933/7b85071accc548bfaad5ccb63ec5372b.jpg
0933,./images/0933/b74c5e1969b44c7a8caca3a2021cba3e.jpg,./images/0933/472af20a63374d18a2e9d198ee80ee0f.jpg
0933,./images/0933/1a23327289b341e1a7e8115047a081de.jpg,./images/0933/6438073620174dfe8437d29245da440e.jpg
0934,./images/0934/ab41dbcdf6214299bf03f64ecd1413d0.jpg,./images/0934/de1c3b0f595b4f938a9394e36b84f2cf.jpg
0934,./images/0934/2a4fcf718f7548318d8d1c341591a260.jpg,./images/0934/a756907b2ef043cb825cb5317edba7c7.jpg
0934,./images/0934/dbd81bbb08c945a6b763e30046adab93.jpg,./images/0934/f1d020cad3bd4309bdcd3b2e0cfa8523.jpg
0934,./images/0934/32a0bf4a99754e03818d8c053163e76c.jpg,./images/0934/47ad5f717a524ad7a0d8c731596ead08.jpg
0934,./images/0934/449e15e4a8764213a2b49ce51cc6f3b6.jpg,./images/0934/5716339d08ce4741a8c89dd864c6cc2d.jpg
0934,./images/0934/f7b6921858d24998b8c06f87eb975ea3.jpg,./images/0934/5f5acf8386a2431cbc1c126b28f3b9ef.jpg
0934,./images/0934/d44c22fa342547b68b4230635ac7aaa5.jpg,./images/0934/82e7718dc064474f8df10e135b4f764a.jpg
0934,./images/0934/7ec50f02f3e044f98dacbe5453c7adf0.jpg,./images/0934/2be1151154814c2d84787bd28ce3e45a.jpg
0934,./images/0934/bb8880e4b5b74e0cbfeaf193694fa920.jpg,./images/0934/15ef182f30744c43b8d5d665b5f7edce.jpg
0934,./images/0934/793d94defc334a09aa5215efabfd1b80.jpg,./images/0934/bcc029901f7341cda6f8417b90cfdc5e.jpg
0935,./images/0935/85d267dfb76a48de97dc7157922b90f8.jpg,./images/0935/3c5319f397d94ec7aafaf2c06ef19a84.jpg
0935,./images/0935/524aeba1beda449aaef709b5ea8c53b8.jpg,./images/0935/3beb9f613c0e4e6c9fc926fa7885e8be.jpg
0935,./images/0935/550cbe520cec44c7a90dbbe6785e230a.jpg,./images/0935/db57718f09b0457e81e86a962f0d51c6.jpg
0935,./images/0935/b2dec173ff124b459d3b35d0f13b1050.jpg,./images/0935/74dc89c8de294e968df1fb3942338d1d.jpg
0935,./images/0935/5b6ef188671042ec9052a192fa930c66.jpg,./images/0935/cef689e6352a4e2284e0d75953699590.jpg
0935,./images/0935/5f9ebd55e0b74c9cae01a255bad5ef27.jpg,./images/0935/f71c2725b7b94ee88a7758c5dce2b21b.jpg
0935,./images/0935/5ec0a218f01048b2b25396013c727f77.jpg,./images/0935/3c5ba90e97f94213bd3c4a36085c5373.jpg
0935,./images/0935/023f282e6ab44d0aae36e77900c9e71e.jpg,./images/0935/c6606b2bb7ef4517885450cc8cbefee4.jpg
0935,./images/0935/01f6d2022368434aacc21db2a6ba4fc9.jpg,./images/0935/51fa967738384379b5637ecbfd8e0f8a.jpg
0935,./images/0935/fb239e3bc1b445db87349fe30de3df5b.jpg,./images/0935/d819dd745d73493ba11441a63773668f.jpg
0936,./images/0936/951f044e436d493e86b59777f37ccbd8.jpg,./images/0936/1095370d427749e0b838b0da6447c83a.jpg
0936,./images/0936/2654f8dae75c460b85ca8f35f02a65db.jpg,./images/0936/8420b940b9ce4c0f964ca17a91044374.jpg
0936,./images/0936/dc8e4c11758d4fd29cd7ece7151e5374.jpg,./images/0936/9370f59ed4a74b989c60db942ae93551.jpg
0936,./images/0936/583b52f002e940acab958eee92b9a560.jpg,./images/0936/aab31a4f932e497a886a48089eb6f9f8.jpg
0936,./images/0936/910be134afe8419690d4d6ba117a832b.jpg,./images/0936/5749d72a8d8a4d9891d71a370427e85c.jpg
0936,./images/0936/36d3e527ede34d1896f30b9b949fac6c.jpg,./images/0936/1d402d028aa944d9b8facb11afd8e7f6.jpg
0936,./images/0936/6d9c9f71d1f44caf9869b62e311c3447.jpg,./images/0936/f810d35971fb4ef5ae6d3d840f981d70.jpg
0936,./images/0936/83535e336f6e4098ad71789814886406.jpg,./images/0936/e4ecc46cf6ef4246a38dbcc3201e2f7c.jpg
0936,./images/0936/0871218ed4454d49998587f81d266e5f.jpg,./images/0936/967f09da867d43908a3d695f0f6ca4f4.jpg
0936,./images/0936/24a0547dc01b4c2e9f570d802d9d651b.jpg,./images/0936/1f8683cad5d741f5ab08de0c2e78cafc.jpg
0937,./images/0937/8ae7b086b29c4ea19446040e094ae249.jpg,./images/0937/35a93f70343743d68df4de0efc113853.jpg
0937,./images/0937/f992c7954ab647fbb5f78eb7d533349b.jpg,./images/0937/360e98518b864ac0a4c9d7306ee9b59a.jpg
0937,./images/0937/d336b35f7c3d42c080e7b174b62f5caf.jpg,./images/0937/e3d097ac54a24b5885f3ace42662cca4.jpg
0937,./images/0937/32c5f981ef65425ba7cf8196f8841106.jpg,./images/0937/9bef4afc34fc4162894f15a6b332485e.jpg
0937,./images/0937/f845a6205e1047e896278f2fad8a69cb.jpg,./images/0937/caf4b6a7d5b1430296ae002957b6de4f.jpg
0937,./images/0937/05395c6532304a82a79fbed9e0369527.jpg,./images/0937/a24c543e34c4438895ae4de144f07f84.jpg
0937,./images/0937/456104da7eb14932b08f6345a26aa4d0.jpg,./images/0937/fae38989dcc348519bc18b51040aa0bc.jpg
0937,./images/0937/1ab5c551718940c881fd21212942ad95.jpg,./images/0937/d245bc045c414d02b0c2fe9d586bbc8f.jpg
0937,./images/0937/8204a4b8629a4c9cbf3b2cb13b9c9a26.jpg,./images/0937/13c74be8561f42c4aaee07ff70b13c78.jpg
0937,./images/0937/c7ccd81b00144a30ba241b9ad731718d.jpg,./images/0937/cee0c172548b45bbb5fcb21f81831e54.jpg
0938,./images/0938/583b657c20684a5da73e96c2e5530e23.jpg,./images/0938/2ff11bb8f7df4526ac53895f8e31b4af.jpg
0938,./images/0938/ef9452ee5e5044eb9c2e35a84081bf58.jpg,./images/0938/77e7f679d37c4d4997dbf319d6e4bfe8.jpg
0938,./images/0938/b365a854736640f7aea776a7a5737983.jpg,./images/0938/4331b93e691c48a4b05d9cecabb777cc.jpg
0938,./images/0938/0b2fea69f75644fdade11f24d53b9c58.jpg,./images/0938/57b2794f389f47d6ae36a491320daa8d.jpg
0938,./images/0938/d7d5f925d172493197b793fb4e673e67.jpg,./images/0938/c3eac44e134d474ca7d154665caf98ff.jpg
0938,./images/0938/4e36f4d380f14cce96fafbcde205ea68.jpg,./images/0938/e550377d9b0b40ca9cde949651d9684c.jpg
0938,./images/0938/622bbf1f1f374716bee41b9ebdf7702c.jpg,./images/0938/696921029af34c9688e154fc3dcd2f96.jpg
0938,./images/0938/c55abd281ddc4e598dc4f38bc2a21b10.jpg,./images/0938/b0bfca124beb41ffa6803bd11aaa82d2.jpg
0938,./images/0938/0f62aee86f464ad5ac7fd8587305b1b2.jpg,./images/0938/8650cf14a69c440aae2590f6f5416e98.jpg
0938,./images/0938/8b055ca3190f46f59b88f295daae37b1.jpg,./images/0938/e6d77d63535f436fb307d521206baaa4.jpg
0939,./images/0939/1a11ab4ec9d44f97a4e4a0fadb04dd39.jpg,./images/0939/5358ff2d85354e1582316778c5095e21.jpg
0939,./images/0939/4babde490ffa417aa8902c271ef8294c.jpg,./images/0939/e6984b04a2314f2a93b78beb97ed8f99.jpg
0939,./images/0939/62e1c0091b8f4ad1b576bcb7b36a1835.jpg,./images/0939/fb449dc3956b4baf895235a7e50a5e10.jpg
0939,./images/0939/82965869705246ffa8aa86ff28d3f72a.jpg,./images/0939/5c2808a7c30241418a921aa242ebbcc7.jpg
0939,./images/0939/0dbe0f5c28df416483487b029777a3bc.jpg,./images/0939/2bad94220af746518713c1e3470e650b.jpg
0939,./images/0939/f7d367f9f2c24d4797fe81a3d0ded2f0.jpg,./images/0939/0c8a4c4a8a744a989cd0f2683fe7979b.jpg
0939,./images/0939/a7a84ab4404e44d2a1d0a996b1d09356.jpg,./images/0939/cd71fc4356af47bd907e2aded0423095.jpg
0939,./images/0939/a6da2108d81f4e5286d4ec7b1119941b.jpg,./images/0939/12149b04cdaa400799f7b187f4471e4f.jpg
0940,./images/0940/2994ef06d3ff46d18ab381f446dfbb88.jpg,./images/0940/cdcd13a22df74e30a0a38bce2cba3e8a.jpg
0940,./images/0940/ac5b92e300f142129af9dfac39d36333.jpg,./images/0940/2b31803436204bb1a41695f98256012d.jpg
0940,./images/0940/4780817d53a744388659efdf1c9a2831.jpg,./images/0940/a5188adf9e34442dabb0876dba9ab293.jpg
0940,./images/0940/f7d3c0ac1726447cabf815c9db3ee121.jpg,./images/0940/98ac793d8829436980c50414265ddd65.jpg
0940,./images/0940/c5a442de89c74f5bbd515df93c3fbec0.jpg,./images/0940/b15821d776ef4b5dadc85eed8c1cb75d.jpg
0940,./images/0940/ed553a38b088405e9d2273a8df7ab5f4.jpg,./images/0940/31175e5152414f168f5030ea3ca19bb9.jpg
0941,./images/0941/0c3c8863c758478f9633ab6c71e3c238.jpg,./images/0941/3fbc8c9f8f26443c9af39d11fe551aa9.jpg
0941,./images/0941/f0415fcf39c04767bab84f52de22dae0.jpg,./images/0941/33f33c500f8f478e8ab47169bbdc08a9.jpg
0941,./images/0941/92a2a498b35c4343860446c1da836c0b.jpg,./images/0941/06d5e5a211b4491cb522eff6348ff656.jpg
0941,./images/0941/c95d1d89ac2145cb85180089fa729830.jpg,./images/0941/1dd6517e281e4a7da5265d50531a4772.jpg
0941,./images/0941/82be02cb545c4a5291c269e218e2c9c6.jpg,./images/0941/a078188788da4b63a98ba05edd48edbd.jpg
0941,./images/0941/f1cd04a0ebdf4fd3a77abd7cf789d13c.jpg,./images/0941/0e69df288ff744d5ad52a922de2da12f.jpg
0941,./images/0941/1ac7f996b7e94b259ff6cf82bde104d7.jpg,./images/0941/53b71ba2acee4f829f35ded2779d7289.jpg
0941,./images/0941/5197f97ee8594da589e6540ac2095c82.jpg,./images/0941/4b9d1aabc50a41b5bc0e8e80b9bef7b2.jpg
0941,./images/0941/d0b1e4d29ab3407585f2a1643b795929.jpg,./images/0941/077891a0649748758288991c1a8edb20.jpg
0941,./images/0941/d1eaba55cae946a1981b39f2e6def5bf.jpg,./images/0941/babadd3417614692b54b508f87ba0d9f.jpg
0942,./images/0942/a5edae41db954c97bd50c96d5fa4ef9a.jpg,./images/0942/b5e4e204e6d2448093213bc98e40a9f0.jpg
0942,./images/0942/9fae6733f155418e9f61b379fd70d21b.jpg,./images/0942/e98e6a5ea5ee4d3080152d67a69884e9.jpg
0942,./images/0942/19c7d03a98f7481389ec66e41c092663.jpg,./images/0942/fea35cba558d432a8f868109fe46d371.jpg
0942,./images/0942/88fbe45111e24f73966cbba48f972aa7.jpg,./images/0942/38e473299dd14d9bad679e6cbaeaca37.jpg
0942,./images/0942/6ebe46bb1fad45168506d2c95ef0fd65.jpg,./images/0942/2f89a3e232fa40d99ee2aa5d7d23dca5.jpg
0942,./images/0942/5e8895de264b4b388e8474ce73b64912.jpg,./images/0942/731267b21f4d409d95d747cceb2160f6.jpg
0942,./images/0942/c6a0209e5f62449fab046a792827db39.jpg,./images/0942/c4c31cc57a5b4810a0a13bbd193d4141.jpg
0942,./images/0942/e78bbeceb67643ef8814457f8b95a831.jpg,./images/0942/2510c5b1d6524a97bab305876a30945a.jpg
0942,./images/0942/d58bb22d6a7c4ffcb351545ecbe69725.jpg,./images/0942/ed29d0c2159740468814d8c19b72c3d3.jpg
0942,./images/0942/e36cc705ef8f4d67ba0d6b9778b6023e.jpg,./images/0942/fbf4d6cbe5234e8d8055e07dbbc7837d.jpg
0943,./images/0943/ba20685e812f4a6093f05aa7ee9a7fff.jpg,./images/0943/0023153851eb40ba80a170e8e3239d13.jpg
0943,./images/0943/7800d85af11447198f4054aea96e710b.jpg,./images/0943/03ddea0e30e1408aa840ff180b6e50c8.jpg
0943,./images/0943/d01dc7a6534d4445b6c183560d6f0e9f.jpg,./images/0943/a890586069244e43930d5a8d811bb536.jpg
0943,./images/0943/a605573f9d3c4d198a2bbefb92fdaaab.jpg,./images/0943/6e72c5faea9d44869eb139d373e1f2d5.jpg
0943,./images/0943/54d3e1ce91f94349a86e12b9ed5ff29c.jpg,./images/0943/3402cfd0afda4d19acccb622dc46274e.jpg
0943,./images/0943/e04abf9d7cad4dc892f8bac008ca2566.jpg,./images/0943/12e63ec9a58a4dd7b7c8e7b57376c0f3.jpg
0943,./images/0943/05ef3e7eb40b48b78ef8cccd2aee2385.jpg,./images/0943/5d8497585f1c4af0a3407785cc40385b.jpg
0943,./images/0943/ea10bf88aa3844bab1e70c04dd637da1.jpg,./images/0943/5ab7425485cc4741bb659e0bf9845541.jpg
0943,./images/0943/aea28f781cbe4c4fb01a01afc6d1b69b.jpg,./images/0943/ed5d3d00c44042d9a0cfdec5deb1e361.jpg
0943,./images/0943/d11c7790c4c34abdac95b2bfa38b32d5.jpg,./images/0943/212392d0bb5940c38d65be0ef32bb157.jpg
0944,./images/0944/9c8aea3b35d74b00ba03a4977f4f8022.jpg,./images/0944/63eda4fe4f0746a48acd7604d469dd91.jpg
0944,./images/0944/2dc4592bcf66452989bfb91c68ac2ed4.jpg,./images/0944/9c7eb9c6d84c4b2b9e9723c878c9c9d6.jpg
0944,./images/0944/386e9a4dc4cf427e8820af7ae21409da.jpg,./images/0944/3aabd62a83dd4ad28253409329ed1f6b.jpg
0944,./images/0944/f5a2a1e962f64936bebbba0ad78fdb6e.jpg,./images/0944/21826e4889dc480b933e07c600e096f9.jpg
0944,./images/0944/a8dcde590e074b9ba39721e5ed64e7c5.jpg,./images/0944/1d18a5fa949d4c5a8a3e57126d84befc.jpg
0944,./images/0944/fc70c26271ce46398367d51677039a8c.jpg,./images/0944/dd242f548dde4d079e466001fc4ff8dc.jpg
0944,./images/0944/d2caf23254fc4515b5a4e2e93e3257a5.jpg,./images/0944/a291eed9a129441182adf41637a6d2cc.jpg
0944,./images/0944/b8c8aebf8d9049b58ee9936f08734b72.jpg,./images/0944/860ec25888d54676b6fd01671ffa6b2b.jpg
0944,./images/0944/65680b6cbbc24461b5f3a5ec7b4dcb12.jpg,./images/0944/d3b7731e3407418c98753bbf461db4e7.jpg
0944,./images/0944/c0d2cdcf9c4d431bb768988f61a1a4c8.jpg,./images/0944/13346d4dbcca4db882d711967b2e5789.jpg
0945,./images/0945/63064c37ba3d4e0fa060a8be47521aff.jpg,./images/0945/578039d5dd79472ab36ac604305d8b55.jpg
0945,./images/0945/37b7d629b91741ef9cbb3111811a8085.jpg,./images/0945/95f40274340540a282f68686c53c77b9.jpg
0945,./images/0945/3b981e81b81641b6b95099803b4655bf.jpg,./images/0945/f64a84a87c784fb8ab996e40389d892c.jpg
0945,./images/0945/7a080a72857e4390a307e1e1a6d3786d.jpg,./images/0945/5cf8ad4394a24350aec5af5d829a0daf.jpg
0945,./images/0945/f260f71c334d4bf0aa0a2f6a137f2783.jpg,./images/0945/7d932692aa974e8d857c6eca337e82af.jpg
0945,./images/0945/1fc23e1bd7514a88bf6dc2ee1b927b4a.jpg,./images/0945/5c9aebd338ed4b399f09644df13ed11f.jpg
0945,./images/0945/7812ad58087d4c4eaec50b270afa45f6.jpg,./images/0945/fcba48f6636640e5bb702a267f38b112.jpg
0945,./images/0945/652950234f1447cab7b621d800260d90.jpg,./images/0945/ec85c205d5354288b3d9cd02bb6a1165.jpg
0946,./images/0946/d14b02fc4b2444f8919c5b9683515da7.jpg,./images/0946/2b815f92edaf4e7ea6fcbfbc381496f9.jpg
0946,./images/0946/9511d330ff454217af303807b3de61da.jpg,./images/0946/5cfaf4dced624d15b05c6395569729ea.jpg
0946,./images/0946/fe99031e4aed45cc89d5dc9c2d378495.jpg,./images/0946/293134a106814fb4b840237e9174047c.jpg
0946,./images/0946/8f64e0bcf8d84fbeb828037315d0624a.jpg,./images/0946/fdc0ba8272274029bd30a9948ee353f8.jpg
0946,./images/0946/182fc86e2da74d6ea41fb5ac1b92e2d5.jpg,./images/0946/e57d9dc5027542f6bd11b80eaa698823.jpg
0946,./images/0946/3b671725ec0d475486ca998d23f8966f.jpg,./images/0946/b9b1feeb5c044be1b7af7c06bf11558d.jpg
0946,./images/0946/79329dbcd59a4abb8cb5499275821da3.jpg,./images/0946/c6e4190793d0495ab947c6f8158eda62.jpg
0946,./images/0946/42eda7995c154bf09743bc604f05f421.jpg,./images/0946/5e4bee78f9ab417dad5b96585fce6a5a.jpg
0946,./images/0946/1d11e4a80c0348d19d6446c0c02425d8.jpg,./images/0946/844fbf693368430986ca623a44523752.jpg
0946,./images/0946/0b9b22592054496db3225473e4f75024.jpg,./images/0946/b54b3351e5f944e6a2a45f0de92e585b.jpg
0947,./images/0947/e722b3f8f45b442f88b89b3d7f2cb8ea.jpg,./images/0947/268b01fb830e4cac9fc4b9133064f061.jpg
0947,./images/0947/4f025a0c025a40b892d99f3543f55c6b.jpg,./images/0947/6fa0e66fa66b4f059123a0809967f346.jpg
0947,./images/0947/6c22291dd44c4b518e946f5cca724aaa.jpg,./images/0947/4267c1b00d084154ae43585eaa5cd6f4.jpg
0947,./images/0947/c7c1f9c7744e423aac0c3445a44314e4.jpg,./images/0947/03fd102cb64746279f59b32adb356846.jpg
0947,./images/0947/b9d2175ee4504366a6d9a0cfed4c6601.jpg,./images/0947/ebb42b82c96441b592831113686d0ac8.jpg
0947,./images/0947/97c194add214408792a71449b6359631.jpg,./images/0947/ba8b3fae6f89484394b3281fc1dadabf.jpg
0947,./images/0947/f0e257963b3b4b76992280226eb27345.jpg,./images/0947/ae28922e33ee4076b7fbb7a32cd1226d.jpg
0947,./images/0947/6c0cd0299ccd437d954405a376f6ed03.jpg,./images/0947/8c748b7fe91244aba14276e252b63426.jpg
0947,./images/0947/3b03e9fcacc84946b340a6990016c77c.jpg,./images/0947/1ecfebe17a7f4ec28eac2da5c47dbece.jpg
0947,./images/0947/191015ac22ca428b93dc3ca4f22d0bb5.jpg,./images/0947/f1852751ce994871a8ae4af33f41dd29.jpg
0948,./images/0948/242fbbd7fb1f4bd9bf6c42bfad2c334d.jpg,./images/0948/e726c91e30e64ba3b45a4ba2afef5d88.jpg
0948,./images/0948/e87448423e2b43d78bad36c65b80a823.jpg,./images/0948/cd96c61562904a27970a13df83b55ba1.jpg
0948,./images/0948/805f8f8f083a48b3925f1316cd01cf0d.jpg,./images/0948/66f2b2c55bd344d0b2e679ab901eb7a6.jpg
0948,./images/0948/ae90fd5915964077a97986039174a1ee.jpg,./images/0948/4a71a9eb032c4600a4842b92e311cb70.jpg
0948,./images/0948/c6fdfb30c4b7423c98d3a751230839fe.jpg,./images/0948/2ed417db29a740b68c569ca79ac09066.jpg
0948,./images/0948/7179d97ddfb14cdfa62fae12e4dafc6a.jpg,./images/0948/0157fcbf309e403d9236edd75f3a52ed.jpg
0948,./images/0948/4af6749342be4aee86d12b9dfbc3caa3.jpg,./images/0948/2234412c4c31492dab4da5de3221078b.jpg
0948,./images/0948/29e16cfc6003473e9f17b09896c51c4d.jpg,./images/0948/7312855705f44677b0b6a2985300a660.jpg
0948,./images/0948/04b7d0e067fa49379b40d79f629ee9c5.jpg,./images/0948/69dd127bf7524c369ba9397a77644a77.jpg
0948,./images/0948/5469d968026d4a6a9a618c9bf73d8a91.jpg,./images/0948/03b4d6fa1f034b96bec5d5d089fee631.jpg
0949,./images/0949/9d5a24cb3fff42528c61140a9f982c84.jpg,./images/0949/59d741dc6b654795aedb95f01a7ea8e8.jpg
0949,./images/0949/dc10d5d1413044deb71be534274dc920.jpg,./images/0949/354a62de157b4cb787c1607d95bc5b57.jpg
0949,./images/0949/fcc2f52249e846d1bb4cd0f7beccee4c.jpg,./images/0949/38d00b0497fb4ebeac35e081c674d2d4.jpg
0949,./images/0949/f75290dcc4954f96a38449252712b5a8.jpg,./images/0949/b58b476103da410f92cc9710ea814516.jpg
0949,./images/0949/082d4fd461034fcdae373d3f55a0f81d.jpg,./images/0949/dc185f96638b4dfb9f1f319c118b7add.jpg
0949,./images/0949/47ef71ccd6b147089c07d6fa71700f7b.jpg,./images/0949/1f4615ae76274275ae1ff0ba42beab0c.jpg
0949,./images/0949/616408d6cf6b41478cc4fcc164fe7de4.jpg,./images/0949/420c068902ec4b40864d6eb5ed42599e.jpg
0949,./images/0949/1eff2eeb11514d24b80fc0e55bdbc80b.jpg,./images/0949/cd3af23c8c8a4b48bdef9787ed0d019e.jpg
0949,./images/0949/52f83acb1ae34829ac23b130ed6a71e9.jpg,./images/0949/4aa916f6ca294825aa405016c8aa4b40.jpg
0949,./images/0949/3c3c618f765e4e9d9caa14cfe18f47c1.jpg,./images/0949/9ace346fbda74d82b6c4abb7580cc0b8.jpg
0950,./images/0950/c7a5e01fd5a0438697e7bf515e6164ad.jpg,./images/0950/7dff927eb0644c3b838ba70e43c77291.jpg
0950,./images/0950/2ffd56f3d7474b52b77179e82b4345f8.jpg,./images/0950/8cc008907446489880033bddcadef5e3.jpg
0950,./images/0950/ffbcff8dca784f81a89e7f6de4398e80.jpg,./images/0950/8e6b3574a769428fad492b71b7888a31.jpg
0950,./images/0950/639708c1fd254451a5e765deae7f5eeb.jpg,./images/0950/e1d97d4eefb64399ac87c821d0bbce50.jpg
0950,./images/0950/aea4a83a4a384be3b0bfd0395b491a78.jpg,./images/0950/b893fa3bc85c48e0a469133ecf290ef8.jpg
0950,./images/0950/fd5ab63144d74a88bfbe9915429b3dd6.jpg,./images/0950/8579007abe384b2a82e7f50133b3278d.jpg
0950,./images/0950/dc068ff2f2094669a132f87ff2b86d12.jpg,./images/0950/71858f9cd6ed43099b55524502223223.jpg
0950,./images/0950/cfd95a0b5fa148aaa3445a9ef4d3a7be.jpg,./images/0950/3da73e4fd75c482ea32754f986aad770.jpg
0950,./images/0950/d79a352cf3e447dfb58968d6b3d95deb.jpg,./images/0950/ea59d3a0dd28453fb5d76a3cb374a50a.jpg
0950,./images/0950/8c821bba272e42ccb3dcbe6149d822dd.jpg,./images/0950/37881b6774064f2bbb222df8e718fa1a.jpg
0951,./images/0951/0004ff8d0cc847ee94ba43352a8b9eb4.jpg,./images/0951/3d47dfed59d449a5a486e745cb34a5aa.jpg
0951,./images/0951/ac544f711418450fb33c2419bb5a698a.jpg,./images/0951/ed5c4b7b0cff461aaf33f71ebfe1d370.jpg
0951,./images/0951/233ae75f1aaa495a96e90c200872b13e.jpg,./images/0951/e6867665a21c4e24836bf3357a0b05d9.jpg
0951,./images/0951/e41248ee8a81463a94ee8aeb45b8377d.jpg,./images/0951/a391bbb082a84c3aad75ffb93c259cfd.jpg
0951,./images/0951/6813cf6251b24e61a77c30147a05eef7.jpg,./images/0951/1a9102850f8e486783413e131c0c16a2.jpg
0951,./images/0951/1eaf78b4fdf44f0691adf60094002d68.jpg,./images/0951/9b7ff4c36184429c8a90941e97f7a489.jpg
0951,./images/0951/13aae6b1f54e41338de81d7271d06034.jpg,./images/0951/ef576c5afe8c449aaea8a0c1256febca.jpg
0951,./images/0951/6bea1189503e4c09bc68eace34d63891.jpg,./images/0951/7f9d9eea17594833a70b8e8b93b1f9c1.jpg
0951,./images/0951/ce2a2deee80a4352b245826bfe6375a1.jpg,./images/0951/8fe75b3ea0b14593a2c69c5387a5f163.jpg
0951,./images/0951/79211f42b7df49d3aadf13ab66f9e6c0.jpg,./images/0951/40c7917cf8bf479ba6c9a016d6cd936e.jpg
0952,./images/0952/6ecbe242b8a2475fad1b17a467ebedcf.jpg,./images/0952/42e045e454e14303bf75ce0a5c080974.jpg
0952,./images/0952/78552105ea4342678544817d65749bfa.jpg,./images/0952/600556017aa14ce48462d08b1cdf30b5.jpg
0952,./images/0952/c615fae324b1483f8f4403abb612b2f6.jpg,./images/0952/3038c10203094a64a672430095fdd9f9.jpg
0952,./images/0952/69e1e336940b433d97139e8ac0129399.jpg,./images/0952/3b64199343b24278babb8cd529d57e40.jpg
0952,./images/0952/f1e4a056f94a4d35a75806f16e05ff08.jpg,./images/0952/8396dff19739428da67e8f6d37f072a2.jpg
0952,./images/0952/c3d8432b4a3c4490ba104e9740832ed9.jpg,./images/0952/50946d47915d4c78844c940f75e811a9.jpg
0952,./images/0952/aaee301a6b3b434a902b70f704c843ea.jpg,./images/0952/0d9294e580d2465c91011bb0c2811c13.jpg
0952,./images/0952/1a673b8f1ed14f6da0dbaa1a29b45065.jpg,./images/0952/3978c6f8459c40b7bc6d431dc2506fd8.jpg
0952,./images/0952/c40e2ca923074d3986726dafb47d009d.jpg,./images/0952/e0348e0b05504b9f84ad77937fde951c.jpg
0952,./images/0952/9a165a598cfd4b359ec9ce2790042b83.jpg,./images/0952/3596fb5acda54948b2d3b607a456d20c.jpg
0953,./images/0953/227add85fa3d47bc84813931ec027671.jpg,./images/0953/ca02bf5633e442f3ac182186a0a2a457.jpg
0953,./images/0953/29b4291b2fac4cb7b1f83878ef060ddb.jpg,./images/0953/4162ed89d00a47eaa9cacf5e3fac87aa.jpg
0953,./images/0953/a25cd1c9461f42a58c19ee4f6d72b473.jpg,./images/0953/64f35e2f56a342d9a955c357e6fcca85.jpg
0953,./images/0953/8dcf3589215e418c851d9e1cfadbbc5e.jpg,./images/0953/8d237929d4e94f0880f46382fd781032.jpg
0953,./images/0953/ff966557a72242cf84bc54a7bc8ab68e.jpg,./images/0953/83a07389d7f9419db90181bb217101d6.jpg
0953,./images/0953/10936875fcf04c95a29534cd2943aa8d.jpg,./images/0953/edd6075bc9094790b18d6be255b72a47.jpg
0953,./images/0953/9a6dc12d607842c3bdc738c293685fcc.jpg,./images/0953/4bf8d2c5c12743698f4e455a3587d9dc.jpg
0953,./images/0953/0e1ae2a627e040d5b57190da28240b42.jpg,./images/0953/37fb14a0d55d437b86144afe809271da.jpg
0953,./images/0953/f6465960bbc34c6d89e3afbda2f3522f.jpg,./images/0953/09498ba0755f4adebaea5259e8321760.jpg
0953,./images/0953/240b9a4640084ebfaef972cb40f2f9fc.jpg,./images/0953/94fb601aa2af4b41a91c1e1f4827f1ca.jpg
0954,./images/0954/f4ab65a149424336ab1f6d70913e1b90.jpg,./images/0954/48edb67798dc4756b033b9091f2f491a.jpg
0954,./images/0954/fc2ab3c23c1f422caba28a72d1a0a138.jpg,./images/0954/9d6ffe7c93d44860b97528cf9587301b.jpg
0954,./images/0954/73deebbf237d4fc7a29dc40a952fe480.jpg,./images/0954/cfed42c074a34551a80827c37ac3bec9.jpg
0954,./images/0954/dcd1429f17c24cd6965e4000e790ec64.jpg,./images/0954/0673b75618074f52b81f0f7fad100d14.jpg
0954,./images/0954/1ca2e40341ad4fe78355d4905060e73f.jpg,./images/0954/50efc21f2e534de8b002b229f47cef34.jpg
0954,./images/0954/71dc9c12d8b44c25876b24be5d6a1544.jpg,./images/0954/0a1b3b87fc8d46ee8499a5af50471683.jpg
0954,./images/0954/07c131fd428b4a33832780b60437c50a.jpg,./images/0954/62f1b2e3de024abd837e032fcea9f0dc.jpg
0954,./images/0954/61484f9d1368414b882ce2e543ee6846.jpg,./images/0954/441bff7f72ec41b88c501db40fad7e00.jpg
0954,./images/0954/1e876994f65749679de6429a4ff439a9.jpg,./images/0954/ecc8242e7e6944fba4a7b260900af617.jpg
0954,./images/0954/71ea5024c4ab4790a4a4bd89a466ef7d.jpg,./images/0954/4b6a653e63ec43c1979e7eaf15f1045e.jpg
0955,./images/0955/e5099e9ad2924e1ca5bbadedb999795e.jpg,./images/0955/8dbc5bacba3d4d31b3fb23413d753a3e.jpg
0955,./images/0955/3c62790a126b41198f82e4dbdcee29c5.jpg,./images/0955/176d48d275ba415b96dabd5df3d73549.jpg
0955,./images/0955/1699c4a456a343758c4633aa0bee4e2e.jpg,./images/0955/2d10ff442ffd41d19e434c7c5d817fa9.jpg
0955,./images/0955/504bf35fa0b94f3497902c5ad1688dcf.jpg,./images/0955/e89e58b2292141b2864f0af3506cca8d.jpg
0955,./images/0955/497c63f606934acd835a38f4ad72d1b8.jpg,./images/0955/ea974465ef584e8e84685764fd570343.jpg
0955,./images/0955/dce370c2b07440978d048c553a7d8b60.jpg,./images/0955/32471e9581304998b71fe9bdbec24b88.jpg
0955,./images/0955/4e356729a2284989af8f43e3b9a184f1.jpg,./images/0955/eb22562acb94490b9c1ea137e1a09cd9.jpg
0955,./images/0955/86b1dbbed3e14b939a5fe6717f76fb81.jpg,./images/0955/106723282ef04e4da84c3f65bb2a264a.jpg
0955,./images/0955/266df37681f146db82df57816ebba162.jpg,./images/0955/38fcb6337cab4fd58e6fcee417690b9a.jpg
0955,./images/0955/7b4bb06beaff491295f96fc90df9695b.jpg,./images/0955/267813b98d6844d38fdcf59f91b7e649.jpg
0956,./images/0956/5edd3fbded1d4c1e984877e2ff48e31e.jpg,./images/0956/804a157bdd614642974ab74c1f51cde1.jpg
0956,./images/0956/bc1f2349a040464186b008e5464aab64.jpg,./images/0956/3fa58d217861411ea8b93299f8d1f2d1.jpg
0956,./images/0956/216fdac1c797470f852dd05464a8569b.jpg,./images/0956/67d526564e3b432484406143dd61fbe1.jpg
0956,./images/0956/f4bb2667c01c45b190952c34996675c4.jpg,./images/0956/b92e24783ea34143858434e4019e87cd.jpg
0956,./images/0956/7ccf3086983e423b8316093a0ed94de3.jpg,./images/0956/08f67657d96040618dd7526b07ca4f86.jpg
0956,./images/0956/9ddfd00542534b33a628fed6b935d2d6.jpg,./images/0956/b48f1385bcb345cabbb057db89753241.jpg
0956,./images/0956/5b639f6817ed499e8a1c68bdf4a04166.jpg,./images/0956/9644ade5ca6d4357a531fcabfcbcddf2.jpg
0956,./images/0956/eb111cb98859480389f387ec7d8f0f6c.jpg,./images/0956/866e4d91397e41619087fe6be40ac30f.jpg
0956,./images/0956/d159fc82255541cfa0fa481b84142d7a.jpg,./images/0956/0359739b7f8646718ea1d9c91f261cdf.jpg
0956,./images/0956/d68e9c7e070b4f8b835f79c09514350e.jpg,./images/0956/a13299f4773843e1af0e852ed6a24766.jpg
0957,./images/0957/8744710b3f8b4a9fa02e0907085e0664.jpg,./images/0957/3fb1beea065d4cb0be2b99a6bf4293a2.jpg
0957,./images/0957/594c2f1e01104070816103995d11fad1.jpg,./images/0957/944b9fa80b4b4d758519861493f31c33.jpg
0957,./images/0957/de1931ef1ead4e96956ee59d98b0418c.jpg,./images/0957/11af6d66808e43c6be5221d50163878d.jpg
0957,./images/0957/4ff897fe3ae54313a4d24fd241e74774.jpg,./images/0957/63dd7ddb62044ad1a53e92ddf4df808d.jpg
0957,./images/0957/e568b13a05e74984911e1f9428b3bfa8.jpg,./images/0957/bf579add7cbc400bbc6b374dff68d23c.jpg
0957,./images/0957/d7fbd6f2bb80417b890237486a65ebe0.jpg,./images/0957/c23453e7882f4f88be6b6966183b35c3.jpg
0957,./images/0957/bbc7a6c4ef284d9988ad3adebf355cb6.jpg,./images/0957/3dc4e56da9a146c7868342b3d567c40f.jpg
0957,./images/0957/39bed1c753354d51b8d83f3de6a7314a.jpg,./images/0957/8572ac2e46f74a4da1d98a6da49c2d0b.jpg
0957,./images/0957/3de1679c6d214d9ba7f47db824e878aa.jpg,./images/0957/59951efa5a1e4579acb4e22f41040d7e.jpg
0957,./images/0957/a78eebb82ad3457fad64881d7bcd1594.jpg,./images/0957/3426947caba142a6a95cdca43c5755ad.jpg
0958,./images/0958/72d41e82034044da87ac25f2639a8a24.jpg,./images/0958/2ea2f097327b495887afe3d2fd04587d.jpg
0958,./images/0958/850a3b0c3c1f42d7b0fda43e17e69c21.jpg,./images/0958/4a4c76cbefd94c6197df559692bf7f03.jpg
0958,./images/0958/4e901bd454954988891bba5164f676ae.jpg,./images/0958/0c4a1e32f7c74de0bcbb1c9d3e97a44d.jpg
0958,./images/0958/86d1a76df0674e369ab513da78c97c0e.jpg,./images/0958/b5511901a6544aabafa8245f9c3a46d1.jpg
0958,./images/0958/67ab1a6ebfd14d29b79abce7eb451324.jpg,./images/0958/91475ed5c5a047409abd1bffbc33d8cf.jpg
0958,./images/0958/6cf130164cc04cc6aff8f41d05e2ebae.jpg,./images/0958/b11515b35f044c3ebe0056a05c6c3e96.jpg
0958,./images/0958/4615bfb3e17946e1ac798e5588791954.jpg,./images/0958/b54a3977e8e64d1d9ac4e6f0c15cc3eb.jpg
0958,./images/0958/5f546668f9ac4be2a2f2e2958ef1fc85.jpg,./images/0958/37ac9109201f49e89ef75dae00526225.jpg
0959,./images/0959/23e21e282ecf4bc8b970002cf11c4faa.jpg,./images/0959/260c4f1e666b4421ac3015f016f5fbfa.jpg
0959,./images/0959/eca1dab7c8ae4bd4a9deb4c7e97badc9.jpg,./images/0959/8fd338766eec428caee83030b1749e48.jpg
0959,./images/0959/387ee7f1218b4c798bfbbd9317038e44.jpg,./images/0959/64ab79653dcf4bdba3a3040147abbe37.jpg
0959,./images/0959/544fec455e4b4783ae033e410db91dc2.jpg,./images/0959/a9c64cfa78a745afa838f269acf48e2e.jpg
0960,./images/0960/7145b195f22f4c1f804a5e2e396adec7.jpg,./images/0960/72ca5873dcb04c578361a2d2f9506be9.jpg
0960,./images/0960/c5cd65172afe4d5797921b0f883edbd7.jpg,./images/0960/ce442bda4cbe47dd8910da480bcd00f7.jpg
0961,./images/0961/2fa4ac1fdafc4848a57053fcf050ebf7.jpg,./images/0961/431c94637ca347e7879344d21c4d0e27.jpg
0961,./images/0961/741cd3b84633416b916ce744749f39be.jpg,./images/0961/229cb43d910f457eb9cbbcb79a8a6cae.jpg
0961,./images/0961/9b1716a6124342b298ef3bcd4299678e.jpg,./images/0961/e224c09dae644c49b4a7c252d01cc7ed.jpg
0961,./images/0961/4ec6ba4bb0cf4715a91dc2ab934c9ca4.jpg,./images/0961/6529ed2f15674172b55f3436038e40f4.jpg
0961,./images/0961/4d0f02dc59134bb494dacfad3b7e6828.jpg,./images/0961/646b834d3db04ba1b40c618f729b032e.jpg
0961,./images/0961/5df5891161124135afb0788973ddcbcf.jpg,./images/0961/7c30e233848a482480a4574b3b169dc2.jpg
0961,./images/0961/2d2eb4b9e0e547969b48a9c960c02fcd.jpg,./images/0961/170bdf2a8000462b95b87e7195d4bc79.jpg
0961,./images/0961/99cd06acd854491fbc35931f360f7154.jpg,./images/0961/4c596884d2b543328da15c4b473a120d.jpg
0961,./images/0961/a5600e3a6e99460d9c01b50ace2946a4.jpg,./images/0961/2847519c193a48e281009baa56679242.jpg
0961,./images/0961/d93ee704429444cca0a32399c877cf4d.jpg,./images/0961/7440dfac7ab64350af86951eb11eba90.jpg
0962,./images/0962/0baa7d6e7d124d22a7d96118e18aefc7.jpg,./images/0962/e3057e05593a4fb786e96541dcc0c75b.jpg
0962,./images/0962/976335f455a44c45ac2136daaeba2f8d.jpg,./images/0962/3272ca6f02704f71ad9489a6bfae048a.jpg
0962,./images/0962/9886fff54d744ef4bb7bad9cc724fd3f.jpg,./images/0962/f32e6e5cb4434f85bad08cd7cb7af34d.jpg
0962,./images/0962/aec2c36de7bc44b2a76673d588ecb172.jpg,./images/0962/f9a4ef45573c44738d475dd4e1216586.jpg
0962,./images/0962/8dbe6d2e7f064a3a806c1c7709b17fcb.jpg,./images/0962/db37309d420d4d058277e37708c70874.jpg
0962,./images/0962/145b2079e55d443897b9975fe219cff6.jpg,./images/0962/fd8b7b4b36e043468d797f1587b5f936.jpg
0962,./images/0962/5fe041ba04484db7a04e04b11e5f21b9.jpg,./images/0962/5d9f311e7f2e4724a803dc169fa13835.jpg
0962,./images/0962/d2e41d3bc9454de08bdbb169f92a603b.jpg,./images/0962/0e47fb43c8b247be9cd8d43ea22c33ba.jpg
0962,./images/0962/bca3f034635c4146b5e68e2176add853.jpg,./images/0962/d241d048051e4b0883a97e468c7e7513.jpg
0962,./images/0962/518a9262a1ad428284e630349d1425d3.jpg,./images/0962/5b583d0e4a584c43b4ec79144f3c725c.jpg
0963,./images/0963/1bf9351d687c47a5a3083b00dcf81f21.jpg,./images/0963/63a611565fec4bf283f2a2be7d503e13.jpg
0963,./images/0963/4dfd99b4a0164157b14bd7fe902e411f.jpg,./images/0963/20bdf39bd03d470283cec6898745c41b.jpg
0963,./images/0963/001b2009a40b4499aabc55a7b13bbab9.jpg,./images/0963/f8b9485080ce4029b43abaa32121b2ec.jpg
0963,./images/0963/3033a1c47773420aa3683f28d947e485.jpg,./images/0963/3558331d241347f88c958730cdcb189a.jpg
0963,./images/0963/192703c912064db8a26a2503d6001405.jpg,./images/0963/bed996fb44534a578bb0e52d54d94159.jpg
0963,./images/0963/0be28fcac24e49dd90974cb8c1aa3500.jpg,./images/0963/6d07e559e59f41bd8fcc11d0c4d06b48.jpg
0963,./images/0963/25effdaeaaef4feb980ca5eb40954dbb.jpg,./images/0963/a8f4698f3267401d9262a540fc083c52.jpg
0963,./images/0963/a6e2b720e92140efb7cf7100d055f3fb.jpg,./images/0963/b76c920c5f0c4551b5ca8abc459b9072.jpg
0964,./images/0964/37cd62e9e923458f88100b2a295b2481.jpg,./images/0964/14241f70655a45c38ad694dbe324d1cc.jpg
0964,./images/0964/9ef9885eda224df99f72d3c5c0c3d822.jpg,./images/0964/441f515bbf834eea8eb6a9d94e718200.jpg
0964,./images/0964/f38b5456d99242d1a69006e4052734e2.jpg,./images/0964/7c09df198b6c4c4bae33d6ad73816f13.jpg
0964,./images/0964/37febf1a652b4a9bbeea9dc0837d7ac2.jpg,./images/0964/cf15a62690914c6280a3aa19695f31c2.jpg
0964,./images/0964/1d42e55c26b2469380896143985762ab.jpg,./images/0964/affc12987c734ffe8b0449f0ef3204bc.jpg
0964,./images/0964/a03e1593872b4598b61985fe9cf6b39f.jpg,./images/0964/533dddc436694df99d7757ae832356ca.jpg
0965,./images/0965/35e6b613a8194b06929693e0e436493c.jpg,./images/0965/c245b530c21d4595a5986ab5c158ecc0.jpg
0965,./images/0965/221587889bb241378de6d3e2b7a162a3.jpg,./images/0965/b1939fbdad1b4f1091a4ec655643be14.jpg
0965,./images/0965/802d038dce8843ac8071e79daffcae7a.jpg,./images/0965/2de70f1d1fd94c399b9fbb5108a1e054.jpg
0965,./images/0965/b8affc25c08c4e1e870a9cffbe2f0df4.jpg,./images/0965/461be7ebd4a2434380ccdedded11c5f3.jpg
0965,./images/0965/de8ac9ba15804be28206ebe5a349b168.jpg,./images/0965/b6f0393e32394907aae8670fcef5a1c9.jpg
0965,./images/0965/ce6e603b68b34a1caf80c406e5bc1eaa.jpg,./images/0965/4d5e3328cfc84c92b319c63b44d6debf.jpg
0965,./images/0965/ebcb01f645c640fc8bb98d349c18fca7.jpg,./images/0965/3eab26396bba4bc8a3c4998b89123bb2.jpg
0965,./images/0965/dcd833c7a6ba4385a891d61aaa9dad9c.jpg,./images/0965/73cdbe6048514f9094640a7bf60335d0.jpg
0966,./images/0966/f744d9ab7d174a459c08f53b2950722a.jpg,./images/0966/3e3a939785a846ce8bc383aa0d827694.jpg
0966,./images/0966/ce1e71b8de474751baaacd11ca6bc58b.jpg,./images/0966/2e5e112eb5fb4409ba41b1a6a086da3c.jpg
0966,./images/0966/906cb4de06ae4fcca01c4937e038b806.jpg,./images/0966/3d84af2a6ea14eab8a5e7921f1f1e04f.jpg
0966,./images/0966/c93a137a97ff432a9badf8d578f95010.jpg,./images/0966/b4b46e04d0844a7196f7626ab8e29b66.jpg
0967,./images/0967/80cfaaba50ec470486076139348b54d0.jpg,./images/0967/4faef8f172b3499f83d5200ad1b632f8.jpg
0967,./images/0967/48da89826f284a30bdbbf0172a990639.jpg,./images/0967/1f586bd13b274d0d95d0827dbe97aabe.jpg
0967,./images/0967/b723846e2f9b4f929dd71567e8ade70c.jpg,./images/0967/c4d9fa2bf28b49fa95bf6758e8bc8764.jpg
0967,./images/0967/5ae520b1b97b4948b9dbfa53e6365f06.jpg,./images/0967/51edacf2ecf44842a0ad9bfcd27ad97d.jpg
0967,./images/0967/c147395d84f847b79b5149d9843ad9a8.jpg,./images/0967/2f34faf5750f4e7580d1e87131dfb630.jpg
0967,./images/0967/012edf203e134ad9827d2047cc8e4d57.jpg,./images/0967/3a5d444d399f47b4a15f40b049439a6f.jpg
0967,./images/0967/fe786365d2d14725b374452856a660b6.jpg,./images/0967/667ba41ae515473081d5273326546d8b.jpg
0967,./images/0967/9078ad22279e47c088ba76d9634aa4bf.jpg,./images/0967/514dfadbf3894134baffc7a7d820a6dd.jpg
0968,./images/0968/dd6b399c1ac44e9b85df5ab895f045fc.jpg,./images/0968/47484a2d74fd41daaf75d88b2f7f5087.jpg
0968,./images/0968/aeeb7119ce624b77b02ede6ddef77441.jpg,./images/0968/26fe7ce5639f4e70b04f8ead57a4db74.jpg
0968,./images/0968/9a2b033131e64ebfad934a1e0c0537e4.jpg,./images/0968/14a3166b6af44451a1e2456e02acee5f.jpg
0968,./images/0968/9328bc61cf73496f8e4bcd5a951f014f.jpg,./images/0968/0a7646b9a72348eeb636a95ac8a047c7.jpg
0968,./images/0968/6765bd7276a64fda95c5c0f99ddc2ae6.jpg,./images/0968/b1727094017945728214a94f0afa5b7d.jpg
0968,./images/0968/945e3cdb320340bcb5dc24fe54eb326c.jpg,./images/0968/7bd0e5a29c064fa8b9e92142600ca16e.jpg
0968,./images/0968/43b7d9fe09bb449198a9bf8cf4fcc042.jpg,./images/0968/8a77f1d834354967986def3d633972fd.jpg
0968,./images/0968/0dc2f9ecca38486d89fc81bdefaad84a.jpg,./images/0968/96da3b8100b04ce7be7f4c68c001eb02.jpg
0968,./images/0968/5d0f4a1b48cb4b2a8e3d102ff00ccdda.jpg,./images/0968/73a956ad66af42f39d5a3a3f88e6d4e3.jpg
0968,./images/0968/c5b1d170552e499f98754d982cdcff8f.jpg,./images/0968/caf4b4e431f74cf48ad96991f1f2956a.jpg
0969,./images/0969/02df43644c474127ba9261e1559a93cd.jpg,./images/0969/9bba61ce99264a198418b58e60bef592.jpg
0969,./images/0969/ed9fdc4ea887470bb42a41358cd65dde.jpg,./images/0969/0aed13c76a3a4cf2a7011258adfdde19.jpg
0969,./images/0969/3e13dde85b70498ebc32b88ccf84737c.jpg,./images/0969/9eaf70a24f3a40a487449af39c974b2e.jpg
0969,./images/0969/590d6ab03b7d4c049cc938c375af62f8.jpg,./images/0969/76c3ebc685c44eeebc018a97050b986a.jpg
0969,./images/0969/ff12902826d24571b04f5b0fff83b2e1.jpg,./images/0969/a6ec3c6ebcd74e5dbe2daadd5e3c397f.jpg
0969,./images/0969/a3252378ae984e5b8c2271e40e5e455c.jpg,./images/0969/d6ab23d2a4f84b0e95c6950e52647d5f.jpg
0969,./images/0969/229905614c3c4ddd8f6e6aae8f44de3e.jpg,./images/0969/e660f73633fe4fb8a44418f16e20a3d2.jpg
0969,./images/0969/4bbed17dd9b64615a479e7ed02ca3143.jpg,./images/0969/21c7e15162084123a7afa3a4835f5a50.jpg
0970,./images/0970/5e1ccdb6071441679ab5e31bd8aea52a.jpg,./images/0970/8cfced2444d34cb390d486a0bec20d3a.jpg
0970,./images/0970/349d45f68ed54c5e86adecfbe1ff7969.jpg,./images/0970/8a20329a9770480fa220bb05cf0ce72f.jpg
0970,./images/0970/93705b87cf6840cda5943784682eb8e8.jpg,./images/0970/6768bc18a7024e03896799c2d3d1d3ae.jpg
0971,./images/0971/7b7db5b441d94f00825d08a69942b37c.jpg,./images/0971/fa473fb7cb8941a49228b5e8f66e4843.jpg
0971,./images/0971/05c4ddd26ad84e4fafa6cb18b5b39121.jpg,./images/0971/2db56dd5a9924dbf8757cc106dbefad5.jpg
0971,./images/0971/46a3e545da034aefbe127226c3a67958.jpg,./images/0971/644d5fc17a4442508376dca7b5786200.jpg
0971,./images/0971/e4d0d8f7d48d453fb029c6d9773d414e.jpg,./images/0971/ac8ade2698104679956f3112ced4a39b.jpg
0971,./images/0971/e214df7467c946e6881bf653e0b92237.jpg,./images/0971/f183164bf86a4b59b98dde1467d06ce1.jpg
0972,./images/0972/c22a58e7a7e241cf850e36db64176b77.jpg,./images/0972/de2ca28cf2cb4abf8cd8d32e2315287f.jpg
0972,./images/0972/0426b94d5b0949c69b39a082c65ef740.jpg,./images/0972/5b001a83cec04e0899c1e9719cfba098.jpg
0972,./images/0972/5b284f6d2caf4fe3a176bd79f5db6e92.jpg,./images/0972/fbcbc985c76b4b58bd3eaff767a2d0df.jpg
0972,./images/0972/a75e0dc3399d4d6cba471d620220db5f.jpg,./images/0972/d4f51fbe09c04bd7a3744edd285d8972.jpg
0973,./images/0973/eb0656e3069e41719ba61d61ed90c3c1.jpg,./images/0973/b5e7d34de8f74a21bb050df3cc63ce98.jpg
0973,./images/0973/8889cffdce0841f2bcfc6dec0b8b2af4.jpg,./images/0973/0dd08c5cabd5436aa89dd8674fa79b02.jpg
0973,./images/0973/9f18411ed892434d9a78f44cad0cdd39.jpg,./images/0973/c9596bf5bc354872890231d2bd4450e9.jpg
0973,./images/0973/c2be96ca93e9499fbd6f3a372069aecd.jpg,./images/0973/aa3e66630e694de28d1090965d5e03fc.jpg
0973,./images/0973/e2019b3bde43422fbbbb317328d31084.jpg,./images/0973/fb3bcb84280b4e8595ed917ae839d0ab.jpg
0973,./images/0973/6b33e35c00ec4e34bbbe0bb9c12b841a.jpg,./images/0973/39dcb6c8a6c440ddb2ddcefb4aa5cc91.jpg
0973,./images/0973/6d50d1719c6c4b0b9ee0cf7cb8319ee8.jpg,./images/0973/5727a702ab78426397bb8f09b4b71970.jpg
0973,./images/0973/7dc8653bcdb847c49ee847b661f1cac0.jpg,./images/0973/ea4a8afe7bea434595feae5749078454.jpg
0974,./images/0974/8675800f564140cdac125de5b6c9d07e.jpg,./images/0974/a143b3a96efa4eb792b025ce4f1c44b0.jpg
0974,./images/0974/dbbaa14e2d69492f9111aa20d37e57ea.jpg,./images/0974/3caed8fdf88646c4bf0c206dca6060b2.jpg
0974,./images/0974/a954a85fa51b4e98819c369e3c2294f8.jpg,./images/0974/c65d32e8885f4f858cf96651533a61af.jpg
0974,./images/0974/17c38beac2204649bb0f89a0083da090.jpg,./images/0974/773ecb593bc44097900f08dbe25c6723.jpg
0974,./images/0974/60d56fb7d8e54e0da9f65655c27a8202.jpg,./images/0974/5e69911a470c4345bc8c48c5ed6f30fe.jpg
0974,./images/0974/18bf4684e6784f03a5f49cbb152da459.jpg,./images/0974/84e498a913b843159e87b204b13796cd.jpg
0974,./images/0974/ca5512edebdd4e8184e1363c02a9a138.jpg,./images/0974/91a079494d0649e3a4f1d6969f2f5970.jpg
0975,./images/0975/46a9f12f18094dd08187d0dd304bb70a.jpg,./images/0975/13c87821fd1f43a8be25fdf9d190c2c2.jpg
0975,./images/0975/c7feea77705342db8474d37058518523.jpg,./images/0975/4102b413a0aa4ceb845f92c7813c4a2e.jpg
0975,./images/0975/7bbb6386ab524ebda8a8b0bb0583fc51.jpg,./images/0975/cf1980fa96ea42cca94a4164b3f3c96e.jpg
0975,./images/0975/835765994b3a47759756ae4d86e224c1.jpg,./images/0975/5ef1203f05f242739756f8235205ec4c.jpg
0976,./images/0976/63e76187253f4a9f939f82e895fd5179.jpg,./images/0976/c5259043d52a4261b7b61362955ffda2.jpg
0976,./images/0976/eddcb75edde44927a894de433dbbc31e.jpg,./images/0976/6a2cb55b30384209a48f18e347128383.jpg
0976,./images/0976/321b5a1db61a4e9d97b1a5e9f49ba69d.jpg,./images/0976/f62a9d89afec4d79992d7ebe886b28f6.jpg
0976,./images/0976/8f8709d10e3b4a7d9132023c629b81f7.jpg,./images/0976/5dd0a3014e9849d690ad2d3572c3688d.jpg
0976,./images/0976/ec144fda218045618a17fd7f0c3ec27e.jpg,./images/0976/37390d0586984ffaa8e799772636a721.jpg
0976,./images/0976/5ee126f8ae6640758d5481e2689bdb81.jpg,./images/0976/a639061ae80f478db2cdded4fe7d9c7a.jpg
0976,./images/0976/4d88a160620c409298697e98b09b5d58.jpg,./images/0976/0238d0a0c8e6411bb3558fee5e529f89.jpg
0976,./images/0976/6a0c21ddf2f44f68a72f6c65d1cd86b8.jpg,./images/0976/38ea31a3e0384d348579fe824e0bb2cb.jpg
0976,./images/0976/b198dffa9f9f4b93adafd24c1e4393a6.jpg,./images/0976/c5501af926ff4037b1a8d413fe67d89b.jpg
0977,./images/0977/c3b49dd359424f9493b3b164a1cbbc82.jpg,./images/0977/6bf8dc2a6c994080bb05a28e233a9338.jpg
0977,./images/0977/e20d2fe7ce664a40808d6ceff01570a9.jpg,./images/0977/a2735aa1567249c1976ca468c6cc54dc.jpg
0977,./images/0977/423eed0a89b749fca09c26c99ac10316.jpg,./images/0977/536a060d403a4af48beb3275243729fc.jpg
0977,./images/0977/2f1792d9b07c4532ad08801816278874.jpg,./images/0977/4c7f6836f03c4e84834a3e4afb0ef978.jpg
0977,./images/0977/b887b443ddc84040bd49b1509b8fc022.jpg,./images/0977/339939ecb30b4ff4b92ea3a9879535c1.jpg
0977,./images/0977/798253d7e616464e9b149c9ce902d32c.jpg,./images/0977/e76b3b61c7e947679a2e386ab8674f09.jpg
0978,./images/0978/6fb68c28f17f40e19c8536f77356b46f.jpg,./images/0978/61f8eb96a70b454788968e442382c350.jpg
0978,./images/0978/c71372cd4bcd4b108498ab661b63b2a9.jpg,./images/0978/af7da7977c4d4efda66d2c9c16f1bd78.jpg
0978,./images/0978/03c592104d404a39abfda1882056955d.jpg,./images/0978/5d5aa543afee419b8dfe97b5d58d4b51.jpg
0978,./images/0978/c431a61763454b9ba402ab2c54afd767.jpg,./images/0978/e9354a576f714543b6373b97d84543eb.jpg
0978,./images/0978/16676d8bb9b742f695d9ef54ac7fc51e.jpg,./images/0978/f8c754a9bc4543d7be9f32ccc6742cdb.jpg
0978,./images/0978/efaac0a0bd9a45748fcf83e2ce4a6e4f.jpg,./images/0978/9d75aaecd9f34af484d6fc71f1b1d8ae.jpg
0978,./images/0978/bfef0ee1674f4f0495400dec2150df71.jpg,./images/0978/5dc98a6218624225b76e2543f5ff1fef.jpg
0978,./images/0978/1608fb16adb84ab7aff5606cc7bc8134.jpg,./images/0978/ecdbbf77aa864434829dd10f0002c43c.jpg
0979,./images/0979/d9ad6ddd61b94772aff8dd52f49053d4.jpg,./images/0979/85b73bcdb5d049d5be12eefada39374c.jpg
0979,./images/0979/c925ac55f50e4d83966411e5faca1e4c.jpg,./images/0979/f10e1f68a7f94323be153a5408b5ace3.jpg
0979,./images/0979/5427f59da39f4ce08c5024820f7ca274.jpg,./images/0979/4b23b3b5e704467cb802c40814531682.jpg
0979,./images/0979/fb3373fef5a84524a411ec68aec3f013.jpg,./images/0979/166e423974a0424ab854fcad2e56799a.jpg
0979,./images/0979/6211147f7fdd416e962fd60ea1b4566b.jpg,./images/0979/0162d83e4d2a4c279b5093d63c26dc0d.jpg
0979,./images/0979/e8dca1065fb74306a3c414c8c7e890a3.jpg,./images/0979/1b812143b0cf4554a88afd8c1457b470.jpg
0980,./images/0980/9e96fae8499b4789b11b40f722b446eb.jpg,./images/0980/8ba522a6401e443c81d8ccc4a1689f41.jpg
0980,./images/0980/71885b9b67754c899d44d00407379e20.jpg,./images/0980/c27452dc23e744d6b7adafa123e04407.jpg
0981,./images/0981/c1a5b1fddfbd44beadd28b6c075d8195.jpg,./images/0981/0f6750c32fee4a0ca52e8f367e526178.jpg
0981,./images/0981/cf86cde64b394b0bbe4d9b0c28e68e17.jpg,./images/0981/8aed135658a340f1bdf30eceb3f8d212.jpg
0981,./images/0981/4abc4e83a5da4e058e8fecd9bb2e873b.jpg,./images/0981/626fc7c7bdb84b2884a0715613c9d173.jpg
0981,./images/0981/c823889d8b5047e6a349ebe9b410d1d6.jpg,./images/0981/b3810a3d89ce4e8090df6008acced2ec.jpg
0981,./images/0981/b64e1de835ce4cbb9e02da02e21a2770.jpg,./images/0981/229e3373260849e4b545a54a3fdf30cc.jpg
0981,./images/0981/677c23a300f84d3dbf8ab5d3c7daad21.jpg,./images/0981/a43591e648e74762a5c0b6860edb146c.jpg
0981,./images/0981/ec3b87dc8e8441d7ab7131ab97af26d8.jpg,./images/0981/2fe3035febd0408098cc4a13fc027188.jpg
0981,./images/0981/a044fd40a286498fa0c765fe076e0b42.jpg,./images/0981/dce9c6466bb44b4493f1c79050595c7d.jpg
0981,./images/0981/bf01c2cb140140b9a0cd6a7c6a5e28f2.jpg,./images/0981/e829135b003846ae9e3a67a07cf332cd.jpg
0981,./images/0981/a6afd4ebfeab445c953166218c1d68ef.jpg,./images/0981/d940fc136c4e47e6b58b9a7c24b090e2.jpg
0982,./images/0982/e70bac7774ea44098e35555ffe9ca0a9.jpg,./images/0982/a4ee165d2b604ae790f95e918b6175ba.jpg
0982,./images/0982/330e7d79eb2f4f6abf2218d81da83da1.jpg,./images/0982/4ea2b9691f924257a84b274ba834e407.jpg
0982,./images/0982/f8c1ecdaa1e4408993a97eb72b7bc0ac.jpg,./images/0982/ff17652d470c4730b57a5133d6b7d0cc.jpg
0982,./images/0982/0fefff3a447849d1bbea34a0d6de9fd2.jpg,./images/0982/43e6161f0bb64579b21f14638bd9073a.jpg
0982,./images/0982/9b6dd36212b54420afb186ff602bade3.jpg,./images/0982/eef4190e41ff4747b0ddf1c3168bca27.jpg
0982,./images/0982/86aa01e894fe4d9aac4488714a0ab09d.jpg,./images/0982/bef58ca45edc41a6877d9b1f45940881.jpg
0982,./images/0982/5c94546c9c7b4ae09356924beeff022a.jpg,./images/0982/d1283a7eb3fd4436bb15e98eef85caac.jpg
0982,./images/0982/38d1bb0260a24a95b4978941bf307f04.jpg,./images/0982/46cd223a8a3643fe89c6d646384c5f99.jpg
0982,./images/0982/aae2663a08184e11b0f47e3af7a0e7db.jpg,./images/0982/0d3c3085e89b45a9be8b1b43e2d3d34b.jpg
0982,./images/0982/cec108a59cca4843b90592e4110f9e83.jpg,./images/0982/b726ebc7785041608fb9ec1d242ff670.jpg
0983,./images/0983/c87eccdf847e42de887f48e46a1091d1.jpg,./images/0983/329919e2c0e54369a5507f80491c397a.jpg
0983,./images/0983/bdb8b349750b48c48015dc2c32031e74.jpg,./images/0983/e8357087c5e84625b1454122219d8e52.jpg
0983,./images/0983/4035da1482a642ef909c1fba0e3a66e4.jpg,./images/0983/eb8e6e6a56fe45598e0ff1e92c2c53c1.jpg
0983,./images/0983/9b24beec4b3946738d9836f008628685.jpg,./images/0983/c160a734f97f4939821c1f17ec20b9ed.jpg
0983,./images/0983/93aa3990c77147c8b47d840bb6a3730e.jpg,./images/0983/04c0c15a53f54432ab50042e2cfb3ae3.jpg
0983,./images/0983/f89c70d6f9b04dbb913d06dba338c1e6.jpg,./images/0983/5f14a429dc6d4960bdd2c9a84ff0a7ae.jpg
0983,./images/0983/d0ad1d0fe1f54c17861a803d039df58f.jpg,./images/0983/32ef04722fb64f229e5ffb2b8689f3d5.jpg
0984,./images/0984/298b8c764bfb435cbf9b37c81ac627f5.jpg,./images/0984/65c1eb79ec524e1b91956b42681880f3.jpg
0984,./images/0984/d3a3221a47ff432d93452edb5de963b5.jpg,./images/0984/b803f1d0cb624ad2a08ab9d50490bf8a.jpg
0984,./images/0984/f0c2040340394fd288d3e5a0017b42b1.jpg,./images/0984/f8543df3cfed4a179c30d8b89ea7a852.jpg
0984,./images/0984/598c9e8d7277426c9cdcfa3125c9ecdb.jpg,./images/0984/70b68995c9584681acd3ba4b775ffdd4.jpg
0984,./images/0984/3885dbfe66b841eca1da2e9d9630ea37.jpg,./images/0984/7ad8b00de661463eb60b46cc334ede76.jpg
0984,./images/0984/121e90c9b3b641cbb86677d0887f42d3.jpg,./images/0984/787aa9d9728a4121bd9121f12dbd1619.jpg
0984,./images/0984/46a1bc21f89f47049df72f7ca6d8e6f0.jpg,./images/0984/d5304949380a407da1702fa19eb028fd.jpg
0984,./images/0984/69e497698c854191a6bf07de0277d7e6.jpg,./images/0984/3eba4e9d73df497bb71518cccf32fdef.jpg
0985,./images/0985/56701fe0ba024210b9ae8166892593a0.jpg,./images/0985/a9bc4a73911a4369b121d5ef1fd984bf.jpg
0985,./images/0985/591cf9b89e6c4f60b33e731975f03046.jpg,./images/0985/1a9261bc531e4eedace38c977c636bc9.jpg
0985,./images/0985/d6cd6b685a5c4590866da9525c3afa3c.jpg,./images/0985/890d4af6159b4250afd3ea3002d95afc.jpg
0985,./images/0985/bcdae80e52f24da99ffaba6907e7c672.jpg,./images/0985/85f893824f9b4edfbaedb9897cb3bb6d.jpg
0985,./images/0985/e8a0ab46d3f342999cf6d2c718c58304.jpg,./images/0985/01b106a1a6994c9f951e7a512b5bdac2.jpg
0985,./images/0985/0246f6b069624ced820df41be7d2d241.jpg,./images/0985/b8d8855fd9a641bd8fc1c2d33b034f7e.jpg
0985,./images/0985/528c6d33187946d59a66ac450062abdb.jpg,./images/0985/8b691f156f4845fd9e99f45de030242a.jpg
0985,./images/0985/4c3014cfe72140149b5e056d4004132f.jpg,./images/0985/d9c0f62a04ac42509a7559b519e51472.jpg
0985,./images/0985/81c9d1c466734edbaa581866e1ecc833.jpg,./images/0985/221892df8b914a6ab0e0aab97a4629a0.jpg
0985,./images/0985/0727abd42dc94033aefdd6b51e46823c.jpg,./images/0985/e54587f146804b66b0e419366d38b553.jpg
0986,./images/0986/2ed8e93a77d847c6b930282342870042.jpg,./images/0986/e754434448824a3ebca2ff28b68fd38e.jpg
0986,./images/0986/ebc0159d48b6459fb9dab884525b204d.jpg,./images/0986/0ed022b525774c4e9f0322681c52d07d.jpg
0986,./images/0986/4646c701801d4860aae6809400d88f7b.jpg,./images/0986/37b69aaad3644d928dcd9caa401bb24c.jpg
0986,./images/0986/ac991dd4ea314efc98e5dc9bd59a6628.jpg,./images/0986/95120f744a074287ba657eb572c4dda3.jpg
0986,./images/0986/8fb69ef23e154138bc1da3d1dc5281b8.jpg,./images/0986/8b759fceee8b49acbe86850fcda2e0a6.jpg
0986,./images/0986/7e446b67329049c486e9b9b45e9ff00d.jpg,./images/0986/a8f37dab49ad4a9b895e8be0995a7e00.jpg
0986,./images/0986/11738ae6797a454aae7e9db8c6f8f017.jpg,./images/0986/e2faedf12ecd4087ba1aaed350d9313e.jpg
0986,./images/0986/c406ad9139e745ae9757650d611a35af.jpg,./images/0986/2aef536be3d642ff84563f79ba265563.jpg
0987,./images/0987/f2f6b622da924ff28f0fc94487d99782.jpg,./images/0987/44f35fd6e95e49e8af25bd9d49f40c15.jpg
0987,./images/0987/118c8617bb804b0aa6cce53211422359.jpg,./images/0987/f516734d0fbe4e7aaa2d7918b41a240c.jpg
0987,./images/0987/d04d76d3d13344919ff6c6b3e2becb74.jpg,./images/0987/47af856292794f70b4a3354557becc96.jpg
0987,./images/0987/aace57dcba914b9092f284efa488d3f9.jpg,./images/0987/b99145e28bed4d13a4cf4fb59f544060.jpg
0987,./images/0987/986cf14a23804c30a146cf61bf7d9ed0.jpg,./images/0987/506cfe9930da45248e677dc9ad038c9e.jpg
0987,./images/0987/a6e35c72a96b4dcba909ffcb14543263.jpg,./images/0987/4553bdce71a347bf992a6b3742c46aa9.jpg
0987,./images/0987/f3790baf0ebd47c99aaac8198f25fd5f.jpg,./images/0987/bd49326910344411b8aeb16febfcf880.jpg
0987,./images/0987/6148573395474403aab38ca6dd143547.jpg,./images/0987/1d2d5f133f8741eca068e8cb8132d9f2.jpg
0988,./images/0988/ab788bea058b47fdb511fd88b4e19084.jpg,./images/0988/48fac1543f254b7fade199afa3c1ac9a.jpg
0988,./images/0988/74520c3f78614ab3acb2d22eea99a6c8.jpg,./images/0988/4b374776c5ac433f9f85f044c3526317.jpg
0988,./images/0988/0cbc84f0d0764d9fb6634d4bb1ea59aa.jpg,./images/0988/44b76421010449b2bb8a779f5a9e9a19.jpg
0988,./images/0988/bb36e417d84c420c8969344db781c597.jpg,./images/0988/66e772fd7505409b84d5fe22e8ac7e3d.jpg
0988,./images/0988/76c8e82f084b48c4b097f6815f687869.jpg,./images/0988/01957fb87dc8479d921bc2f08780e04a.jpg
0989,./images/0989/c91973ea0e874c038cd1f007af194d1d.jpg,./images/0989/fe8a8a9f072a4b2faf89e8f12d27111e.jpg
0989,./images/0989/e11187ce704c46d093588773e0d9dfe0.jpg,./images/0989/39fabf9b95a2418e983f74b4609df8f3.jpg
0989,./images/0989/d0956234eda34d3cbbff7e6baefd801e.jpg,./images/0989/3cb6b77ede9c4ec0bdff4190fec89c8b.jpg
0989,./images/0989/0b363e3c001948c09a5daf4b7d90bfa9.jpg,./images/0989/5e25ed71bbeb40c6a96d8826fc1d323e.jpg
0989,./images/0989/4dc1f8a445904cfd9221b8f80cb4e57b.jpg,./images/0989/200d6c9d278145b4a7f68c74f9912e81.jpg
0989,./images/0989/9f63e71c06164a798b128cee54964a8f.jpg,./images/0989/c776c99984004d3488b4b39e21b73f03.jpg
0989,./images/0989/6b02fbf292284593a55209a65499392c.jpg,./images/0989/f4e59b291550421fa9ae582a4351c979.jpg
0989,./images/0989/1c8cdaf98e5944fcbe297df1449bdaab.jpg,./images/0989/12864e6e657344f6950f0fb6d8be7a56.jpg
0989,./images/0989/913919600b4d4864a38661cc16fada5a.jpg,./images/0989/f1ac8581f08a4d10ba4b4de0d9387a4c.jpg
0989,./images/0989/e5421b26e7874ed29554cf510916c02c.jpg,./images/0989/4b627fd213fc48f3a4a1328f09b14085.jpg
0990,./images/0990/4483064b3a7542728f59ac935d8593e7.jpg,./images/0990/6a3b1a7beab546c8b4d2649cd94fe01e.jpg
0990,./images/0990/2eeb06688d104e1386ead732b028caba.jpg,./images/0990/b1519136d4544b72b8aa8c03a714fafe.jpg
0990,./images/0990/fdfee394327e48c7bdfa6daa51f2e1b7.jpg,./images/0990/45058dc45fc74d25a8d58a5082495087.jpg
0990,./images/0990/37fada00a3e54741aeee94bd7aa3e9ca.jpg,./images/0990/fa910dbac6e84a19a63b467f21321adf.jpg
0990,./images/0990/c7a0edd465d34119a677b64debd953d8.jpg,./images/0990/c1bc258feaa543ac86049cf472c4516f.jpg
0990,./images/0990/14d653fae1b64f7f8bd07e610f1a9358.jpg,./images/0990/b3ff43ced69b44eeacf943ae6f26081a.jpg
0990,./images/0990/2f0faaf266b349529773216dc8ac1fcc.jpg,./images/0990/7a1fe3f2417c4d8da031ce03ee7fc78c.jpg
0990,./images/0990/286460d576ff458db68017f9a62ce2b7.jpg,./images/0990/b8dd28cf0b54447097b20128c8806619.jpg
0991,./images/0991/6bb8aa0381454fa687c506e3cab7ddc8.jpg,./images/0991/4a46d238152a44bf9e34442887f52065.jpg
0991,./images/0991/446135ff53cc42ae8c9fe11da0059c26.jpg,./images/0991/825f70d2df624228a6dd96938aef9865.jpg
0991,./images/0991/b056ae0953cb41198269ce9323f55bac.jpg,./images/0991/6572ad76952042088ecb86461777b9cd.jpg
0991,./images/0991/b8c53a173d234042b778ec4a4ce134e5.jpg,./images/0991/9f3fa06e42894d45ac5ba5e735f65718.jpg
0991,./images/0991/40dbb7e8698b4786b7ad24c61a01d597.jpg,./images/0991/4911beee585e4b34be1dc274666209b9.jpg
0991,./images/0991/e0d72661fc3f4ca0a809d8aa5d3498cd.jpg,./images/0991/4df8f7be990f444da573cb30d4118180.jpg
0991,./images/0991/3a294e36e75f461d8bf78661bf92fdfb.jpg,./images/0991/8ac928cb49534f7981d243b7f468be5a.jpg
0991,./images/0991/9cb3ff6fbcd44ac3bb22b9eea7b0448c.jpg,./images/0991/54929111a37145af9fbe9046e0ffbf13.jpg
0992,./images/0992/e567f94eb7b04b1e9196c4cc6d9cc678.jpg,./images/0992/cfdf361c0e6341c6899e7e087282069b.jpg
0992,./images/0992/655273aae29449569c94c68abd3fb7ac.jpg,./images/0992/54abec6e4cd448eb98bd2974f860e5a9.jpg
0992,./images/0992/fe2859e462e742d79d60cee752db5966.jpg,./images/0992/ae898142218445718fb37223af505014.jpg
0992,./images/0992/f4d092507d68466d875ee74eaa67838c.jpg,./images/0992/c7aedc3450d7436780265cc9d1f72186.jpg
0992,./images/0992/3c17f6821dd44de1b4a4190185c27160.jpg,./images/0992/83b2102f55e94348aa0d4f1034b40817.jpg
0992,./images/0992/e0a8be4a5d0b42d191d12bbc446e55a2.jpg,./images/0992/8398ab32ac5f44f18fd782b63d2515c0.jpg
0992,./images/0992/ebc46079f32b4487995ac53476285654.jpg,./images/0992/605f36df7bcc48d8a39433608f1aae7e.jpg
0992,./images/0992/efcc10767bd44943a4ab6fdc025b467c.jpg,./images/0992/4aab7873a74b497da178fd01af5652d8.jpg
0993,./images/0993/de704c12ef614766a3d9e23395d72efb.jpg,./images/0993/7c72bb71c10b40698fa0c13dd21a70a3.jpg
0993,./images/0993/fe55b38583944c26afca9a4f7c00e0db.jpg,./images/0993/75c73494b3ab4a17bc1b0246018e8358.jpg
0993,./images/0993/3e3be78021e8449bb375fceb889d4f55.jpg,./images/0993/9a470d6104d54b8ba8a3ba847ccce998.jpg
0993,./images/0993/bb1eb72de4f74515bc5b056858afcbc8.jpg,./images/0993/e95e54dec771445b8455c1c56f2125e1.jpg
0993,./images/0993/cd999046f90745a9b118415adcb8e34f.jpg,./images/0993/809e7f32b21a48d8ac278cee3ee77376.jpg
0993,./images/0993/17722936615b413eb3afcdea45cb7199.jpg,./images/0993/20f2ddb2b92b4383bb4d90bcbbe43df3.jpg
0993,./images/0993/ada1979fbda84f17af0df5000065902c.jpg,./images/0993/fdd1e7f9882d4bfdad593154dacf02f8.jpg
0993,./images/0993/2f901e2a70144829ad5298fdff7d8718.jpg,./images/0993/9761d4b2d1224cbe9b8e7cacef35c225.jpg
0994,./images/0994/77656d438ad440d9b12b3c04f359badb.jpg,./images/0994/07d40574a19d446ea4c5b11157bd800e.jpg
0994,./images/0994/5adce467c97946b397da38ab19678bbe.jpg,./images/0994/9eb5f27b78aa4d5db6f5ed9eddaabf84.jpg
0994,./images/0994/77352b581029415383d48de172c5394d.jpg,./images/0994/b5c328d86e3641f18f51cdff74d9efa5.jpg
0994,./images/0994/810c62bcad7c4e1f9cf816b3fa410cd8.jpg,./images/0994/e30c43a0fe4242dc80cfc156879c41f4.jpg
0994,./images/0994/eac9467bf0404def994ecd0bf406ac69.jpg,./images/0994/59deeff67b8e468ab11eec1b3d40aafe.jpg
0994,./images/0994/62d82af270e84b55b232a5d72a97dc32.jpg,./images/0994/6568002d569a4e658e279159a8aafc3e.jpg
0994,./images/0994/21f312514cc044c88ab2e45adc373254.jpg,./images/0994/80e5d4b958fc41f29bd3b1d7208f77a0.jpg
0994,./images/0994/fcdbe24e793749ab8c4b37cb33eb22be.jpg,./images/0994/2914e9ad896c4ab9afc0b1907f5551d2.jpg
0995,./images/0995/c97ee700401e40ba92e7474d889e0462.jpg,./images/0995/f7bd9ce6405642099499a5301e695d46.jpg
0995,./images/0995/df5f2cc401ea44978fde46a8510db9e2.jpg,./images/0995/2091aa40871d411e987567d39d0ea69d.jpg
0995,./images/0995/574c1d3259934ac886ea01e55964b119.jpg,./images/0995/1b1a1ac09f26467381c0407140d3fb1b.jpg
0995,./images/0995/5f36e17a99f44d3d803a73700869f6d0.jpg,./images/0995/dcbb5ed9ba974dc1b70771bbd5692d63.jpg
0995,./images/0995/adfb3c764f1b4b5986fd02f69b3a9589.jpg,./images/0995/fd1e638b286e41adb0870f161a2fd193.jpg
0995,./images/0995/aa821e70e15e4bcb80f2c0ea44383aa2.jpg,./images/0995/f6fb5d54dd8c4e2fb83b90c7623998c6.jpg
0995,./images/0995/7ab79023aa844c95baf31cb8386565d4.jpg,./images/0995/b37050b1db8b411b87c4ae5dd1a2bc5e.jpg
0995,./images/0995/0a6edc1ee981433bae036278ef5aa629.jpg,./images/0995/2f788d8cf74e434ca6c06e06810a972a.jpg
0996,./images/0996/762dfbbf44f2499d9247ae5f90724d23.jpg,./images/0996/2ff863c7909049ab8433c9044f6a2651.jpg
0996,./images/0996/aeaf709890044b668a6d4b698bfad341.jpg,./images/0996/b32c424b63b6434e8094da3691122585.jpg
0996,./images/0996/da64851106864a79b1dc30ab242e929d.jpg,./images/0996/4ca5cf1f2db043aa9b7b48af66ded39b.jpg
0996,./images/0996/9ec3a14c9dd241f59149eea6cda73575.jpg,./images/0996/f4741aa6aae343df8fb7ec42a28fb5e4.jpg
0996,./images/0996/17d91a75f3e0458b8a6c21ace295d5aa.jpg,./images/0996/ea69086af7684f2bbef350640d40d717.jpg
0996,./images/0996/b137568b55874a8aa1f0c64889c0c177.jpg,./images/0996/3c68b29a251344099b054e05d96742ae.jpg
0996,./images/0996/69f61774c37e4cf1b73a76f122251b04.jpg,./images/0996/5b88d99952844614b923daf43bf01bfc.jpg
0996,./images/0996/11fa65fee044471b81c5932793098c91.jpg,./images/0996/2f8db605f10d4de1bcef7ea1eddb07cf.jpg
0997,./images/0997/2790bbbf1c2649dfb1ab24cc38071943.jpg,./images/0997/3730f566a1ba419a992cc8eecc694f24.jpg
0997,./images/0997/6373fc8a6a7144a6bd13026bc4664e6f.jpg,./images/0997/f23b7ac3fa8c441c8d7336e7ccd828e4.jpg
0997,./images/0997/89e961a62a4e4f5099b6765b0dc719ad.jpg,./images/0997/d040568106374ce5bf595a138273df11.jpg
0997,./images/0997/90a755cdfbbb4a88ac8a74b3e3dc4483.jpg,./images/0997/7c836400d8ff467b84b0bbbeac2f597a.jpg
0997,./images/0997/6a1580b42b9641618e17ab15399bfc16.jpg,./images/0997/55ec348decd84d25a02dc4cc870831db.jpg
0997,./images/0997/7225f920c1054e968da0e33ee4e56318.jpg,./images/0997/181fbd16e2dc4ffe96d8c7ea3a4fa969.jpg
0997,./images/0997/4028fd77e54a433b91b38579a29aeb85.jpg,./images/0997/3cc6d26e96e445a8ba00d44445131a68.jpg
0997,./images/0997/5ca6668909dd4e368ad00563c4b3caba.jpg,./images/0997/785eeaf0b3b14826b6bf2cda4adc7abe.jpg
0998,./images/0998/4d915b5eeacd4cb8a05bb0706414aaf9.jpg,./images/0998/467bd7ce54e446ac890af1572a590b91.jpg
0998,./images/0998/ed10d6978a024c7690fa5db2f3d7efae.jpg,./images/0998/5d21603008484ab189d5d114b787f168.jpg
0998,./images/0998/05b8d98c46bb45bfb228f3da5bf768a6.jpg,./images/0998/85fc2162d58f4e1e96f97d33000bcad4.jpg
0998,./images/0998/313a0b8a4ba4454281027b25a2c5e301.jpg,./images/0998/9a819dd4ebdb48489d17813a3ea9e2c6.jpg
0998,./images/0998/0ce5b87ea6d94794938a507429d48753.jpg,./images/0998/2deb7bb46ee44f4593e81546f35e77dd.jpg
0998,./images/0998/ecd828db6a374a609845df77fff763aa.jpg,./images/0998/21c1abd0144249dca170c630c1563a1e.jpg
0998,./images/0998/b7e4326f40ed4498acf022aab664ec21.jpg,./images/0998/d9e7e2ab3a4541eea84f038e05af09d0.jpg
0999,./images/0999/a11b80b0b0d7420fb56eebf8e40c7690.jpg,./images/0999/4a6e8ea2524e4a779e6ab0928e623272.jpg
0999,./images/0999/a4676f786402485f843b6958a1bb0b37.jpg,./images/0999/75733e072c954bf1956e8bcbafa72975.jpg
0999,./images/0999/4710c25416214441981351b5122b0745.jpg,./images/0999/14294ac41687476f84c6cb3c20c73c31.jpg
0999,./images/0999/9e08b5c6f8ab4a7098a93fbdea1d0304.jpg,./images/0999/ba2652fe4bce40c0a9382ae182f5f662.jpg
0999,./images/0999/5f80035708b44f16ba3db12370924ad9.jpg,./images/0999/0502b1b542de4c6fb3cd3859b401ecf2.jpg
0999,./images/0999/8bff76b395d64238be5b0bc1358a2f5f.jpg,./images/0999/38424867231942b0bc02ec5671daa371.jpg
1000,./images/1000/c5a824bacace439b93591b99e5ce829d.jpg,./images/1000/656dd0e9a28b42569e9634642fbe58c3.jpg
1000,./images/1000/827e169413f04be0968d8ff01453866a.jpg,./images/1000/7eca9234e9b745149bf4c67859eed3f6.jpg
1000,./images/1000/7894dd542ae5417da0edce51e774b044.jpg,./images/1000/e1ab61eb97944ca1be54bc19b2574596.jpg
1000,./images/1000/cc284ba9f4c24723bb8d67b443137287.jpg,./images/1000/fc7f5780e9d14d81b761619ae8c955c1.jpg
1000,./images/1000/4414d7cc22274275a5d908b9ca9cd791.jpg,./images/1000/936b630f61d94be6ab8d6233ced4d8ca.jpg
1000,./images/1000/8ffe254a704b406a984e3b4646ddd7c7.jpg,./images/1000/8462959f3f024399b83fae747e3a3db1.jpg
1000,./images/1000/307a4c448c9d4fdf9596f52de2241687.jpg,./images/1000/b2b841cad05940a9b5da1a7323cc802d.jpg
1001,./images/1001/c9f2711f29454b649f3c88092f5125c4.jpg,./images/1001/259bbcaddb72460e8ac1b822047666e5.jpg
1001,./images/1001/9dbb200c7a3343d4b7e9235a36db3829.jpg,./images/1001/2948b713921c403e801e8400b0e58599.jpg
1001,./images/1001/5ff1d8de0bfd4532a30c7ce408bf55ec.jpg,./images/1001/751f09eb1dd842978ed82e9748f66093.jpg
1001,./images/1001/d4c40b2d500f4a2f86b8bec3e5017dd8.jpg,./images/1001/ae8eef3b6d504da8a86a23d4b06abab9.jpg
1001,./images/1001/ae80c48ba38643bea1def5103314e085.jpg,./images/1001/04cba0c3d1894edca64864e6fb2e524c.jpg
1001,./images/1001/bf3723a278e64b00b5d1f2e5ec9464f4.jpg,./images/1001/27971731df67447a8b4b0a37a0cf7170.jpg
1001,./images/1001/33872ac4960b4e628537b5f0f222733e.jpg,./images/1001/d85815eaf0fd465fa2e7cd37ef96fa1b.jpg
1001,./images/1001/5f7290bcb09f4376be2c6c8cea3eec87.jpg,./images/1001/0a4150d978bf4104b07be9b75a6ac438.jpg
1002,./images/1002/6b323f1dfefe424ea204fced55516f35.jpg,./images/1002/3d73fb414b664d6986c3e9cbafc6f6f5.jpg
1002,./images/1002/e029e4b0d1e64bc091ba3a437f388ada.jpg,./images/1002/9cce6362ea7441e7ac3de4faf4b640a1.jpg
1002,./images/1002/53865b1ec1814750956b7f3dce01caca.jpg,./images/1002/5a5fdcda5ca54209ad4729fdf0a7caa5.jpg
1002,./images/1002/cb311edc6f564f0ebfa3b7fb5213fb17.jpg,./images/1002/73da3047111a472c85126ed6d12579c0.jpg
1002,./images/1002/76a6d96c61f24ef8b1efb598adbeee5f.jpg,./images/1002/862f588b74a84dc4a47900cc1d339bb1.jpg
1002,./images/1002/93e9f5c1eed34098a1c4282af1505e34.jpg,./images/1002/6df9137c3ae74b6e80c29e2702735b71.jpg
1002,./images/1002/1c69db287e0f48268af56e469f481cf1.jpg,./images/1002/b850e3bfea674be58e331ecd259e12aa.jpg
1002,./images/1002/37b35009160d45fb81f57d8595fe9250.jpg,./images/1002/15c603d0f84b417ab43f4d7dae1d3da5.jpg
1002,./images/1002/a54da16c59914aef8770bb04423c88f5.jpg,./images/1002/9be72c26e3724a5a9bc9460f343f48a7.jpg
1002,./images/1002/6944920cc6184f26aabbf2f1753fbd5c.jpg,./images/1002/87e12f08be79488c9f8ae3c959e92959.jpg
1003,./images/1003/a3711585461d4044865f7d7c26e68a59.jpg,./images/1003/8c62f53b47314c9e9970ede34e789352.jpg
1003,./images/1003/9ede87a270eb4553a69993f7b8060d4c.jpg,./images/1003/2c3df23f80654140bed0448ee1e3a0f4.jpg
1003,./images/1003/bdaf40376ba6449badcfc568e09c5072.jpg,./images/1003/8b6653143ea94fd9aa1ebeab24263ca2.jpg
1003,./images/1003/17829cd46be34e91b5284867f2dc98a4.jpg,./images/1003/9aa38deb67c84c528e5a992093eb32af.jpg
1003,./images/1003/38d447a443e042eeb68db89bc1a869d2.jpg,./images/1003/1dac47cc42024181a0a2c065de1fd5ce.jpg
1003,./images/1003/6a6b7743a9554e8bbd736fae4d9fa106.jpg,./images/1003/1726c082ad4640b1bf4e691b53435176.jpg
1003,./images/1003/8bfbf97ac5b841a0b974fc2a71205017.jpg,./images/1003/2f01c56459ca407fa05c1989bc68b1dc.jpg
1003,./images/1003/41c1fa29767c4d3ea4ce745e916a2b2b.jpg,./images/1003/05542f470ec0423ca8967377ed4d7c1c.jpg
1004,./images/1004/8ef907555dfb4662b5d89af61e3a3a4f.jpg,./images/1004/823e4251977e42bcbd03dc2b10615799.jpg
1004,./images/1004/f116f57b2d0343d18e40cb8b6c87dc1c.jpg,./images/1004/0bd0d35b06d546b083d20331c847cf42.jpg
1004,./images/1004/afe1e1b50b014aa38a252b52546b66fe.jpg,./images/1004/5ffb4526b34a446a87e6bc5db19a2b2c.jpg
1004,./images/1004/2784b8de7a7f472cae6cefda2abf5488.jpg,./images/1004/3ef567ce65184293a007e5a39ca123ad.jpg
1004,./images/1004/1c69115103d641c7a6fd9569f9cb6d08.jpg,./images/1004/8cf6cd3d0ccc401d9f102c2726966f9a.jpg
1004,./images/1004/745a1c98ee64439a83efe6f7a3e096b2.jpg,./images/1004/6bba926c0d6a495fb4dce757c0bbb7a3.jpg
1004,./images/1004/d0a544ea883c4be182ba5920f90ce2bf.jpg,./images/1004/5e208e6645cd432e92067e6904f98e86.jpg
1005,./images/1005/39766a70da994548a025ef2bed875885.jpg,./images/1005/9a8c3d2aefa34b94a4e7cea6ec3ef2fa.jpg
1005,./images/1005/335eb5730c9a48fc9d5f7eca98919c3d.jpg,./images/1005/2e9f868d8cf046c0a0837f51f5f14767.jpg
1005,./images/1005/2fd0f5292bb1453c8b70cfcd3f431581.jpg,./images/1005/9ed89066788d4abba44d70a508ae222d.jpg
1005,./images/1005/10ebe8f4322f4afa8b14eb8191267bd8.jpg,./images/1005/031a283b755148f4af5120fe19b29de3.jpg
1005,./images/1005/f217e0b2c79445ed9fb50f5b328c2c60.jpg,./images/1005/b6e609bb8e6d4b49b567c9ba5b353ba4.jpg
1005,./images/1005/192b13e8c38d4b2eb5791f88d965b896.jpg,./images/1005/32d67d98db734bbb99f9ef69716209f6.jpg
1005,./images/1005/dd4424b3cc4e4d25b6edf7be67368a7c.jpg,./images/1005/40fb931ed9d94aff9af788ef1a56f0f2.jpg
1006,./images/1006/70fbf19e7c2243fa8751acd5420f24d7.jpg,./images/1006/4e5e06b4c2654b5a938e60a1d92ce5aa.jpg
1006,./images/1006/23f33143eb5d4c7ea742f765b8ab62de.jpg,./images/1006/5ec15ddbfcc04770ac639cf2cbe2f420.jpg
1006,./images/1006/f5636951362447ef92c7618e5ca7fd7a.jpg,./images/1006/c7353f84f9da43dcae3c08ab070192fa.jpg
1006,./images/1006/c4c0804d659144818e98feea309122da.jpg,./images/1006/075cda64ef3c47b4a713d41a9fde99c8.jpg
1006,./images/1006/57b7fa00f53b4de99c63f85fde14dee9.jpg,./images/1006/f398acdcface4e61b7a6ec9b297cfb42.jpg
1006,./images/1006/40aa481f938e4e869bda445ec4f3da80.jpg,./images/1006/9096dca29e7a420ba0c5f24e112ece1c.jpg
1007,./images/1007/39502c07947841b0bea20931d046bf53.jpg,./images/1007/c0f476a4e1b14e128e3c4d5dfbe03094.jpg
1007,./images/1007/8df3b708fa584975acd799e9ea27f86a.jpg,./images/1007/c07dd53e534349ffb0423fff037fc40e.jpg
1007,./images/1007/8f6da2324bc8463d9544c9d9fb4b5875.jpg,./images/1007/af16ab2b484947c0953fe25bcd45972d.jpg
1008,./images/1008/47e47cf96af345359f815064dfda37a2.jpg,./images/1008/cffe82bfd0b84c4bae29052622bf929b.jpg
1008,./images/1008/de7c17389d954753a484c37118d2f935.jpg,./images/1008/9d7a3fdc790c4d9ab49a6a0604f8fc73.jpg
1008,./images/1008/7164a4714dad4ec98107512b39fac6f1.jpg,./images/1008/aebd5201d7b94b63ba00553fc087aafd.jpg
1008,./images/1008/987432a29755437da53d30cfeb045705.jpg,./images/1008/1fec66f25eeb47e0af7b1b715402f97e.jpg
1008,./images/1008/48514cd0b464447fbfdd7ff56d4d818e.jpg,./images/1008/559923d3ba9744b58c3c88dd93870ea9.jpg
1008,./images/1008/fcd4b2100b5a4fd6a39457894b7bcc14.jpg,./images/1008/cc260c0798bf4bfc9ff3d205e09f2133.jpg
1008,./images/1008/f668850c53e24ae8a3d1db53a1abe15f.jpg,./images/1008/4046a4c15718405abd7cce4dffbc28d3.jpg
1008,./images/1008/a3221e4806a548c985741f0d5309c87f.jpg,./images/1008/ab21f0746b1e4755bc900571feddf8b8.jpg
1008,./images/1008/96309d35a537480db154b1867d74da11.jpg,./images/1008/24b2ad2a09c345359264d599ce9627f5.jpg
1009,./images/1009/f10d13ea211949bd8b3d9d484d8e4779.jpg,./images/1009/09df1d923a1d4248b0226b3fe3f8c92c.jpg
1009,./images/1009/2bcef327dcb543c78bc9f44f4ef8b68b.jpg,./images/1009/915bd12a70a4419c902651f4c9d1cc29.jpg
1009,./images/1009/b7331fe411dc497d9ff4ac6ecfde5450.jpg,./images/1009/a26be7713c5d43ccad6133d284dd22bf.jpg
1009,./images/1009/55f4c321c0f144a1a05fa2074fc11b5d.jpg,./images/1009/521686333c244c079230beb74f01b77d.jpg
1009,./images/1009/160a2b287c79485ead5c2b837b82e235.jpg,./images/1009/ffde854c059145489d3170f6c2ebf95a.jpg
1009,./images/1009/ee15688958d249ce925d7eb948992fe8.jpg,./images/1009/ca311d185bcc4a21b59efbb9405e88e2.jpg
1010,./images/1010/7b4166a2d9dd49b4b693d1d51624a781.jpg,./images/1010/a14950d3e7ac43299fe33d632fee59b6.jpg
1010,./images/1010/48e178638db9416aa97d29e7ae03413e.jpg,./images/1010/0bfe381e40b54b61b51c61a787679249.jpg
1010,./images/1010/3ea7365447604746b4237ba2312a45b7.jpg,./images/1010/64e7b04b9c79499fbda8370f2c43653a.jpg
1010,./images/1010/42b8ad7261094f82b9762d46cc97b6ff.jpg,./images/1010/142dbc6316e048a3837b9a91163b255e.jpg
1010,./images/1010/0984e1dfcc564feebcdd7d26e2306a9b.jpg,./images/1010/43be34dd371543b79b4d6d2cf27be2f2.jpg
1010,./images/1010/b997e4e16e3b4d4b93fb52581f9a562f.jpg,./images/1010/e82f5e4dbc65468a897f09ff02939166.jpg
1010,./images/1010/6bc9c8581eac493dad9bebf30ab6aee8.jpg,./images/1010/c50fdefdde65404882aa083b9ef0403d.jpg
1010,./images/1010/e5d47e96e0384e438903c59b08305d7f.jpg,./images/1010/947fe14a8d9d446aac4d35eb1362fa13.jpg
1010,./images/1010/ff4192ee5a164de684149d92659c9e97.jpg,./images/1010/4db8495acf8c406fb71b17d5b718cb6c.jpg
1010,./images/1010/3f0f5632918d4c12a298425dba726ec1.jpg,./images/1010/fa38a73122f34856a578a6f9f275cf8a.jpg
